OFF
4999 9994 0
0.042696764245598484 0.59729647828524113 0.15676151295654925
0.050874116784966769 0.59988297665551704 0.14969162574609945
0.032355085224096858 0.55402890000717975 0.15007170141158477
0.032763870190857865 0.54640319346606137 0.14903520289480857
0.025244936444371972 0.54401491830515591 0.16017166989025264
0.022980208051878032 0.55923181571057778 0.16098807048425662
0.021446599112660125 0.55187320244425009 0.16681408286267535
0.02793280445426493 0.54335178183214805 0.15108741391037275
0.042415034065803749 0.50323303326648616 0.12369593811063641
0.02868602039223065 0.5193311288040442 0.14694666171007389
0.033952886870661697 0.51778163297619906 0.14370519208239174
0.042715957542518716 0.5207506263351015 0.13833354875091994
0.027158943625494016 0.48916870140554036 0.12849402040840416
0.053303439795168293 0.57948380843750202 0.14451421374081502
0.027265353521655183 0.57779786278449197 0.15347903580162359
0.045590839231227767 0.61359255509985566 0.15297910283551705
0.057517094266122469 0.60994800607582056 0.141731689713022
0.052542482023150559 0.5136691062125478 0.1119500839379719
0.064793813444120163 0.5360577644936908 0.09293430485313138
0.049651632801709381 0.49296711938135696 0.082849497466148517
0.061640628950066299 0.58268183105377302 0.13337302906524556
0.051433303007006798 0.63109442256805293 0.14282740116367945
0.074134215261576375 0.64308749124369746 0.096532261745671796
0.06486796569839838 0.53578446162283788 0.079513170210304532
0.060690520430457716 0.52463968828460905 0.087403732152307637
0.060749309982789372 0.66369464060775252 0.098804590845034415
0.077169336786338735 0.62540127135213941 0.061157946987121174
0.056253562433569076 0.57251793196109846 0.035225040787172687
0.057257541215122151 0.59202420865179473 0.14258960185992395
0.077920697909896239 0.6224177620543897 0.098958117059370951
0.066665159893852022 0.54973831106033477 0.062741434305100569
0.060405967706998139 0.54897275657434885 0.052113488872914233
0.048345964424446601 0.50052976223259416 0.02206489062820461
0.057573141918893997 0.5010354814132133 0.034463851163353994
0.07284616762119217 0.57081682521640364 0.056210027942807383
0.069102748924785851 0.5602721246613015 0.058768179910278578
0.064319424498179595 0.56557511969864127 0.047194037197562086
0.027398174362108084 0.56310160371906026 0.15270412659949142
0.027899740371334955 0.58997697740969623 0.16307949469573466
0.02807110909383791 0.5832419043609649 0.16096174018406964
0.051642574458722203 0.53125734351688647 0.13141728855993745
0.046952756871523942 0.6518406023686234 0.13333452150524794
0.043131718224337118 0.67344741605462954 0.10558196172668474
0.054705598843713323 0.65457137304222057 0.040134411949436344
0.037466510190704627 0.51436780673573146 0.026448321100593867
0.032640605676812741 0.6333475382094691 0.15358812711426628
0.064844861162399806 0.62087915318067988 0.12968434755490935
0.057077866149834393 0.56977595175694706 0.137362654213323
0.065524932897396027 0.54173156112447463 0.10459181340908905
0.072924553690967647 0.62628908230086155 0.11296730851372305
0.062065179839297616 0.64702131067131752 0.11910964739285607
0.033600633421300458 0.66812337290596102 0.12345628399247259
0.077606831054375727 0.63803417035453136 0.072828580371119958
0.069961447351708797 0.65758407550587417 0.077438056269003519
0.07958031326271936 0.62763253244117978 0.08498987264918377
0.025176913142051487 0.53835684727479005 0.15250906867123071
0.023926123078041744 0.48895805900404499 0.11646498446206015
0.013445272492841602 0.51974830075769507 0.15299496956311823
0.034469613971573429 0.53291724112407601 0.14766052332494245
0.058665950181781952 0.50981415671933139 0.078212622733690645
0.049636108811553295 0.55303907426600285 0.038397055679675579
0.034743158774740442 0.55046193061187287 0.029258425412196708
0.029481211586696636 0.52470823577361014 0.14897598996092729
0.022285741344191479 0.54332799182125946 0.1630165721330368
0.015878043038519248 0.54663778716665479 0.17078568405335087
0.020917251209361585 0.48070469939599014 0.10164344477996555
0.034554330603568328 0.60258818314792195 0.16004810296081493
0.024008097810476688 0.60166263075819681 0.16248909920517274
0.043602034642989694 0.53173572434601013 0.14159844549101933
0.035625082703818998 0.52402719630935746 0.14545938280901019
0.04920716281861541 0.58869909092650508 0.15303019087584904
0.04077545877300038 0.58699411326478423 0.15862386758860633
0.021348172982864854 0.57585224311432481 0.15842286215762341
0.052524982252429041 0.55976301842828458 0.14166384785993699
0.070867362901937736 0.55965326180177799 0.068829721473053551
0.073540956905297619 0.56666365382397976 0.066067721369908419
0.080132443125597599 0.596055204225587 0.081929247426307805
0.078081542576735039 0.60295277514530343 0.091803714827187979
0.072765281584170741 0.59188090407772997 0.10777782005375862
0.068254332621213179 0.54704141091071468 0.092238023653088974
0.068962952369275882 0.55435760537796652 0.079968144088036791
0.069566291238643232 0.55063281546974763 0.084972634971802685
0.075708791405985604 0.59734139705156319 0.099181178652991198
0.058470347905814554 0.66647186228566113 0.059296983465870319
0.079939179528666679 0.61708218679874804 0.074974701446615707
0.035459963899430902 0.65155334806765597 0.028300796829824282
0.070642607782118602 0.62074423559350456 0.04396462386353378
0.077830215224414842 0.60013676365303081 0.063681885693170445
0.055658892805457896 0.63324737823142263 0.029690476203165898
0.072256014062944435 0.58062024516103672 0.1021887198939436
0.068947549345276846 0.58397229801729855 0.044848644539334695
0.076006448796460138 0.58020323449559552 0.057142132666039923
0.05532369558424214 0.5889292492013396 0.028129286980138075
0.037364576042354623 0.58844264267353608 0.018430361634179368
0.067409908200823515 0.54474248941782488 0.085398496327735454
0.070538536564993967 0.57008691542469825 0.11117529570199695
0.042018507002958151 0.55362688914521396 0.14658958977545625
0.041805969465002112 0.50075492057293691 0.10653499359508899
0.049680180814775744 0.54456281435253706 0.1409572038924396
0.015223737094976993 0.56634212577851195 0.16316830401604354
0.070464021412244365 0.56142646437608124 0.10186981278187875
0.068707108947092171 0.55285456055443261 0.09966373281453314
0.012184885780371845 0.66557259987407047 0.13089257769265969
0.025922669500331778 0.68287156677482441 0.08977940667185251
0.030760428697615447 0.53899030671726555 0.14905552520919477
0.015087851778545104 0.49718085449641586 0.14645763585912902
0.020836647426706701 0.54461474915596852 0.16747344922378812
0.025486788114389029 0.55110700280542646 0.15950536813613522
0.034521468130900256 0.58139547693958749 0.15568866410957621
0.03424368951223597 0.59251831508133612 0.16144802413545439
0.070049470391996743 0.64320934448591027 0.052421045327241511
0.038305087913503025 0.56919402389737939 0.026268242814782475
0.029749070980481712 0.50121394681693054 0.015697090993336296
0.023371130349446458 0.51980007427291708 0.15075161185837177
0.024255634889875689 0.54676068878222872 0.16389559287434585
0.032073596976616187 0.61629332616650168 0.15892450881095491
0.033822203098983636 0.58584090256747035 0.16143864925828222
0.021349221356226092 0.56770702725068234 0.15949321103735054
0.038826613338644789 0.54262985580680878 0.14682561490890825
0.051214999415564427 0.51586278714879452 0.039267165247414582
0.017384474914450814 0.5409456843241025 0.16434411522370151
0.050747465218523968 0.50867562324907434 0.093669093613171592
0.059803878821253771 0.53509818029177914 0.11885450960658855
0.061432083295293309 0.53334546132007166 0.058868722947822485
0.025804203310516725 0.65207979278318506 0.14392660047186559
0.0641715635321988 0.60422275850623353 0.034318701855393909
0.07313156710775108 0.60184133809422813 0.048973409045875341
0.04781956003096996 0.61309514226202122 0.020587016845852516
0.037213328023976096 0.67133300827330999 0.047243996220428276
0.07363494760933384 0.57960566167971472 0.089642150405640775
0.059930893286167686 0.49716529018420735 0.067705925712931686
0.065296750403126894 0.56719606620325724 0.12648519592117249
0.066759957038935419 0.55347487500784076 0.11389348589525977
0.060478265146868215 0.5521017478369904 0.1316692610650953
0.075851612115422115 0.59149873166552225 0.056494963725764229
0.068757430868429434 0.58533542531916527 0.11935109584234953
0.02511905099692394 0.60384856986039182 0.013712852877527302
0.070078784524057844 0.55308641235546596 0.09069874946551533
0.0371761107696537 0.50974101251636184 0.13759333667483808
0.060720641003565917 0.52555306341452346 0.10341120387720099
0.027775548450085806 0.54868566356159088 0.15396612619405536
0.051879264906038093 0.53302683646237314 0.044896889874975858
0.03018829909676983 0.48495407920532974 0.097111548510810344
0.037447599148150601 0.5328892576197426 0.030957999918902218
0.025877912022219146 0.54291896492218428 0.15668234060675282
0.036230679608118183 0.56482706498337665 0.1478087875114468
0.016327714566366926 0.53885369560389151 0.16036555847899514
0.048410157131793571 0.51770550494135548 0.12686021116908749
0.046773726959073954 0.56998465869992943 0.14507313786951484
0.025422514762937335 0.57180818319557003 0.15172853454279536
0.030516198026509532 0.57140560782487126 0.14835902223786443
0.036113261791664408 0.57440750397849416 0.14927816342126538
0.080352722497605444 0.58937246920081066 0.086738377966420324
0.079229350119033329 0.59366467102974985 0.086567110049048379
0.082644990851856906 0.59399958599659897 0.083614487443401497
0.077046112594346058 0.59458191707669017 0.091348821593560475
0.084778591930096875 0.59121728374009386 0.081724975909084285
0.073881758891790425 0.562873864767367 0.086115765156027937
0.087862866036678242 0.58723451334091659 0.076655727809238475
0.089108494877986569 0.58177789128410939 0.071786638377275946
0.088094314617188196 0.57488983636874835 0.070908061178542703
0.087126585360700962 0.57171237799917773 0.071885729820935065
0.079791237918581073 0.59476747916162165 0.076922800923002729
0.082565798341034322 0.59171187403426362 0.085263135197984327
0.073778050573136855 0.58811119540318912 0.095841121607304569
0.072623751180409604 0.56864709557925486 0.088460129601920331
0.073795953564381928 0.57204398655773392 0.084514697423222443
0.073910064972542572 0.57577329253581633 0.084435363785216683
0.073044995661347881 0.5741642007145924 0.089168205002276332
0.073286282822631985 0.55765683634564522 0.087532258694184864
0.070791396155303554 0.55976963124487056 0.093669093613171592
0.076652972583898235 0.56911507331887112 0.072128549220208601
0.084944436531427303 0.56521060834536452 0.073401798667379087
0.074887834420065816 0.58481244830013879 0.089773620457339817
0.072291134570544521 0.5541290599852261 0.085159870421906675
0.080555703709153534 0.5911450266222763 0.074208683257027577
0.085268948408769404 0.58990230096873741 0.074889440466913926
0.072141136535788838 0.56037325236860436 0.077143302066298547
0.077770457942826721 0.56143154495467784 0.075620217182744934
0.083377158678494226 0.56177016955034353 0.075272782218639839
0.080191111711772123 0.56540278324688187 0.073037831661809077
0.086135308025639373 0.56858741894177145 0.072714549607063902
0.082138505552242877 0.56995288492267482 0.072224676993019696
0.078414562407123509 0.57350195132673643 0.071937604141288011
0.083549333842044146 0.57414371711199685 0.071425010050742505
0.080635863949232681 0.58216014434042174 0.071783654545401768
0.084546336908539993 0.57821438958530513 0.071086304810971918
0.08879224902137707 0.57835398453055342 0.070993564090558597
0.087301099203287547 0.58632275109309628 0.072600438198903133
0.085155038610870287 0.58267989559526001 0.071487347943681251
0.083453367357442507 0.57218535567328588 0.075955071666515619
0.081313758293401858 0.56155880135190583 0.079857661664587812
0.079195882815579849 0.55580089291991219 0.080987687181798163
0.078694800670981335 0.57050521639581486 0.077966638053307238
0.078149283624689106 0.56541431535385489 0.080979300194908677
0.074088611020364403 0.5726960747883969 0.079847177930975843
0.074216835146849056 0.56911604104812752 0.082875847927361565
0.087439524809017496 0.58003734957221265 0.074857162664004773
0.086353692261186596 0.58965472356728621 0.079014971092449232
0.084387266412004863 0.58389963767895747 0.078631851112011208
0.07865818824744418 0.58715394988031411 0.087075470324096779
0.026905559848503749 0.46455192715544058 0.085682545025540555
0.081646939411999783 0.58951133834911662 0.083570113024786424
0.088948174397828539 0.5841844726567833 0.074631742230321874
0.086985861397986849 0.57541595850785854 0.074099007274625719
0.07172231137799169 0.57069585905934272 0.096747339572926139
0.078224806828747329 0.57577627636769069 0.077242978179716718
0.082738739623579124 0.57791705477124933 0.076738912203243984
0.075239886259165278 0.58214361229895684 0.085299485528181146
0.064329343723058638 0.45047114389713444 0.058274960565889135
0.068713520153416391 0.42335512819805193 0.078958338769918618
0.074780739049014472 0.40775702610967879 0.079446376730580776
0.1294429664237404 0.36900100162536009 0.078060669079395906
0.10424672395926657 0.44752029546179128 0.048734037182078103
0.11668285134617279 0.26460454682635948 0.0063285242223108749
0.11370716452657965 0.25015755868857775 0.010008324800616187
0.18037975873740977 0.25111383648219643 0.026466133367220982
0.10625649601472845 0.18195958123720976 0.012659751755694525
0.18146809125248661 0.37979368280243719 0.065302227367000962
0.12562761318593538 0.29413569217321495 0.007301676794839642
0.12813282229866632 0.30100874728510035 0.0057867873684268999
0.12891349755428502 0.29896659662159841 -0.0011050880613946682
0.11972321473774111 0.27373773361677056 -0.0011931715847611809
0.11949164519107412 0.27755736099212519 0.0077240301322177018
0.10318710074546543 0.36037563076229073 0.085811474787941378
0.072539437768938078 0.16668986194320465 0.077851236339471122
0.075336255964290486 0.30021045129260321 0.089148709289963296
0.13651638181377107 0.34544760053993023 0.063687349331264312
0.10826844546101753 0.16289700841061297 0.025167954811182891
0.13523962434804576 0.34794748714175033 0.012966884828472152
0.05483749227696199 0.37592300770880283 0.092466790817117284
0.037045023777452044 0.40194371517775146 0.084727134156047587
0.04769343265120779 0.43985055723950273 0.071397752343351384
0.12318885481548314 0.33898252395375877 0.070600766817555755
0.12169355182600124 0.40449723010920208 -0.038050521348365278
0.11771707166699101 0.43554101692805153 0.059431175256103114
0.1456729553945473 0.34574243538673988 -0.015035722077248907
0.14280242848749242 0.34169885933261329 -0.013394614546456208
0.10771885588743747 0.28388840707627305 -0.040950432951072847
0.11625672789689967 0.29558567317585138 -0.038372714707696966
0.10316714132955038 0.41963001571341429 -0.043119769448211158
0.13039339751976789 0.30263816142071054 -0.016843500811445339
0.12839233502761424 0.29693823610000153 -0.009328417820959202
0.12628103204432589 0.29164209581156181 -0.0018923257310338351
0.13779354250001985 0.32393772106778207 -0.0024648182303506601
0.13910606562618291 0.32629470631606106 -0.0092399109160429989
0.096754241479124647 0.47183352530177292 0.029149424824171811
0.14428466713201177 0.34722677077798175 -0.016388426128582267
0.14574472864773663 0.35121994426666631 -0.019031506418823393
0.14062802149227066 0.34418390741916738 -0.024795957103811272
0.13711298690039536 0.33400823428720561 -0.026122068761617406
0.12815628973313603 0.31270480372310822 -0.031643700047331753
0.13280384980946774 0.33938856702095982 0.032744831346900899
0.13368069315994976 0.33366678714787512 0.036391335990475213
0.13282977688913114 0.33485459416610824 0.028005165622480552
0.16246854179371842 0.3330050216246474 -0.025228945382497633
0.1354047028303815 0.3131246369322141 0.016705505200648237
0.13582848760061822 0.30624561415658036 0.012300814926155571
0.13346275246697842 0.31336584344939361 0.0082959682033147096
0.13372847479198877 0.45030074290388805 0.037721963718144944
0.13654767172639753 0.32953192196721987 -0.0058110848720997954
0.13815418293627077 0.3236194994306073 -0.01113864611983611
0.13522010847470659 0.32140936709700019 -0.0039342848647870455
0.19455529881874695 0.24199685915683147 0.02181917812167471
0.13764483477093972 0.2905435618172395 -0.012204085789689132
0.13608433102280193 0.29978126336735123 -0.01141499330564171
0.096501220600605619 0.27119728303028251 -0.043802683887898403
0.084667343387653068 0.20025208350795709 -0.023278749159388181
0.086099985907777676 0.1759380472269283 -0.027060272195268558
0.11521242706299301 0.065255626398310965 0.00047716943398789233
0.04929498424864158 0.47860424304478494 -0.0034222653634875758
0.11129393001526743 0.087397836295468739 0.0020352841005237933
0.077755740393717646 0.48459424521012584 0.019614801761041082
0.077958237740637551 0.47452203846450347 0.039301378508836554
0.1169426866515396 0.059609571339546419 0.028260646146193086
0.066976526782126747 0.48336240651072249 0.0066335101458007287
0.039704505062488016 0.49034070217925091 0.0079308721802787679
0.075113154048617861 -0.02360280617032344 -0.05679483221573501
0.028358887581485599 -0.023730223855760905 -0.06660558069338339
0.043619856990130081 -0.02603293562157202 -0.060409457236667179
0.098736513894881403 0.15797433097107255 -0.016828541330022127
0.12933441945880447 -0.071270165513003525 0.012897258724570444
0.10963330661113552 -0.058905085582344356 -0.043273920654359088
0.025813195128191666 0.13138927605738257 0.097221647874761896
0.0024479165780174989 0.031745178348780559 0.081495402304008924
0.033547851854769474 -0.032029792535813131 -0.053023455216278111
0.02278323482613057 -0.033173890449294995 -0.046254597327930962
0.1224605982279242 -0.083790969209852489 0.031992724265374813
0.06513820409327252 -0.084054110923512268 0.056791774353139382
0.08893232783125346 -0.071723143449144211 0.059823105604980414
0.015488370724573795 -0.026963891166312474 0.057633194780628665
0.0096565519706161389 -0.032839620635283388 0.053428975669925279
0.031796786087208366 -0.0041393111771743955 -0.077869903876584254
0.046287644617950895 0.17064101985333688 -0.046809620298065575
0.052523812912910882 0.41006804421827475 -0.047391306225319028
0.043584454228163615 -0.05519493257912992 -0.051279385324800413
0.10511046264273365 -0.08261287980623655 -0.051304188427254441
0.13012944936506093 -0.080597543307549688 -0.0085024911420867304
0.087540370261953979 -0.11412355566928875 0.050559335848022212
0.08911301094785018 -0.092982098789495649 0.055543746349715963
0.028924162433431117 -0.084467250671927466 0.03223445496923491
0.054987530633769828 0.01681795456746717 0.07263301841720475
0.011627977754289779 0.14360984175240629 0.10206771341483033
0.033562327471564499 0.15020273924453878 0.096903002856037312
0.06029725945385276 0.27894943952758189 0.087330144406762303
0.10730027266195459 0.063126218813515877 0.051340857866740218
0.015153697690038593 -0.078043584833523194 -0.026205353960753828
0.011077622061715028 -0.069816716813864768 -0.018206537388694311
0.015260147908252333 -0.063556597219806749 -0.026857260742181133
0.10937052779594689 0.081964359096712458 0.043002600177454747
0.10359870825589133 0.15503985328898481 0.048149004524479261
0.11031491058412121 0.25279687894743691 0.026235340020061993
0.1256403146324267 -0.055347390259079053 -0.01985176784934017
0.12240971179785409 -0.077895602901385433 -0.033171079229461033
0.081558230896821959 -0.15395073547438146 0.038811142996321137
0.024004065605241483 -0.12205139534869269 -0.0034291100318746162
0.027328739787955178 -0.13816352296046983 -0.01312623096599045
0.035075009265610753 -0.16987472038987669 -0.017837671253763315
0.10854953048797453 -0.10135529553714549 0.044552237132483248
0.10993269784986122 -0.12477894025810164 0.03792369494607007
0.12063332378141493 -0.14176742735573258 0.021472045572962284
0.084084730053195486 -0.08798732552034691 -0.061937950315492735
0.019515132482868919 -0.085751669327599908 0.018126867626626787
0.039213463108925602 -0.11300933639660082 -0.055632740586390332
0.029510283786443558 -0.12677109157668487 -0.043160383835444356
0.11410691735361364 -0.12957686126765983 -0.052731861254426297
0.12943236172397138 -0.1392493958303532 -0.0095117521124980699
0.11563173608541835 -0.19602913578442976 0.0049740560811871309
0.12545830088810253 -0.18024889898557525 -0.010939404778643741
0.12371481566638387 -0.17237980853645055 -0.041179220276127332
0.11396849174788354 -0.17461623084819217 -0.061696068403936405
0.10212247759717265 -0.16347956224248641 -0.07174045293343477
0.086935015289968803 -0.17257996720433397 -0.079519751212224613
0.053721458511918251 -0.17591435900166497 -0.068163685279406139
0.074508726483836843 -0.23988331928013196 -0.085927111820708391
0.085508864620273323 -0.22627466693283455 -0.085555609631604773
0.11210375811473752 -0.2515079653634214 -0.079860800171288146
0.123365908947368 -0.25218311780803054 -0.067803518627270437
0.11652051476339709 -0.23865974660146116 -0.069787943232571564
0.13109983987700338 -0.26296531525149569 -0.058386010965200824
0.12771242458082738 -0.26084421400948543 -0.041192576955969479
0.12024623207882003 -0.27566482628437583 -0.029123279440350369
0.051775395299175145 -0.27025098592511587 -0.06068166637184999
0.068758277631528947 -0.27079569653036106 -0.0083694989329113796
0.063728948363513116 -0.27638957485337995 -0.028043686730121233
0.12306587255580456 -0.2016078530157637 -0.013049790435241067
0.11845548941174293 -0.19195781815828381 -0.05668726810082516
0.062089534358919236 -0.19681073844725258 -0.075389901086830857
0.037760014409786616 -0.18934680398017698 -0.034527382023966977
0.08977832481168517 -0.23851220821189911 0.0068057659534554067
0.12548285701798584 -0.23271865508562511 -0.054840709632777623
0.11695518648776923 -0.22333228612848552 -0.064787277903522664
0.12875015292020037 -0.24764253213659312 -0.054074787208063906
0.0893498626833754 -0.21085111900910034 -0.083673708884669296
0.058910180852887947 -0.2374511737262657 -0.078643391726370845
0.048491446389338465 -0.24314029273694393 -0.066180414892853645
0.10026254228825685 -0.28195103424630652 -0.0053462421720540708
0.071032723638640063 -0.29467602881627408 -0.027196288558370453
0.082625999165198319 -0.29495699287707428 -0.011373128934785552
0.10057011890361026 -0.26171702515473205 -0.089960385590458644
0.11405066809058026 -0.27261551139718504 -0.086028914922388192
0.12920538889127289 -0.27512886556449134 -0.046461116799573161
0.1064433484053353 -0.30201061013939928 -0.015962443806492362
0.11750602604497208 -0.29360729281864129 -0.025407239417492289
0.061468413464463877 -0.3042694515122496 -0.071390437357979092
0.079619748229921281 -0.28109685188924738 -0.091620404163805194
0.1020666718767153 -0.29589331125477797 -0.10094316508335686
0.1148269079204399 -0.28877356582659286 -0.091779903082146522
0.134260524272795 -0.3085342343455883 -0.064819399458478866
0.13106600967507867 -0.31076815669008406 -0.04675948990647693
0.13230909822708881 -0.29317770167286578 -0.056997752944204651
0.11723526346341752 -0.35239630080252543 -0.030160896894079397
0.12352602781726425 -0.33420327303493463 -0.034036168701681961
0.11488106043675089 -0.30930281298550072 -0.024769576401058906
0.12381594337368669 -0.31853603878780118 -0.033424241235163299
0.099364045995660913 -0.44386367096357066 -0.038653910620298083
0.06501207671351017 -0.32388721867770354 -0.077460710649043085
0.079414670271650542 -0.31888772772842955 -0.1010783548443855
0.13594082483847536 -0.34122047948398426 -0.080921733851790648
0.13818894054539962 -0.36004190627648031 -0.077617654157316501
0.058623571704758466 -0.39606621251897162 -0.078164149013378328
0.077068692943664113 -0.35929550476536221 -0.10927931090515031
0.13571002141080316 -0.40992510352317557 -0.076092643895762993
0.13033626117158276 -0.38733931072807559 -0.042435131240785816
0.11955571693226416 -0.40251110791793998 -0.035516592853845445
0.11458078211287337 -0.38557610802275616 -0.031145692459225171
0.10261928560422173 -0.39841446804291603 -0.032222079566292194
0.066111336504774937 -0.46524708031851159 -0.08559295793259733
0.074782190642899302 -0.41500699258643431 -0.1101384856363166
0.12819471664902915 -0.46349077268414463 -0.068517178631877312
0.1263492166348559 -0.45797046194564484 -0.086015316310231946
0.12120880011260575 -0.46942105788994976 -0.052309875855775921
0.1093402459346294 -0.47466298517900007 -0.044941781866888422
0.10493695685145601 -0.50133122448669554 -0.047533925324493811
0.091766282636823696 -0.50870789195196475 -0.047692743808201668
0.067026324516783434 -0.48140164689039089 -0.084305762095568976
0.073863170425655308 -0.48152787507528394 -0.099065770325771893
0.088266167204319304 -0.49182336518581454 -0.10547614752779737
0.10305484441374561 -0.50172541287050454 -0.10172492903438903
0.11728320638366597 -0.49371390493246686 -0.091018486646783303
0.12298764777423853 -0.49300871255885426 -0.072102731453062507
0.11748788112141299 -0.50229052643424066 -0.057884429835204407
0.12020828902755534 -0.50811867588143422 -0.073503232257204551
0.11782227190158166 -0.4871936274566232 -0.053868010683337957
0.10413938665590113 -0.4876673510886998 -0.045779472504535061
0.0054343089025105356 -0.046280049380161489 -0.0047020973857048532
0.0011589012083767325 -0.040136621805614787 0.0092985961961138206
0.03139566231039443 -0.12181192267976448 0.012923115240642213
0.034483807334001984 -0.14064905491165219 0.0051401728563710012
0.039516886552886633 -0.1861785390385429 -0.011584345925526957
0.041526577964243791 -0.20603239182052741 -0.023811605081241392
0.046043212336583206 -0.23572631729273447 -0.048110591156229239
0.049299056775929238 -0.25490413054495814 -0.053629939205729039
0.065124494595472149 -0.31808725434510537 -0.055875932964648149
0.069245811566536628 -0.35531638351192291 -0.054998797279286575
0.059405617910157006 -0.41410466569886478 -0.07653376210825516
0.065381708967435892 -0.39441659703513227 -0.05920111621327289
0.06420946626141133 -0.45105482674647385 -0.072863084394294883
0.06980858645123611 -0.48720489747025608 -0.06536858581153529
0.050786617931359378 -0.028985155006695278 0.061700560845643952
0.039555394112884286 -0.028744633964405877 0.057126830447171768
0.00078682947028356042 -0.040583672400059598 0.035017059641132581
0.11127630927838869 -0.25184175131280467 -0.011780452227148817
0.1252200378807449 -0.22845423515075761 -0.038350971040965263
0.12350445551925499 -0.21233222863615375 -0.049180113433883073
0.10118418343890383 -0.20462357963334413 -0.07743414345679861
0.042367494366078798 -0.21197416881125344 -0.0452764851429628
0.062532673714285683 -0.23545595793170335 0.00033279632553573005
0.12668126873598809 -0.28787555339862531 -0.039911142132171153
0.12436371845491086 -0.30275003593546024 -0.035517358972840161
0.12332510303038606 -0.26645155989799041 -0.074128027498680582
0.13207817383325937 -0.27750689892409908 -0.062664221041973209
0.082132860464913512 -0.26043365487242065 -0.089968243350411051
0.056589243519413114 -0.28730685117222959 -0.06633430400566126
0.057765236176306668 -0.28045129583106576 -0.050054315689935916
0.086303491306006466 -0.36843316730358466 -0.03740690074869666
0.10688797967663864 -0.33930207719915562 -0.02659427023621767
0.096451826086472403 -0.35380267350554145 -0.029724773575822549
0.13879546485690286 -0.35643310275185663 -0.05924947243455797
0.13152467302060111 -0.35850495060691706 -0.040933900909607857
0.11253903466989507 -0.32464753129688367 -0.10600448989991525
0.10144119620060579 -0.33827442937287105 -0.11228318283933858
0.063462500241560305 -0.20189163962022857 0.014260214657714754
0.095614861245768165 0.28925535288864573 0.064464939949877814
0.10814336645461656 0.2967497708273007 0.051256322683980823
0.13142757751853371 0.34257215434248811 0.047848665717523227
0.13094129356714901 0.34495204251650408 0.042514804149106654
0.024268094404052958 0.25211035568406404 0.09919833568626768
0.022477150126714175 0.033598057298534587 0.079354321485057444
-0.0018990627590439284 -0.036573765259648221 0.056715222936745913
0.0058384971553033316 -0.031819795287155395 0.063625394497822951
-0.0052280110793072624 -0.040941087072122101 0.035054418022638235
0.036652932140365295 0.42864102668519394 -0.034931933175230918
-0.002204078924073045 -0.039936221205417358 0.022661374748671869
0.014767896293119226 -0.051722720006854281 0.030965993765781383
0.023398347734785167 -0.05661511558507723 0.039239605124630865
0.129428208552579 -0.049725286499412671 0.0043919467723839423
0.072522421862844841 -0.045052323530098234 -0.055688858802753496
0.16329365195103077 0.24932313413717175 -0.034220097743493057
0.049806469482747369 0.32518068865363509 -0.063678436584567497
0.082242939667838993 0.4638787101693444 0.042634056618942519
0.14212094548066367 0.42535179558649899 -0.0089954584736491074
0.035124081203325178 0.2113945181671496 -0.047773539120605259
0.041714760982578251 0.32995207775274465 0.10196382364694122
0.16716255287436144 0.29675864167881849 -0.03314742026524254
0.11422163359255953 -0.034392180939107481 -0.034214775232582366
0.10526933152900685 0.16506939930321704 0.00062088730908932757
0.097822332323920014 0.18432196964050421 -0.0098298628640289386
0.10250654514584101 0.23197739365568767 -0.013136815504733283
0.10998717294259087 0.27169590552968753 -0.030798660715643647
0.1178118284900221 0.27737736335041863 -0.020515529314159443
0.1170897008544209 0.28382018216369076 -0.029154801204777831
0.13086718163492295 0.30849510081328463 -0.023204536422031321
0.12752278996860833 0.30191244512244986 -0.024821249111150079
0.139977546143702 0.33116714247836887 -0.015457047202291973
0.14087188926490526 0.33309235919004532 -0.0094747566294636071
0.14009266560317143 0.33600465974333849 -0.020563734327748204
0.018491678150029146 -0.046704963167863954 0.038045124806733097
0.027035840399658388 -0.047158102392214171 0.045497386039652352
0.020729027868975007 -0.020578732887905973 0.062070676964197817
0.011822592139974551 -0.025140044094253217 0.069816885958775041
0.01923715225394294 -0.017141318246811529 0.072149698136668022
0.021749659658150015 -0.07152822664806685 -0.035819784446005483
0.029875238682296249 -0.060457363631802201 -0.042780781954074212
0.044929114030052494 -0.07046215190588917 -0.054236896979295131
-0.0028963682409324358 -0.041027456908263607 0.029151773583721424
0.061324141161142709 0.48220879259288529 0.055546931791851877
0.13441971573548708 0.32699631002701424 0.000933504180987016
0.13327331946502105 0.32792694299533592 0.0087084325573530269
0.13624049833156765 0.33677513351971167 0.0092699272168903241
0.13825361711737474 0.33596949891368616 0.0034074838641700521
0.14131345606022991 0.34134765425661329 -0.0041589694210145524
0.13978178257952506 0.34129991294662643 0.00044411543157101924
0.14353435438181553 0.34393487842383141 -0.0129009718205169
0.13472479238359467 0.35633826430422644 0.074318339078403184
0.11471299812254093 0.3756312373379721 0.079941692821692695
0.080389012344723773 0.44086376977104469 0.05872366436448017
0.082459751343344351 0.42916198760160285 0.071758896805256683
0.057503062191903362 0.43172703464002649 0.076310873456484046
0.04577378038275625 0.43041866468525586 0.078362741734603197
0.086595221354784882 0.47697724823231602 0.031551248194668119
0.030473980837695289 0.46772769199881231 -0.012743655333259211
0.090923672708789927 0.45173894986723723 0.045980000684272888
0.05249163591513261 0.45323667217986052 0.066947044526610239
0.043188330385841571 0.44995671515320695 0.072656546334753186
0.20625482295325703 0.26477244785236004 0.013175037343234693
0.065815533928708772 0.48983296689601402 0.038386592107089813
0.21405012404657484 0.25728182018662632 -0.0014017172395341495
0.054130566055098125 0.47958769790168987 0.073204462543160487
0.12730634119157397 -0.027671462541014071 0.015965716506116129
0.12314135543781056 -0.0115055453113971 0.030514739597378809
0.11975918200844053 -0.25719809242540848 -0.026531640008399394
0.12584156199572372 -0.2446312812668241 -0.037427696847198037
0.034781182470109938 0.45553559367275032 0.078462458170073635
0.016362230243181564 0.18803272747450397 0.10202223013977549
-0.0048201938418025577 0.14252582369693131 0.1011321208340691
0.16789318846300919 0.31009959592054021 0.046734547249966264
0.12800854973331244 0.33815793798312704 0.042709317729660641
0.12623768583804576 0.33583804902301334 0.049589328395577101
0.036607892407886367 0.27174703389207194 0.094431180402655163
-0.0064391645658532243 -0.037816652201396503 0.018152381405253531
0.0082404011699042864 -0.066675387003202899 0.00095867522216875342
0.0067019334233777835 -0.055919600504029394 0.0020233487730270594
0.015630707569382108 -0.072361239927640486 0.019897338381883015
0.019171507952711393 -0.065232180105361831 0.030302877453799695
0.019299248214567598 -0.053798700872280843 -0.032622427143598288
0.02464998456189425 -0.043801452821983847 -0.038749473884376183
0.012177849582236213 -0.04700999949391927 -0.023445863905367802
0.016823030657478897 -0.042699451131159305 -0.031018546947641085
0.0052283841811406216 -0.033404895487228907 -0.025325214282491921
-0.00076788806334140665 -0.032510834620391851 -0.02409804286064849
0.044418193304679582 -0.096222298272528581 0.042392003338663727
0.043547236973841261 -0.13798110599562202 0.022709942660731838
0.050815327232635113 -0.1836882490851828 0.011398921500648956
0.047245736903925459 -0.20286428816710289 -0.002508839831007735
0.049591673909859524 -0.22265237568169857 -0.011201649326638651
0.054083953762577366 -0.24194155844252288 -0.016254536753742051
0.052114584403573708 -0.24823127442300844 -0.035035298756439445
0.056475172433304702 -0.26568467478427671 -0.041214854889894854
0.061603492339848624 -0.29959370632132271 -0.05373664143676983
0.072278916988681302 -0.30978893564867616 -0.038352120219457345
0.072774837910578635 -0.33493052157118475 -0.046383668217514926
0.072051178036987948 -0.373770315119268 -0.051041712027458497
0.076493297256577761 -0.40364994380358971 -0.047468815290455782
0.071129657852498182 -0.43743508583477919 -0.05571475564087762
0.070342531068502939 -0.50574219492084227 -0.067174998636208252
0.078962942319132909 -0.49798794167682053 -0.055080499837868127
0.14161780691139511 0.28359744314648921 0.00844545213190258
0.14536929001827209 0.27334822259103447 0.0059581661714429145
0.13942303727973479 0.28034764701499632 -0.00041436122406392993
0.14748196395134044 0.26482873743744562 -0.014707046948001385
0.15493630176995574 0.25017715520602163 -0.020589742051516282
0.18009202057181428 0.25151608927647617 -0.0431516541111098
0.16639667581195663 0.23336205293351137 0.0086468708639221327
0.16755194293394052 0.24688671444575608 0.018700841961367561
0.18414712873291417 0.32005422356149948 0.044942151378742801
0.13554643484440457 0.34466809462382975 0.056531555988275223
0.19377744610679309 0.29078138128202119 0.027720068551314214
0.14972060397596168 0.28999518190523016 0.029118538132068893
0.15209186323077389 0.29028259749440688 -0.027678479821441324
0.1402521393202302 0.29583776664716627 -0.017175210175132464
0.14303508672957282 0.28739400630789752 -0.01942694478625543
0.12524955362306778 0.33530087864155828 0.058857432773163375
0.13135745746949076 0.31839303564863464 0.011865659337155195
0.13567086869796782 0.32374965901560482 0.0045988291424973503
0.1228373271630642 0.29470358795856344 0.018259809433236674
0.12640139337060158 0.3011110846539739 0.013054565131315051
0.12393549825891544 0.30366968016402107 0.02148158173834392
0.074607878410574577 0.25006014061009146 0.071885528210673164
0.058344099559895252 0.39808094320637849 0.084465645646534304
0.05286175203368651 0.41603344993167996 0.081393145579240128
0.11291523941835438 0.26420479399932567 -0.018479487441589122
0.12185782386728987 0.28229818597555068 -0.012270476048889381
0.11826863702113642 0.27311282244939405 -0.010321691097612313
0.11557121268483561 0.26017984673338629 -0.0049899161954050511
0.16214576376462767 0.29362344082011449 0.039640366002973548
0.14610972386564183 0.31603314721258613 -0.021998282064846334
0.14671415143042263 0.3239251405874477 -0.021378511959144902
0.19522899966947133 0.35401337540962102 0.0068246669154961043
0.11354849725056823 0.083568773559863377 0.023107427372320823
0.1141023206396453 0.03950241542467646 -0.013128186585529613
0.056159692695689822 0.048771971396147515 0.073481575847960751
0.045355922954215575 0.033438220683004755 0.07529493918640813
0.029520565909793624 -0.070046955732803895 0.039104969791822097
0.016666621416399238 -0.028564878255013387 0.049377274722249377
0.0035657043523386026 -0.038682810208004792 0.04884143496852196
0.010493557133372657 -0.033305259695863065 0.045898792070832681
0.19782791723187207 0.32313240903817542 0.028914780721012934
0.0085299538278556276 -0.066494945818920362 -0.009558404727071217
0.010964821120255709 -0.080943425872639196 -0.014217164253444053
0.12013175777218807 0.045115164468196876 0.010020532301966281
0.10565287489099461 0.18192958163025877 0.035025204695708141
0.026368913653729367 -0.11024848547194786 -0.040992277160902819
0.021789739778189498 -0.11822866317530699 -0.029632748571838469
0.077349213461888264 -0.11011163242625954 -0.068040491328952693
0.12649385183664841 -0.12512393573803923 -0.029985879025838474
0.067506802092629395 -0.15666682892092204 -0.075090207432712511
0.077290302943399739 -0.22482375852299394 0.011174841775206648
0.064881634874146332 -0.25414510823145353 -0.0050223250449842769
0.059713759034243426 -0.26018696455612117 -0.02200654808557884
0.11553141481916263 -0.21958027883492809 -0.0063401202794925076
0.10406906499659647 -0.20840828811136033 0.010882607700773749
0.12473572970992555 -0.19309744032395446 -0.034143062462471431
0.082175803450670173 -0.19405895998437925 -0.082003710603365226
0.069728829431680697 -0.17802384749259734 -0.07779691088131109
0.072175128025923088 -0.214369621297478 -0.08211206099829596
0.097775558743189633 -0.27841995147759457 -0.095276966639313412
0.088259635031837938 -0.29254900023256791 -0.099155983357528343
0.088714830680858059 -0.30740493462532015 -0.10400884820367498
0.081432748669897428 -0.38780688524716833 -0.042576681805573231
0.095600829171549065 -0.38341998707827679 -0.03279936030932603
0.092340589628496519 -0.35857486904569813 -0.11575125610092737
0.10693322101937947 -0.39525823923390946 -0.11502861309909458
0.12277309413366487 -0.36607662559788146 -0.10681929021246639
0.13162067982725517 -0.40379810718496312 -0.047626242663357445
0.1336065812277237 -0.4165621133405828 -0.058073504978947116
0.078971248661917848 -0.47600365309770581 -0.053320049112621767
0.08872233058259589 -0.45855210755084586 -0.044689103725814402
0.098934374205780662 -0.44598557864662808 -0.1092692656738577
0.10300895791816722 -0.46599727210255082 -0.10601135724945673
0.088104717706695354 -0.45991977108360238 -0.10795313624413735
0.12206697435284827 -0.43814281849769016 -0.09784332918469521
0.12483068814321824 -0.47890881664773249 -0.065021165968199887
0.12451440196455635 -0.45418470509426728 -0.051876973261450833
0.089182163267636672 -0.49074176645348083 -0.04784517124661148
0.079711158322606918 -0.51479247957161423 -0.054988913336203399
0.088326368028483301 -0.4761853039435589 -0.10646430746418639
0.0075954297814817863 -0.053189031440694083 0.012497213562657034
0.0093105887614219115 -0.047488541611252051 0.023047266870209148
0.0063903649248412703 -0.032556237251342136 -0.036116927730312463
-0.0040223212308551767 -0.032690590329784427 -0.043769146020853272
0.11787666635020667 -0.032412045592125606 0.041812393997106526
0.053334850673951786 -0.00055399524804682564 0.066545678817482246
0.028265783962601206 0.0058669690128498155 0.080125662185556182
0.035630526180886753 0.01955187036114793 0.078363366726414641
0.12357046271895798 -0.21465856912464404 -0.027615819352083789
0.11957607956870268 -0.2356056333900402 -0.02142425732754008
0.11250867216447277 -0.20671899572800506 -0.066689813460750119
0.045912528564905145 -0.22719175169156541 -0.030988194522731889
0.055827922848924239 -0.1280028093099313 -0.067279019450767516
0.057992168686952839 -0.10320603741812487 -0.064878723278004147
0.10561206897401267 0.21749476082362529 0.011874268095332745
0.10178058691526633 0.19950548038657728 0.0034535114869317964
-0.0004517430118628017 0.015236039809529573 0.085400774523693462
0.044493393932319027 -0.039598120796432275 0.057773273590505131
0.035893869504808391 -0.046096825974266585 0.051996212183643753
0.047797907088856062 -0.05421990503116688 0.056584700453277341
0.062021148158127523 -0.043830041157102657 0.063438542107216181
0.10882835748000011 -0.053303626713483009 0.051746175136998897
0.12584123941930489 -0.028782536693618327 -0.010834597684063568
0.058990300770914682 -0.032790709985778453 -0.056849629884883596
0.13338952761990427 0.32132315854906812 0.0055218110013849466
0.1332044897216533 0.32487157980029219 0.011597255595663275
0.1311917338343172 0.33150544449761582 0.019121300162285044
0.20267765207870486 0.31704934357600228 0.0099921153355701058
0.13441733673439821 0.29513495327464262 -0.0055496266041257826
0.13359867810546242 0.29836362065070238 0.00056646261892501313
0.18054467593153614 0.30098657015630592 0.039941531412002844
0.15255980064833774 0.3112138555152803 0.044584797189758683
0.18429785256461206 0.35820493339588533 0.060083505419080273
0.21781741339797417 0.24730420897582561 -0.018204964828652515
0.0089443838819463339 0.17239962584468799 0.10103867447773968
0.096530212156247977 0.031735178479796872 0.064557821797474491
0.00098944778336059825 -0.033241066988516144 -0.019122241117132139
0.027015114864748634 -0.012878349905828788 0.066412797493950779
0.022362877430343993 -0.023680869663680104 0.053516676133794343
0.027690267309357777 -0.017576110937340635 0.056706231119071138
0.040032000771704254 -0.16744229258164392 -0.05298386904137993
0.042749868388548197 -0.18876822285095482 -0.053912712718628499
0.047179326483699047 -0.22511544824972013 -0.062497816972166331
0.064219224198080835 -0.25497856505360295 -0.083990418444880866
0.056998270418488178 -0.27398226768376355 -0.076357388411003826
0.077133772736162939 -0.30023567371684479 -0.093096017391097241
0.065042963405613149 -0.3420053280720215 -0.084052201909599708
0.0706476480386629 -0.37578978462832097 -0.10660998095882698
0.070589342350959525 -0.43275780840586298 -0.10308183917980852
0.067193580389946203 -0.49625957722473457 -0.080917802451686172
0.0078765148084388708 -0.046305049052620673 -0.014201751148931888
0.0072483778768740832 -0.05597863198867515 -0.0081033028237857997
0.010548737862018648 -0.056781685983349948 -0.018212777226296047
0.0073828720824996663 -0.037222305149704059 -0.021087255694481531
0.011468766130571349 -0.035090720174081685 -0.027672824653598729
0.0043187791631211546 -0.037379722442092513 -0.015759402111865654
0.068785978881495846 0.46739874469571152 0.048525793942697751
0.13255663530648759 0.4251188954121044 0.070027951741820096
0.12877120103152895 0.34149184591582971 0.037071790784968799
0.1307965373991993 0.3425476385346572 0.026449994465766548
0.14224666963990229 0.32111106455368799 0.043384450013243508
0.0052376380921556522 -0.02994965849899411 -0.059036763527879489
0.014146896364820959 -0.02328309261721162 -0.070997110858039086
0.047771617110721414 -0.040864959037278457 -0.053497385498873028
0.045421365645185598 -0.074100894554385358 0.05022548941556023
0.035393029292523893 -0.059495118174435049 0.04779511803199768
0.19869935742733877 0.27750663585026419 -0.030877490327995003
0.1373648787614484 0.31945471528710562 0.03463525012739619
0.13720346958587692 0.32755767363988147 0.040124895945080889
0.25442741761192811 0.089739660452062789 -0.009891061658988648
0.25007307950031216 0.08120219166312416 -0.0035689368289239065
0.20907781016058694 0.085907130019955091 -0.026806777532634388
0.23646273362681586 0.067754948491398362 -0.0016095370973647448
0.18516767987798438 0.16815371373185076 -0.014491878396129334
0.25184055634318103 0.1251881476259179 -0.013270533510851007
0.24122456639951767 0.13287586948355609 -0.0037212735427159102
0.21575292431746837 0.10291118142979452 -0.0076678246583666201
0.235390933153204 0.066164646746571187 -0.049680006077937183
0.25949932696722944 0.079516407298323696 -0.019379546213713728
0.1948484401393577 0.12804367472949732 -0.021269854108564946
0.20354320525452788 0.11584310877244094 -0.014504458876463674
0.25637440823187557 0.10358214038095888 -0.034555617541127598
0.23762259746276798 0.11524093924259185 -0.054108975268203241
0.20133504870148611 0.11334709308764651 -0.043910323606656407
0.23228428030756634 0.17540031233674022 -0.0048092129177822757
0.24435057383028513 0.17244018982935574 -0.016547194209724683
0.22631020535290508 0.15154820548747464 -0.058797694079474834
0.17195490944069489 0.20161037216354155 -0.027767783086891526
0.22199046356220842 0.21151451659495388 -0.0034221141557912657
0.2064028452074472 0.16644913929065347 -0.05969226905247936
0.20411598000821124 0.18663943927747678 -0.0035101674376184951
0.1911854236153448 0.16474504871408441 -0.051171841370916751
0.23722401397525233 0.18817369336953235 -0.01245520145123445
0.17144519837689273 0.21923457673857971 -0.036152179284582614
0.19070042996963538 0.21440084974653137 0.012014387227261534
0.21470688963531054 0.22559481598863185 0.0045236990784494231
0.22402781590148033 0.22590706996205834 -0.012784622538450504
0.17078847311020917 0.21216773384308271 -0.0037383196903484155
0.18173937802072188 0.23272206131855455 0.019260501967522829
0.21755479587099516 0.2396502769980598 -0.002366250973372223
0.16191625064263074 0.23323011917821021 -0.022953440921512185
0.18097346063626457 0.18344165859351974 -0.011015895711958566
0.25081528751798537 0.091409477284131277 -0.045472067257904085
0.24198270162787047 0.096831503020019055 -0.0013587944148037152
0.24846745537559065 0.068643485237062929 -0.00058775612969761131
0.21702218188145603 0.20216028431354027 -0.052949635618931692
0.23677982624652485 0.16321869774429024 -0.050290996056738646
0.21294812235574995 0.19833033449278314 -0.0003065198950441344
0.2258316229135198 0.2190637725248098 -0.030652805771767495
0.20655433515813978 0.21147306552513437 0.006851148423379463
0.21291949369857899 0.23213126260746916 -0.042251988478995625
0.20815129004160518 0.24533649282096848 0.0123403305374622
0.21127145077478143 0.24711953397604605 -0.035359629184545861
0.22496667456848216 0.1056252587737172 -0.055561400795263685
0.18621738386690648 0.15338043954642347 -0.020316509744255008
0.21293316287432687 0.074317120579637297 -0.033951492391739342
0.25848268706123728 0.085755922323628844 -0.033406348324431373
0.1986073425038678 0.11204275533811144 -0.029217834653119633
0.24752766930138451 0.12689602847540821 -0.046001808301212969
0.16784899549362964 0.21415311105687071 -0.019003079371914079
0.18010714134144692 0.17375283392167576 -0.040184021621474338
0.16401795697745902 0.22690850845431307 -0.006609350623057687
0.23652168446735672 0.18881933007181853 -0.038278522393398892
0.26267303538593112 0.064956194837532941 -0.022258641556893728
0.25643610097197644 0.11174074316598265 -0.020834013044674578
0.22774627524747945 0.092846474585909819 -0.0027248753070053902
0.15807186552713112 0.24093308277163811 -0.0050606914777987589
0.17024186736850341 0.23579597265768107 -0.038818777411858983
0.22536739512477247 0.13014477623354018 -0.00039725459335290066
0.22031173555656983 0.23381019222336952 -0.02763199857559067
0.19262217898480921 0.19843960725466153 -0.054521414420958876
0.19570076768200892 0.20002313489469334 0.0035375426440366897
0.18396076020693553 0.19052583997152892 -0.047435489114185513
0.20089094161686319 0.22803591303812051 0.015410693535981564
0.22307448161768334 0.091390445275420285 -0.053247177083505681
0.2253413874010044 0.056280018188497934 -0.042986777239035809
0.17656569580528006 0.2189908702541544 0.0095180892881007676
0.19596298198846437 0.15017523960483359 -0.05225318305016672
0.18831384833492859 0.18976955955758423 -0.0030079562755540418
0.18031104996019925 0.20166037150845992 0.00065007039448025834
0.24289047199250771 0.18453237010968548 -0.02552572576833342
0.24337086892424886 0.17211882307209725 -0.034841440409236285
0.11104240105268538 0.27369975024345339 0.033028134086737569
0.11433098699854265 0.26496373566872555 0.018975314171738662
0.12759629707004883 0.32683026381542213 0.023885108715552193
0.1291793005234001 0.32286652542495553 0.01845941367290025
0.13923485426140039 0.29236418312511053 0.010479427499289767
0.14418986998692837 0.29027687176297268 0.01802999389584713
0.14281767022328215 0.29868393903459955 0.025308487244148331
0.15420421458742342 0.26632589524133587 0.015473192717129667
0.11617225319721879 0.30531296508564093 0.039944676532086353
0.11947253253825857 0.29722170012804749 0.029408171434124979
0.13438128881959405 0.34123055901657834 0.015570782164338617
0.17389548885431813 0.19690269190715057 -0.013410319985847956
0.18401293694268117 0.15504896607281668 -0.039309627835672808
0.21148443185531332 0.10233626960733638 -0.050505338006537434
0.10315472213742555 0.27836162464837061 0.049738802243651889
0.077540702888515695 0.611202667056856 0.06028481326545565
0.083767113246806135 0.5930970978208201 0.078293428126607265
0.060094116954095202 0.49889760619742396 0.051176868079817958
0.079365759622145773 0.60578717349344946 0.072874507188750617
0.07783307809013193 0.56017035180116093 0.083914785928305188
0.059652913057241699 0.51532085876516176 0.056632300636080692
0.06343237966845218 0.52401768030500184 0.071228500528596944
0.066120570254763922 0.54137229163800382 0.069873498120279487
0.0032624018745346563 0.15661588102727877 0.10054394305638674
0.078557302472455459 0.58161144185199354 0.078662959575401994
0.079370678912532938 0.58553872910713234 0.081807595794356869
0.079399468857913352 0.6063341018115741 0.082517445365016359
0.057756284680684174 0.46554078516736097 0.06271121292686152
0.068814768826876344 0.47895181913607321 0.043321285518231577
0.074980615462531389 0.48409989684827043 0.03257703112603124
0.054952853668745777 0.48984748283486129 0.011444636627504832
0.010143440752786172 -0.031132183328368857 -0.046714802991956017
0.019114371604526215 -0.028377098457202557 -0.057924131936003105
0.079392654431065662 0.59982112262720666 0.078303871538166814
0.079241164480372994 0.59731325225902032 0.071718473947772129
0.07432445470458092 0.56435392602105927 0.073531292938512752
0.076142132502630133 0.57372509356446144 0.065431096646323211
0.079625111062884141 0.57756141426949048 0.071733897132797375
0.078782783389216959 0.59868412139493898 0.085636235148412537
0.081831816022041204 0.58667250457521181 0.073221760703620187
0.031117561115311526 0.52143948827751085 0.14612592649544187
0.10700668779876779 0.13856377883266377 -0.0069621585006388502
0.11158376492758523 0.12592007352024112 0.012399281378003184
0.10180832848728555 0.099692675210927839 0.052460964159071713
0.075590970369008359 0.064322251530429211 0.073010291700051536
0.032679839033752975 0.050820009079292981 0.076727702672689677
0.021085998998461551 0.5414668065287207 0.1584071768792579
0.04606107500577579 0.46444120279967749 0.076090231186004928
0.039122980423444031 0.47864754892901273 0.086125845669116477
0.039051489424621007 0.49411250760051423 0.093970158217069943
0.031888397790155856 0.49291687810412432 0.10543839505927959
0.034505944140744038 0.49383202740434234 0.11775476595069569
0.032703951621060372 0.49710190391790754 0.13491355323644214
0.019939925304414421 0.53594841108770774 0.15629333360667116
0.092571433378220963 0.41506983352453297 0.072952409393897952
0.10534606439463588 0.4688915477179475 0.020984733409242496
0.085871884057613201 0.4693260581541101 -0.0067659413133730022
0.17251732142692333 0.42080185519891539 0.036985662881141496
0.19475315912964619 0.37261724456864304 0.035297237421911778
0.065625455773913779 0.49121214237471761 0.022690880410481645
0.07251189780718055 0.3324072875205572 -0.063265972230529127
0.13661799338570227 0.3664759540628712 -0.034402030843712621
0.15487400419906952 0.34543695551810877 0.06576478179057571
0.14851174884639989 0.35867186276214036 -0.019303075441425083
0.14763022813784479 0.44225455800082608 0.040674747612001141
0.19096538617565095 0.37288724103120291 0.052045767985986389
0.17551050801723797 0.3831108974054655 -0.0036133112475390666
0.15336184659170365 0.36089860778131722 -0.020201390284785403
0.18147627662911442 0.33925727841849629 0.055537274660313253
0.16882906329813699 0.41145221963147005 0.071106586803305769
0.13297457337913302 0.33302058593685591 0.013145158702440631
0.13347134106412975 0.33950025910597931 0.014183854771070079
0.13633299711966673 0.34302174522623119 0.010488792295948974
0.13665960574373123 0.34715152982828984 0.0077432335096510622
0.14441236707181565 0.3474016878410916 -0.011321476385720562
0.14276496930085592 0.33535515212402622 -0.015296444467767465
0.14112708753425152 0.34034807057876665 -0.010912257956896657
0.14757514821432974 0.33658497472081189 -0.01963918998933185
0.13025505255814249 0.3453791336950337 0.031925003378446927
0.13146495606106556 0.35197751498628627 0.032862843913626892
0.13813664284349692 0.3467445996759369 0.0033796011649675156
0.13490023363338538 0.33274760564242173 0.0012744170531239338
0.13393435919130645 0.33515321928583935 0.0071925552406576334
0.1349329348178441 0.34153111959482219 0.0078057024492600071
0.13817059401157869 0.34227788400441145 0.0053719339327866064
0.13708839044845966 0.33659876486271689 -0.0034254306445973474
0.13575885141620336 0.33832745189122171 0.0020103247501168696
0.13643206840229966 0.34301521305374993 0.0030761777210064592
0.14093084010544646 0.34592267496076057 -0.0038700518353877145
0.15304197175038239 0.33437516496362363 0.057191869917618238
0.14681173079711837 0.32991465888816046 0.050689616399176726
0.13484422630266601 0.34623573537523417 0.051516299116530787
0.13851651689872049 0.33985549638721485 0.050992072113881286
0.13369073335098577 0.34633041155416044 0.040753980444876152
0.13612183053149082 0.34283569927667151 0.045463555837727619
0.13362121813272823 0.34886037840703654 0.047100167459682908
0.15190517212837648 0.40620833672288065 0.080793375211506049
0.17002066058929136 0.35190049986629085 0.06634929026149386
0.16665122892846507 0.32618269165462282 0.053986730459106701
0.13388234374377025 0.34052613276196031 0.039213960299333911
0.13680190226648706 0.33605933644632996 0.043078949983586343
0.14021992200039954 0.33212898471521241 0.047437400944542352
0.13020432741628177 0.34739717177122809 0.037309368317436392
0.13247925728802099 0.35126470174477886 0.042866029386132896
0.13195317547096322 0.33885736430325303 0.020796247975515558
0.20013454023676139 0.33967920837432469 0.020918292747476825
0.19487021404762875 0.35412732552957238 0.043809686377364987
0.15228311072508705 0.32279047803421673 0.049777753346225619
0.15363777039595958 0.34960722346073042 -0.020620558180027553
0.19442110702851412 0.33701504973121577 0.040931679729598464
0.16832584408476367 0.42444471069675166 0.056548108190766305
0.19019946879119373 0.37290320856393494 0.010381495314635917
0.1784541388052098 0.35347386634912942 -0.014996619766978971
0.15153066090611603 0.35537045440363463 -0.019302531093718305
0.14961947626865862 0.36363655578023329 -0.020784628611054474
0.14602633786137448 0.38801696215943621 0.080638034504813674
0.14350608862311556 0.35400402069347486 0.071596681188638031
0.14340197708393859 0.34759507240417964 0.066231509546568826
0.13665222680815045 0.34930134037157595 0.069841542893789285
0.14104519344592129 0.3428083609251758 0.057792688658713433
0.093191707509576741 0.39746990282501166 0.077952726945245299
0.12982969522786408 0.38465353848441064 0.079524803122408491
0.16360651075524249 0.33914397345138259 0.061538990381862953
0.14443522967550038 0.33720214405413662 0.05424973104558331
0.14712325897360257 0.34133047706231057 0.060670211441851633
0.1321633340078304 0.3500974589732459 0.027162747224195479
0.13335944736884831 0.34689508157532073 0.019767390487660283
0.13941267451227987 0.34589864301755785 -0.00031025976539994813
0.14273069555635534 0.34690621046177034 -0.0074963450502197179
0.13777584111903657 0.34177192289147801 -0.001899563539431324
0.13946682702859087 0.34161611848118362 -0.0063336082680373919
0.13847264650575977 0.33531636230966211 -0.0081724753045984509
0.13992488554332799 0.3304607807652381 -0.012644745338835771
0.14189026301914859 0.3254044760441977 -0.016584532430204149
0.14467401686953843 0.33055255375639486 -0.018493902575305535
0.14073390720175127 0.31175425166092374 -0.017173617454064486
0.14129010959191718 0.31900681792956154 -0.016973005163092095
0.14559569834223765 0.30756825811788402 -0.022405857370036818
0.16423976858745634 0.2801649881178343 -0.034636846315593987
0.18381620564924778 0.23347963203817451 -0.046926937309388454
0.20591390000060708 0.19489457305583513 -0.058869996559601442
0.19653700672577076 0.2593996150203437 -0.040300149132252779
0.20017300747470684 0.22686205745000165 -0.050491532743862866
0.026377421606775985 0.53214531575381818 0.15204715940049379
0.025369450942039986 0.5015286201134983 0.14380029164286776
0.028281630529176118 0.51236501039532656 0.14537254926926665
0.22215739685895236 0.16781920198552505 -0.059816093035000802
0.21661638074656903 0.18333714383381916 -0.059583218061888966
0.20083634555797641 0.18142112055007942 -0.059339748469521218
0.24980925231176232 0.14096987634070954 -0.037063397184696097
0.2523477674397373 0.13900377306794662 -0.022628485501594294
0.24007143634630859 0.16062969940676836 -0.0066768396581845758
0.23142134806514639 0.14617400170567818 -0.0011484645092140961
0.20678820306179085 0.13290296590273776 -0.0072418020142243512
0.19599588478318503 0.14301743015922672 -0.013269878277500259
0.19373881758063835 0.12618636035398439 -0.037556273791640692
0.21028956847791813 0.15013556270531755 -0.058683053444376923
0.25822019050041523 0.034970861892966193 0.0013546982593599746
0.25264256196449475 0.013948072813250004 0.0040115787720191084
0.24518128875287459 0.0040240092879748361 -0.00019783180292493811
0.23250617256166839 0.021730793426233276 -0.029053088827715803
0.25166471187286693 -0.0058618692537213794 -0.034430891352684727
0.26421583775308571 0.027383783878002638 -0.032829984908088604
0.27065490661548902 0.011548507477685498 -0.027866884611063642
0.23962579702369627 0.044337432722400087 -0.0015775415488221488
0.22260642323396243 0.055214709565315018 -0.018592016209195001
0.2296139927124996 0.043275753083929037 -0.012087222401455239
0.23593846630211399 0.0095060342377648321 -0.025136769170817242
0.22389394668766613 0.045231937131813005 -0.028313773917298914
0.23384256634282471 0.019266309586379472 -0.01524802776340385
0.24090138514990334 0.016191188585682362 -0.0032016230930085239
0.26533666984235948 0.049357770172741011 -0.020932388771904342
0.27316596242581137 -0.0002469831414263281 -0.0073002589096240198
0.26955782421505153 0.022099578917059565 -0.021275015331266224
0.26573243078621045 0.033189594908192281 -0.0070585987693556323
0.26329322887318235 0.045455643878270939 -0.0070482158408745749
0.22606250698529673 0.064652650427414859 -0.0096311356290040666
0.24958804553255032 0.060443350738114833 -0.045242826309760613
0.23871157513068247 0.052037009263430252 -0.04738299988253418
0.26265521303879086 0.015160637571628307 -0.034898939655892566
0.2444517821816927 0.056055424356888171 0.00074804290118649281
0.2549361206244215 -0.067659003148317284 -0.0030307079935945835
0.24102460934189601 -0.053509107892277134 0.012832642635673746
0.25819498921769418 -0.073237760701703611 0.015998589059297474
0.26557807796980071 -0.076980897143743274 0.016280843425772927
0.28202189478423878 -0.070843800131416321 -0.014827367952224611
0.26397180869224146 -0.070406386507484139 0.019424905055481612
0.24282676314978915 -0.030775736385562913 0.0030944335302096559
0.24142395894840638 -0.040333554709309972 0.010511634738607282
0.24568753212017436 -0.045582316586234212 0.019353121721779071
0.24698666832495586 -0.039146433165966804 -0.026902209750042337
0.26757405988335775 -0.023320551803848028 -0.034759828575272551
0.26529707358694826 -0.093048952752297964 0.011691044689437824
0.26715793630306833 -0.095012596379867448 -0.019767162102989174
0.27126578570864651 -0.07167657147867576 -0.04071240179551628
0.25172862232584742 -0.036508766111254191 0.014954409191547988
0.2507441190955812 -0.028611087327010686 0.0097272901762245467
0.25193680508214911 -0.02145972940978047 0.0071801864510980667
0.25466398709308691 -0.072072050168160165 0.0087265774809120889
0.25537176007805001 -0.057786834104421272 -0.039124781467170668
0.26339443722458988 -0.069075960390076199 -0.043059316611219985
0.2558902613492654 -0.017900542170578005 -0.034482574143289001
0.24666602736463991 -0.058306182138735993 -0.00090384069809771304
0.24049526143859762 -0.049502305549897027 0.0036359788543450194
0.24419053560449352 -0.028125771104882447 -0.02281823099945739
0.24539624561397183 -0.015258560656263393 -0.027408836176839514
0.24404702942016698 -0.01896165730031605 -0.0026105320470435804
0.24677727590708345 -0.019737735841966406 0.0037589107114581561
0.25084988383890472 -0.036744811405732311 -0.035435817702468043
0.26242021611767385 -0.087956640438505873 0.0046483143812483443
0.26985088489155767 -0.10224814674241205 0.0050631577363755781
0.28106436700699727 -0.084664707762303171 0.001009279397872611
0.26631875374948444 -0.094129704721532328 -0.0037838432874556594
0.2692857713278215 -0.061456624733229728 -0.041371788317655186
0.27931394639227375 -0.11980844086446979 0.018333346776216522
0.27966559501084981 -0.075424627211102588 0.0063959830158986253
0.26034548523587037 -0.079768239656792569 0.010329419384021214
0.27535129669722092 -0.093297981747633998 -0.029068693461976641
0.28029074811054061 -0.11574788922630225 0.01215904259008024
0.27619523725298234 -0.10562592506807542 0.0056326260817658406
0.27963942599887232 -0.074735039471750864 -0.025295023145792139
0.27650216871549826 -0.067924281930751687 -0.033649691910385519
0.28034276355807669 -0.093972730971719667 -0.0016685282599581128
0.25930231341942955 -0.068406694965110523 -0.015855671011859945
0.2741088129759961 -0.11474911198950291 0.020884764960944862
0.27976615820941975 -0.063622483453352516 -0.023416065908678469
0.28150383705559945 -0.067600334562142761 -0.0027306111189526888
0.27607882748783752 -0.057148818270029801 -0.033271118241350393
0.27635483193619798 -0.07921167436815553 -0.034183817976887867
0.28200737884539151 -0.082019984348428679 -0.016859821162135472
0.27926592282792062 -0.052484484219919116 -0.021909452583511287
0.27841133725033784 -0.040087267613534074 -0.020293536254926532
0.27511218692676387 -0.016049114814708727 -0.027517514188445627
0.27925592295893686 -0.047987567331180495 -0.0097262654310193743
0.28310317094015369 -0.088522439477131981 -0.0076530163846397388
0.27611729472578278 -0.12733168907055756 0.011761245382585533
0.27864875349459606 -0.12243872898360163 0.011488799355345095
0.27803541475624494 -0.054844251689810553 0.00072397063593137483
0.27535327247778629 -0.02272963212660568 -0.005513316595981331
0.27033265277307894 -0.050319230330581562 0.011531490328274533
0.25962565595725329 -0.028051175308028115 0.0095367382373143308
0.26188723922966373 -0.01585577057367309 0.0068276910694226667
0.26973774121265343 -0.1180834231427291 0.017284217376540595
0.2696070977630276 -0.028003030777517961 0.0037266631500882789
0.25604953345606235 -0.061076589389796772 -0.02318998016113168
0.25291066329059414 -0.05255323331918197 -0.036204043524422462
0.25590139023571501 0.0030964407956319837 0.0053215918504230068
0.243148412161414 -0.0069583871454260132 -0.0046258282236779635
0.24027127243777316 -0.0082949422147918558 -0.017002813240294512
0.26524046142544383 -0.0099748395599486856 -0.033914244895877681
0.27706292749758027 -0.0059119089206924004 -0.019943681967680264
0.26469905722849163 -0.0031025908891103757 0.0037863901901371423
0.25104778447185627 -0.0082636926242177309 0.0048159432333954233
0.27174465040239826 -0.099638019649456885 -0.017360157348765469
0.24748734724903082 -0.060046401274213949 0.029109959615430624
0.26908154013265051 -0.05007766091493096 -0.04001191702151595
0.26711700941992939 -0.10045373476857086 0.012952570499886523
0.27210021026005254 -0.091243411892007159 0.016287546966976634
0.27941999338996398 -0.11123782734849651 0.017028172344095018
0.2435222782308368 -0.038970911272071591 -0.014591665395191482
0.26457341371335774 -0.038752244782157781 0.011650773039649665
0.2766139817666749 -0.11202773635410411 0.0076143541498158744
0.26301718410276947 -0.085473285878150534 -0.0048094145280440301
0.26455704296010224 -0.088110872288758496 -0.01352336285962135
0.24240705090684025 -0.019801162430318636 -0.013958619253752594
0.27299749689107794 -0.12133003383208618 0.021819702308355265
0.26332790583820637 -0.087127377109801077 -0.02960620658087669
0.28100827903217329 -0.091827355854192438 -0.01597078039081647
0.27119328665851467 -0.11453181644936912 0.010463107148599656
0.26378390792827361 -0.087068869811835994 -0.022551792958017694
0.27877846953701763 -0.095890205849344171 -0.01882044063577832
0.27698349305444347 -0.013746685303264197 -0.013286198628190391
0.27685559150437772 -0.13269694135673135 0.013591977445084216
0.27229690123143363 -0.12227582789209301 0.011780932624647189
0.27665454575134257 -0.11816297855202283 0.0092671550757910861
0.27338511278035327 -0.080260491271925721 0.014793735893431813
0.27407034573805089 -0.042299214439497114 0.0023599471855621002
0.27860883466276593 -0.086193639343448175 0.011041274976785297
0.25568296567811555 -0.052215253876353854 -0.039917704546191687
0.27148747635248688 -0.012184367062770513 -0.00022886970272414462
0.25709258430634591 -0.042478728216575425 -0.040251137677616941
0.24078533828322951 0.014954349951787165 -0.03667385591742077
0.25738314501560611 -0.044532814207573976 0.019724921286018864
0.27291415120886287 -0.0017544633907189634 -0.029648816909701402
0.25865707993766673 -0.030838235566710913 -0.037915422311954453
0.26272529276578144 -0.053977125953945708 0.021430150960566864
0.26666705563771526 -0.096653865198869454 0.0037477112614169176
0.27449618693295752 -0.087922044117586376 -0.030991117871527522
0.27908128815019329 -0.10022599581687743 0.0071086450497097253
0.2794241868834087 -0.092864035820204222 0.0055498650693100587
0.27941128382665542 -0.12746503409769092 0.015110526097748066
0.27369785061840796 -0.10769626084617252 0.019779446781314127
0.24186887247407632 -0.030204977734497231 -0.0074428376867464504
0.25660448586260531 -0.059470400756342197 0.028747514767337064
0.27703308917883857 -0.064029695860071859 0.0073019187271537176
0.26109430607012946 -0.076425057652048517 -0.009389999675416278
0.2712679227774214 -0.091026479250344683 -0.031875078064249954
0.22894319504954461 0.044397270648092853 -0.040645396625017642
0.24951094976845012 -0.027772227349845829 -0.032776154968196511
0.24053844635666827 -0.003018922630476502 -0.026340614285374087
0.24399606234599189 -0.025085649645628209 0.00038225132274746163
0.27566717965535931 -0.098972100954836661 -0.01816601372607891
0.27745356754078204 -0.12624900164281028 0.021355333392424805
0.27176840009123449 -0.13055946936146542 0.014675703165679612
0.2774040520604919 -0.13749453978987089 0.015015638228046939
0.27797569779670922 -0.14510387557773349 0.021023684511816205
0.27467174914890513 -0.14203189969711988 0.024408347827919022
0.27783247386674914 -0.13834493187400893 0.021546963946235415
0.27503714758733377 -0.13310225862698999 0.02348344059103144
0.27901733737516049 -0.1325740397411575 0.018486661299778221
0.27417986043224341 -0.14701574569008086 0.023946065578197825
0.27133340579044363 -0.14342208309611604 0.021507539059546613
0.27673773014534808 -0.15020167169064583 0.019319997155770676
0.27742691466417635 -0.14150130181019857 0.016164443741141066
0.26999507655077426 -0.1251794995261824 0.017784220906238664
0.2703834585590445 -0.13254972554358813 0.020463137420509068
0.27187815671774107 -0.12788994788539346 0.022320381232430391
0.27219702350775354 -0.13745151616000953 0.015990000462146124
0.27338914498558858 -0.1431700702689058 0.016221368398551241
0.27324096144318916 -0.14840318718951681 0.019570901126541095
0.27642688744375393 -0.14652998592537667 0.016944524246487513
0.2714938069147062 -0.13772030296099874 0.02273939791997617
0.27637261396128598 -0.14935200540345003 0.023016974928378561
0.27908773967857003 -0.10307220852636309 0.015148983255180375
0.27136973595961417 -0.10804569175186908 0.0069361271487146442
0.26914621670462563 -0.10519722100745163 0.01730099135031974
0.26935766554716811 -0.11151145279576816 0.017760884518438977
0.27454352502242069 -0.10112045990423803 0.0036124005342312586
0.26822171268826156 -0.10821722176258136 0.012796302385990053
0.2784175468464003 -0.095370333628348763 0.013638146195029106
0.27998885690456887 -0.10785113784926287 0.0099916113099156063
0.27257383308699817 -0.099555722340603114 0.01780542022526355
0.28278898150821424 -0.12413052133420276 -0.0010695240112187717
0.27730590818506312 -0.10427291860134942 -0.00058872385895410205
0.27620370488397672 -0.10258165043742878 -0.014973565633545788
0.26913202334219727 -0.10134682790615128 -0.0061425926255251635
0.27065793076941558 -0.099410441985972986 -0.00028338511750624522
0.28041235942043902 -0.10938087587145473 -0.012541359596601062
0.27142489652723406 -0.10348317088395126 -0.013273487101185902
0.28441367796369899 -0.12084979818855456 -0.0066736340550224618
0.27985877796367609 -0.12277872452904749 -0.010904193546425928
0.27417953785582455 -0.13052043761478713 -0.0069115341639088531
0.27437820460777085 -0.13215178720891035 -0.0002121360509973824
0.28044872991166198 -0.10912975012939639 -0.0006117779923872855
0.28084703114481113 -0.11581050937360737 -0.011658427616213647
0.27435046303575156 -0.10912966948529168 -0.013098499474484245
0.27851677941724257 -0.12807438095285884 0.0013696073382176814
0.28228285910707135 -0.11622901195498578 -0.00034242668266505708
0.2788153642149212 -0.12909227084247396 -0.0098624531628437595
0.27776118447818798 -0.13581589242833689 -0.0087327502220521241
0.28292704421547316 -0.13027499728211059 -0.0050971325326133604
0.27382502637153133 -0.1251769189148319 -0.0020671520695260816
0.28400509460719969 -0.10442118278785369 -0.0057995124430743105
0.276040239283735 -0.11396754964873247 5.2255646285364371e-05
0.27713111208811003 -0.12043911808533281 0.00073855713837030006
0.27462687070463554 -0.12319154170104388 -0.0090089462001613912
0.28019756384755123 -0.13459473907280722 0.00085393869118020535
0.28186189688049956 -0.13781699524254284 -0.0051615167697090228
0.27709953992111724 -0.14987933720413085 0.0019354870209484826
0.28109263276569707 -0.14909092011446032 -0.00057539742065122897
0.28127565456133014 -0.15897683897820894 -0.0010908846184531115
0.27995192190461288 -0.14042716265755034 0.0010793389638370056
0.27545960172984274 -0.14459037424101007 0.0014227417227067026
0.28002139680081822 -0.14538580736779017 0.0012844068415944596
0.27832936251790291 -0.15776645161065778 0.0003913641065793873
0.27525734631523685 -0.1538521480563769 -0.00085656309171308056
0.27378450270891597 -0.14239431430367444 -0.0030762315907018277
0.28162944024868086 -0.14410606607019064 -0.0045722301355869107
0.27842278871320625 -0.15795753781676156 -0.0043404186566058829
0.27524887868424264 -0.1380763870053337 0.0011500436826390884
0.27398966131129127 -0.13693224876979951 -0.0052051754718949106
0.27765215364862367 -0.14280757501824662 -0.0075488544428972326
0.2801193390659853 -0.1487809241759657 -0.0063274289135142013
0.27772945102298574 -0.15304969889248732 -0.0061882271082763758
0.28104231084435982 -0.15876260791405419 -0.0039482564559275854
0.27467279752226642 -0.14844342859776577 -0.0042003600077555551
0.27992716416446778 -0.1542544814947614 0.0011588943731307149
0.28140250773803466 -0.15394456620037139 -0.0043914764553986711
0.27721385293953976 -0.097285832725408014 0.0010254485408663283
0.27479908619023796 -0.11561281035091758 -0.01143594061183942
0.27110276365098096 -0.10933184425579276 -0.0069249513268295334
0.2723993192444118 -0.10414654928927324 -0.0016420265910486978
0.27382095384424365 -0.10920309594262768 -0.001093868450327269
0.27962745034932335 -0.098440857915077631 -0.014745050482344681
0.27284511985523352 -0.11685275378284404 -0.0047408569585297841
0.28058380878704664 -0.099812775424357403 -0.0019364985393872409
0.28097247304968331 -0.10318261030570731 -0.012965497184795793
0.28466214245030208 -0.11206342137043694 -0.0059945300492826314
0.27428498002272922 -0.099663382220387217 8.6045526157691235e-05
0.2833334905031975 -0.096498383364993945 -0.0077020984028672032
0.28303139768696428 -0.078275154380190101 -0.0064895739665412205
0.28105602034215998 -0.059674027120728113 -0.011637409746424332
0.27973966662102345 -0.11657727352116401 -0.027251953151644637
0.27865657597275256 -0.11972505486020242 -0.022446683448044881
0.26987056205310633 -0.10090401112720365 -0.021548429087763086
0.27578407328513244 -0.1070496564146297 -0.030054769252284647
0.27116945632557371 -0.11537305542762295 -0.028948080122873854
0.27584907243352647 -0.12919670495806976 -0.030026322044349147
0.27522113711222346 -0.1131291332141434 -0.030424643438524475
0.2790952395803078 -0.10728945165997682 -0.021447009045580622
0.27008447054084223 -0.12104281985317136 -0.026070436373578598
0.28054288190390775 -0.10383889202981492 -0.025562852298038032
0.27024745227645575 -0.1036160320464564 -0.028854331351151667
0.27878677587980244 -0.11328441343775723 -0.021489024624133088
0.27232121542900273 -0.11506882554261473 -0.022418105193439234
0.27195650246546416 -0.12796381788530542 -0.022228339534549977
0.27789981169417977 -0.13437308875101936 -0.027253525711686433
0.27196017177222842 -0.12396391061387764 -0.030246339323016735
0.27812533293299357 -0.12310001064220119 -0.028412411737868976
0.27394147645872863 -0.12237772171839061 -0.021154109657283853
0.27612350432184524 -0.10065183701178412 -0.029509121159322239
0.27433501968970009 -0.10352970253236739 -0.020411931881149876
0.27339281429235279 -0.11859849703949439 -0.030539369757983655
0.27821295275275798 -0.1270690715435783 -0.023437517240530593
0.27621443054990269 -0.13290839019927375 -0.022049692681597208
0.2703386204368271 -0.12843582783015683 -0.028115742237677155
0.27616314089930888 -0.14379413467318297 -0.022791789813626499
0.27732631114355405 -0.14635039150419363 -0.025360284387526483
0.27547177898965358 -0.14674651534651562 -0.022547780913808501
0.27744630957135846 -0.14060034587240905 -0.024786168925602418
0.27660293352432991 -0.13731296958812245 -0.022536067357599786
0.27326894494752246 -0.14388933503878976 -0.022259558883584777
0.27600862679468979 -0.14975591140187641 -0.023627464348655466
0.27134405081226487 -0.13897355267020187 -0.023271198855084968
0.27580858909296335 -0.14083441538632188 -0.022200819733818627
0.27597971588315229 -0.14392913290446291 -0.02953037088091261
0.2728948772678379 -0.14644849505757002 -0.029652758390318969
0.27029789516395009 -0.13348193107195189 -0.024567522596714873
0.27138013904912145 -0.13382547495800473 -0.029730489226743664
0.27505964729254717 -0.1395980202950026 -0.03030364703992432
0.27049305389734163 -0.13782163227856351 -0.028706016762081937
0.27091683866757821 -0.14295862142636348 -0.02819854357218534
0.27581649221522475 -0.14967800919672927 -0.028753667347450839
0.27233911842024777 -0.14855491907252358 -0.025197413537557087
0.27690494569645874 -0.15102770925516223 -0.026168842342347624
0.27898891032825118 -0.10075961785772544 -0.020909364880010422
0.27084946051809539 -0.10955083332212531 -0.028101196057290591
0.27321547790610151 -0.10975824995943237 -0.021343966040790918
0.27049942478161354 -0.1059541062521817 -0.022734522418771257
0.27132509944765876 -0.097973323718037242 -0.030015777827658678
0.26815127006279982 -0.098242634705707155 -0.02718338550161729
0.28010462151687621 -0.097164261737561763 -0.025120448820127109
0.26886154301500903 -0.094837477706495532 -0.030135735933410738
0.28092045760214712 -0.11017530094692603 -0.025876104242260285
0.2750449700654905 -0.09991305636856089 -0.038657741215271685
0.27326192891041301 -0.095245133655790737 -0.035546814232084487
0.27061357651182649 -0.10321752920304562 -0.03812267766105211
0.26370415090871818 -0.088372723696742886 -0.03589852333373901
0.26875666535683729 -0.094537763891351087 -0.045316645907107017
0.2740192980197711 -0.09748490269787774 -0.044170521810494384
0.26901968610433991 -0.10062808732294783 -0.046513112086083164
0.27009447040982604 -0.10954760755793716 -0.039916575528725788
0.27522254838405585 -0.092718836109678737 -0.040363253144186206
0.27471537760955178 -0.090383181227094905 -0.035124410492140969
0.27481678757122124 -0.10678631309070816 -0.040827067631896918
0.26679886842685913 -0.11013743853976599 -0.045204601004129374
0.27333495214722536 -0.10958212323475167 -0.047193909618021841
0.26892396155205239 -0.10662546842386952 -0.047997699490152167
0.27379438161174258 -0.11294724043597612 -0.042301544281338248
0.2708117593991447 -0.080440932456208342 -0.041772579437537163
0.27410522431333667 -0.1034536954636808 -0.045570705078474147
0.26823364801575839 -0.093472777844587088 -0.035237554171045245
0.26691616527715584 -0.10423170946384409 -0.043416035727879457
0.27292858650360546 -0.11830890405949068 -0.043546205393390061
0.26870642407960466 -0.11207797763133664 -0.049420654637198649
0.27076470356404803 -0.12955891795436253 -0.045817193784511878
0.27203609819681018 -0.12557707496238926 -0.049982184578531819
0.27252347084360862 -0.12057548726639276 -0.048984874056386796
0.27144723494423778 -0.12631762977591607 -0.044805614296090215
0.27268250101809133 -0.11505309994219687 -0.048498973164499394
0.26862827994214333 -0.12951226533978927 -0.048090430130052417
0.27152529843759449 -0.12319581583859339 -0.044028991406733144
0.27238790810359564 -0.13034713343377122 -0.048826428551663213
0.26849303977854916 -0.11728464328560365 -0.050464849625717845
0.26947762365292016 -0.11505285800988269 -0.041769131902060927
0.2683152598497221 -0.11963316090288859 -0.043490933940126313
0.26675882862887212 -0.11597663622930439 -0.046753320632466816
0.2689494854111924 -0.12118814052985373 -0.051186024652832132
0.26679140884717378 -0.12179063263612173 -0.048095127649151623
0.26820167262824196 -0.12592743327528999 -0.05082781866049213
0.26782292759048421 -0.12600497258196597 -0.045847072425305918
0.27126743891279304 -0.1291264236208175 -0.050991808447414341
0.27494557620643872 -0.085554696101852484 -0.038451745930310081
0.26510663253368205 -0.091521351798880823 -0.041790573153399964
0.26930806942277308 -0.097950985301033383 -0.036683775142299778
0.26627193984670183 -0.097947074061955089 -0.04210699037873198
0.27035228961257507 -0.088289418336580328 -0.043722342198583793
0.2649014739313067 -0.084501161517956822 -0.042556823194789067
0.25960775296600824 -0.073294856727836422 0.031069873453157409
0.25196176443255597 -0.07679630278806851 0.023887044174065175
0.24647401375133188 -0.072315232465904961 0.025677837243707601
0.25805067659232045 -0.07307469832198546 0.023180037308096563
0.26034875132211099 -0.066589460709637255 0.027101729878471321
0.25386778784731212 -0.067121227936076888 0.032794407310269717
0.24422908348654354 -0.064996860607826001 0.024455403663015657
0.2468767100881876 -0.067217396030940402 0.030796076637163113
0.25496180577177074 -0.075114832882869728 0.036031723766559352
0.24818149138029866 -0.073832148075448453 0.033414479831363836
0.25919864542282839 -0.080257749372365766 0.028654431309478728
0.26180768382036984 -0.088545261758764052 0.038964850659893163
0.25565203866396019 -0.09395313445427575 0.0449278370501573
0.25637271470567663 -0.10095122825050974 0.04604489902753605
0.25559006366949272 -0.087007419004048944 0.04199436741937837
0.24949921605121528 -0.087633257578629775 0.038727031195111498
0.26150099429016815 -0.092935042954399097 0.043247113102927184
0.2592132420057805 -0.08154313575729466 0.037028888121264592
0.25080085222324272 -0.0935724942800574 0.040868716844848246
0.24926095304385762 -0.086023399638411102 0.031667083370566937
0.25017287657988724 -0.080918063301708781 0.037416927392089724
0.26008710152438819 -0.10350635606405456 0.045812563361874441
0.26235283796819103 -0.095661337880184896 0.037886215598407477
0.26231691101954402 -0.10121029743688195 0.046250360045303973
0.26140039076954585 -0.098005379749658381 0.045906916964381934
0.25262054612390966 -0.082851425067960519 0.026678993481595872
0.25223696243986965 -0.092243600400639003 0.033827891753632447
0.24790161601491204 -0.079710135579351055 0.029452545852740222
0.26126087646840229 -0.087010564124132619 0.032408847845664362
0.2561709431556991 -0.087804666623184924 0.029173859987898031
0.26050354768109651 -0.092120819751222202 0.033649668282229435
0.25535518771453281 -0.097591836780719629 0.03703656947223799
0.25769499576850918 -0.10211335012139379 0.041191232780598781
0.26291125807123633 -0.099945072078129707 0.041959871903589914
0.25299017837783538 -0.098666782374415091 0.042786534459917799
0.27717905500835854 -0.035142856587774933 -0.00793665178140825
0.26775643652615311 -0.097128697687385815 -0.012707557015889636
0.28040788367262781 -0.091790420854236637 -0.022652981148399125
0.26604641860788819 -0.093009598429200854 -0.027221983786232789
0.26198163315422351 -0.078540796061095819 -0.019517104895318133
0.26089580060639261 -0.081281606925729083 -0.038040642445538661
0.25865853153155138 -0.073112359118883891 -0.037660264364660682
0.25891159273212283 -0.063283012094587324 -0.041770926233390661
0.25608812166016465 -0.064812508184465101 -0.034803557841050062
0.26690342350861201 -0.091489900598045001 -0.032033332039224871
0.26069773868523166 -0.055818553440831135 -0.042685732796163625
0.27871701872923071 -0.085107887439721933 -0.026291814521513104
0.26043661307418942 -0.079053692567033998 -0.029822121090717298
0.26423285365917892 -0.077318755620414334 -0.042825680559369979
0.25861603208837081 -0.070656383232076625 -0.02703277255556339
0.25323832028801957 -0.056730194722494347 -0.031775270904161643
0.24492605016147612 -0.049090819005628179 -0.0087884248958394109
0.25909933220788128 -0.077612985636438786 0.0010990967694903509
0.26578863972719136 -0.085004864595958324 0.014360767775771596
0.27217783021083325 -0.070648520431867659 0.015081605105697391
0.26464067089668342 -0.063333898524657692 0.021136183037882738
0.27072192186650079 -0.060531677174289866 0.015351238669786226
0.25198543347728769 -0.051648245176157084 0.025514038986534079
0.24333147427909951 -0.055146102573729629 0.022779417556937173
0.24767944150644366 -0.064346103004890798 0.0078434438902628984
0.25333944799532249 -0.058744321559610541 -0.012125195694259272
0.25067399904653825 -0.050034758251226712 -0.021983594757276521
0.25061899976712793 -0.047368623827552338 -0.033046978032829646
0.24013288715409539 -0.039763804109553248 -0.00083526296755728551
0.24562212975125672 -0.031302987542138935 0.0093586357320684065
0.24650115049256585 -0.02574681033807056 0.006088718896450805
0.25972037245823199 -0.048264095966221811 -0.041618982659609102
0.25334662532064151 -0.046943951972163965 -0.038489326083103667
0.26730845852450424 -0.039204295311094227 -0.038654323921334714
0.27549560932259454 -0.04523715981808725 -0.032045922600072288
0.27434018091240125 -0.032115396252959859 -0.030233143931384012
0.27744594667288724 -0.025643585884045261 -0.019478042907100562
0.24386731403282672 -0.062408950965717747 0.016670485498179118
0.25064851550945072 -0.070084293953283347 0.018093712819079007
0.028567392914206267 0.5746716134214106 0.14882478226460111
0.03061914022616833 0.57500064136861606 0.14841454570395532
0.031328405127068769 0.57714125848396569 0.15019748605390187
0.068737068231990911 0.55347156859954794 0.072455258649403859
0.067323014178001406 0.54785059385734736 0.078642717905120521
0.078792138105363008 0.59224194773450434 0.067906769855705082
0.078093840802702805 0.58555324504597961 0.063494025251254846
0.079074916658518929 0.58691975940024421 0.069331589897672921
0.077796344700437725 0.58014791263976639 0.066727551434623292
0.18122394122548544 0.26706725649590973 0.031443356463082862
0.19598979615327969 0.25772149184549026 0.023754636634648926
0.1540161928572984 0.26487002721905584 -0.027463774973171325
0.14993406892112157 0.2776046990815883 -0.025341333022920277
0.19454634732312437 0.27436659634527777 0.026057560091234791
0.21273304452849576 0.26758563680096803 -0.015573053746913364
0.14872763311470108 0.26299714853133443 0.00063090733909919913
0.15180823791451836 0.25390968694829241 -0.0071480633230152461
0.14281327511957551 0.27267936038659246 -0.0049616806782444289
0.13907324347556707 0.28188327205683172 -0.010166068136553489
0.14347056489499199 0.27587044760985863 -0.015879511425314047
0.18272662315054805 0.27201606262537525 -0.039040357170055259
0.18358886991807813 0.28982582928534484 -0.033445763130607049
0.14885113956106027 0.27890250465864214 0.016830039859342432
0.16551523574750626 0.26253989645764425 0.02599468793110242
0.21045714692749989 0.27696559455178327 -0.00025123836126731796
0.20918946192355412 0.26163853729933118 -0.029014621589770435
0.15670486730823843 0.25191084216901827 0.0080068691684522571
0.16792927669986568 0.26437059827860365 -0.037777853549836968
0.19807404303943871 0.24324345572739628 -0.045640885610595643
0.13580889108317437 0.29941215530010618 0.0081124323015140665
0.1364261007385513 0.29050533651160826 0.0026869489496369175
0.13606747640491823 0.28701183389568991 -0.0040809664107364562
0.1365119463880122 0.3083047807261754 -0.010851653912209153
0.13429814474764085 0.31076015178219724 -0.0050998542711472193
0.15352115902055288 0.31313270134268489 -0.02679408616665608
0.19442094574030466 0.30713519927560612 0.029746171037979344
0.14253460941575949 0.3119211849576678 0.037912283805254035
0.14827759868838222 0.30109656871512663 0.036461153624125574
0.14554247323313099 0.2980941080527707 -0.022797535706086881
0.13765027824800757 0.31590403600094985 -0.01142732177314883
0.14013460053761922 0.30405911054565238 -0.017139404192642448
0.16859338090212991 0.2774823619747474 0.034611268586758837
0.20275156240066899 0.30020190301750432 0.013569155163452111
0.13342976902815312 0.30414185139708211 -0.0048910465230339508
0.13299683115203223 0.30577183004142516 0.0039131728032500198
0.18107273352915917 0.28458831726102735 0.035708865093363795
0.15684272840523544 0.27876371615444095 0.028626901428234278
0.20416533420029195 0.28315309412955231 0.013651946417447155
0.14042197580474347 0.3078979312179273 0.029848639453522965
0.13946202870436075 0.29912465906682467 0.016137145711697588
0.13840268774492612 0.30652077184184146 0.021062434004127953
0.15392171828863391 0.30300646304690865 -0.028398359502623753
0.037927310605001756 0.19813832087947519 0.095955353981622346
0.039552410281010107 0.24932611796904589 -0.055671086858178641
0.10469562936811951 0.20135166587564057 0.024874561477744746
0.082327938554200231 0.20883939035360477 0.064235668760195153
0.097271573410821627 0.21405109626441607 -0.0093998483367036569
0.018325712582541669 0.23470372890352595 -0.050991238898424843
0.10931907685714369 0.23523839931773508 0.021479575716239312
0.06911444231996855 0.24230991957130504 -0.045790127606869513
0.10326883354558636 0.22068117068881846 0.034823150891364028
0.032259602604123361 0.28686215843735324 -0.061848163185414293
0.095987275721306164 0.24100477538072287 -0.028006802132730737
0.036235074711824661 0.35864944370103186 0.098281875919348158
0.078342990764195888 0.34272053949514952 0.09509453864695093
0.11710651515025236 0.32949563212010152 0.066467212103602
0.1180510189045838 0.32663857277853292 0.052155040747864652
0.11810795364250708 0.31990487067958151 0.042410027296065779
0.12567007230706367 0.33425839230000759 0.036360066238874951
0.12617563019947356 0.33013989787260795 0.029943910382721584
0.1048262324956928 0.30712665100050712 0.064117928367322524
0.051834588072030188 0.30684359019298468 0.099296257790408474
0.031253204499429151 0.31237988862524257 0.099645527407895576
0.037331955502000483 0.29264748586494721 0.096447504791624575
0.21392766597357676 0.14805470287155617 -0.0031158480071392606
0.24882962804983086 0.15787013878779069 -0.022778725468663927
0.1899651573449668 0.14045891529328441 -0.042510563720226373
0.23382309079153785 0.13287320822810086 -0.05577201799547632
0.24037119048350541 0.14599472986091405 -0.050796836203514904
0.24599357649753839 0.1565379788221315 -0.038027134558000192
0.2464967150668069 0.14640278903073281 -0.010570367274990233
0.22460704218354013 0.16124243331433408 -0.001666955699916318
0.21237744434878916 0.17009449475573568 -0.0039090936625791259
0.19930088180435013 0.15846755031546217 -0.0084094681673069181
0.18763184114141945 0.14098334390619563 -0.028439598881668422
0.2010829149081188 0.1331591722233928 -0.051693649050425054
0.21730447656998383 0.13521301628207716 -0.058065768185151752
0.25156793894721818 0.1051838935886544 -0.0085601415964393409
0.2154529282479575 0.11894863260061267 -0.0041704410449091706
0.20595740749509658 0.099894930625533646 -0.020489118369867814
0.24164448025272842 0.11651939023451593 -0.0024353125685408852
0.25441709516652566 0.12290261305440957 -0.031674536336869188
0.23782537706405441 0.096913114853982782 -0.053090067246766307
0.22338637269263867 0.1198439434510726 -0.056940551072684496
0.20455863549894931 0.097878747363747534 -0.037029627465849931
0.24912780962698591 0.10908271347483144 -0.046471167071122303
0.22913194257661201 0.1094894823389749 -0.00039409939275623034
0.20958619059666148 0.11956306003437739 -0.053744751209549455
0.2121359958992956 0.085550118568416059 -0.043990453605196163
0.25807495046783735 0.070856923978963024 -0.0091203963528668306
0.21679198328456922 0.07174868648881591 -0.019585007231481651
0.23790323894714913 0.081630573147329119 -0.00069292612274897143
0.22534312124925557 0.078323600345598585 -0.051005049201355949
0.21627178848715498 0.087231790083876451 -0.012655702856562872
0.24983324393291279 0.074781549978646417 -0.045786790957037249
0.23870351072021173 0.081497429730457482 -0.051355352071434657
0.21816849750781733 0.060351416458748516 -0.031414842158685646
0.25917247641085084 0.07058031469981714 -0.035282694708655145
0.25825563358443404 0.095868289833395431 -0.021103253468752841
0.22606573274948505 0.077834090630025568 -0.0064843623412745195
0.2200125459281059 0.068896062573006012 -0.044423744299275175
0.2534659382735559 0.046599257927124535 0.0013525511100720749
0.23333249238055123 0.054730361072443251 -0.0049603399700036714
0.22900819419793864 0.032422104963693354 -0.020361932536231368
0.22997818148935756 0.033284754951746827 -0.034573510451859524
0.26724741093724103 0.035810447667073496 -0.019438446651689291
0.26056399043757456 0.055739218822331002 -0.034901308576468337
0.25604860604885815 0.057917093514055239 -0.0020945105820480195
0.26249920701823465 0.057761692324284374 -0.011156659996725085
0.2401303468647972 0.038734844836072729 -0.044707974446315898
0.25165451039362147 0.046354019204709745 -0.043199062764164568
0.25244792741778382 0.032894356840859042 -0.041396979519863111
0.24652852916611395 0.036282941476553282 0.0018198332942851976
0.23962833731299454 0.026654599883239628 -0.040732058796038674
0.26616234450840481 0.010084413756725225 0.00011528909462716694
0.26115878103184303 0.022549411733116656 0.0017466386887502311
0.24820854747742799 0.02517090964483553 0.0025502975142104589
0.23674498799329127 0.030429953645109961 -0.0057569525168150422
0.2520889401856794 0.020506212696253617 -0.039562860404966677
0.26337213912963831 0.0023604826960734369 -0.034435498147166121
0.26238235371051383 0.041322714156128662 -0.033817613097412207
0.2715321531864946 0.012193660315343569 -0.013075334455407093
0.23787271515351746 0.004773757529438225 -0.012711014631878969
0.26824501883452201 0.022085869419259368 -0.008059321545181089
0.27477553811166344 0.00440323819036077 -0.01989406568225912
0.25287743791945466 0.007761460320632717 -0.037107489348944797
0.24330518430096487 0.0038215119410549303 -0.033849104620300406
0.093292069097885039 0.46575666943566235 0.037970428204748004
0.10664907151644344 0.46103447324042407 0.036138657849401207
0.069115329405120302 0.43650624621729273 0.06870151750759515
0.057498102579463882 0.44161190513041387 0.066529469352436019
0.033359547870277964 0.4228099740502308 0.080665715593754531
0.075847136367610993 0.45398230757198377 0.049557393330112984
0.098373373491384655 0.46890654752142302 0.0050392971618953364
0.10864295668327792 0.23271843233384276 0.0036838411304887949
0.10309242456653915 0.2579324568234046 -0.030661505254562793
0.072953424280452886 0.26988173575019297 -0.053589753240302115
0.018116158876459763 0.23326455421092024 0.10208057614953119
0.10808699622542621 0.24987280435485654 -0.017196873197759446
0.11182013279848217 0.24616067557107665 -0.0037931677620624406
0.1043391824253134 0.26084951537887552 0.041031718741487873
0.026818343249262987 0.31363737214994286 -0.062766865866495922
0.12491657411473148 0.44201689982425385 -0.01193209338553773
0.13858224184405699 0.44037942127817287 0.0031912770194499249
0.16536983442671901 0.4188317197209171 0.017971093457871592
0.18995616552729197 0.38560126800293038 0.025805355734275955
0.1974156242465562 0.35883008649557607 0.024673898784206994
0.19900007929379207 0.33311147184286094 0.0019242069268026424
0.20766117549524693 0.28349155743700871 -0.016680035211203724
0.19909294098036254 0.2965263866572615 -0.02178432317454489
0.16556394478674952 0.31291230100451983 -0.029561862403800793
0.15152340293669236 0.33110093366840421 -0.022966848003919786
0.14480006360519587 0.34059580926842747 -0.016315836353832647
0.14871178654812617 0.34819990318948413 -0.017846975567343912
0.14587625918251423 0.35024810216083901 -0.013595962714884051
0.14773817027199532 0.35535142239492384 -0.017827409291439326
0.14665927311716942 0.3559801238352216 -0.021534255886360772
0.14338387248243176 0.35102067268393461 -0.024047035464421145
0.12276329587494303 0.31848634087778083 -0.040626435179898342
0.10193901225896365 0.29804193131702517 -0.050641465255283298
0.084946009091469099 0.28862987721253625 -0.054617703481979349
0.086904410852232494 0.25295268335773136 -0.041723336131100297
0.084708108982582686 0.22486958355499936 -0.028737215950090555
0.068440257604615792 0.13873321209665374 -0.046972823804966889
0.10893117871350178 0.14722793951009738 0.011171313595625731
0.10774905710465041 0.13737258476203296 0.032447133634374119
0.08691033819392853 0.14904017383107884 -0.032785338315620041
0.013273762643155395 0.10960254537377452 0.09251711273845456
0.082309793630641323 0.12707328421755476 0.072101089902555787
0.20698807947530776 0.29568091386351064 -0.0032661988598528596
0.054994546670879378 0.34751370250253005 -0.062104167895807472
0.099233241257825761 0.37727669965041899 -0.060764442505075442
0.13948243166285176 0.37862248846977375 -0.030836603766908419
0.15344470840929042 0.36929244941977207 -0.020726171715654784
0.17154241484511737 0.37110403858791607 -0.013472375624420187
0.02432809361795514 0.40627744872061478 -0.042922140989112949
0.12491399350338088 0.32085340663914835 0.026925018484031515
0.12239676841904851 0.32546003983234095 0.034872847820889813
0.1275630716989096 0.31666547763759567 0.019043912063305333
0.132423612855773 0.31373422571969634 0.0059927826533884608
0.1296536894693405 0.31329019927917817 0.012805717585214703
0.13517930255772473 0.31305867005456367 -0.011039877252595897
0.13330993188855822 0.32076856904099627 0.012625377206063075
0.13718129245708252 0.31975680810333901 -0.0084104358965634094
0.13575030314110459 0.31734982351014152 -0.00075459870182385531
0.1348682582458689 0.32634551210202672 -0.026607556352468201
0.13626118354442501 0.31695740929663602 -0.014985148143084374
0.13799108023450046 0.32337321233483124 -0.014623539977577029
0.1380628938097421 0.32913273364891887 -0.021017972328024912
0.13267094832491011 0.33550345663258296 -0.033649500380636847
0.128687734383157 0.34620573576828301 -0.04038148879236314
0.12387170877209189 0.38096197394733128 -0.042954650643823061
0.1051978002081317 0.39605298590530513 -0.052475004740677129
0.10765643735039412 0.44182875712797182 -0.026924034060878749
0.095470548620394433 0.45834862133314885 -0.01791527104351788
0.11287665121425196 0.29009937408851205 0.038756103394858417
0.11674127800003313 0.27689704706278206 0.019247266253837846
0.11742409163458954 0.28674885347023954 0.025995988317290792
0.12318970157858249 0.28609531364569196 0.0040476972504148861
0.12151802993210585 0.28665466115594146 0.013627612058851718
0.1254014064722315 0.29002292347724951 -0.010349634279893395
0.12299172030152636 0.28768085738834137 -0.019685116806962621
0.12280265019804024 0.28303656339825034 -0.0036413854764902973
0.12291772933545726 0.29384021217356759 -0.027035625340767418
0.12698162770397017 0.29541236899483553 -0.017929766821339
0.12331607089065884 0.30458241014109783 -0.034526535260867533
0.11383893699367127 0.30934936381444861 -0.046223952568142199
0.097301452051615736 0.31750232151214286 -0.057696629876367374
0.076000037590135988 0.3524324283809398 -0.066737166670982909
0.085368463233978106 0.39158933470975837 -0.061250696214920942
0.087520047947567695 0.43959878634460675 -0.03746633545386592
0.055835503394766797 0.44431106331496589 -0.030584056672504557
0.08118428418329432 0.47799118656080031 0.0064263354408077801
0.17619380551642252 0.32450061691863868 -0.025424487175386548
0.20115912358706717 0.31240117866888523 -0.009223167183803135
0.18444825381989105 0.36477863759109752 -0.0050217504557382563
0.1584269011981049 0.3560443971866733 -0.021006470462591052
0.16431045314523213 0.34650589312600349 -0.022439546444778278
0.17786543684084691 0.3393159873267233 -0.020204595887947516
0.040461027408746734 0.36301801549712864 -0.059679350874956565
0.096163241157777413 0.35775929407327312 -0.063751691673180969
0.14901166165148008 0.375489384357792 -0.024087024859842845
0.16816612843539089 0.35908742183369696 -0.018878746323481656
0.1600866778391373 0.37880853441933321 -0.01738839286592609
0.060801648006744313 0.36860987771752995 -0.061240535057727821
0.044541094920253432 0.38642512817661967 -0.053574209089119779
0.080081556695527231 0.37197015627247193 -0.066913348838485542
0.16060941292584963 0.36593862239320668 -0.019583888294528829
0.19136433256163785 0.3263751084884543 -0.015378237750966799
0.1560927785535102 0.35777606804705225 0.071968692443652643
0.17047150145665732 0.36814689991240557 0.071226625553162573
0.18068729503071104 0.39774247989892209 0.063252556640735175
0.18878718890750798 0.39186231500419239 0.045045214544558607
0.18196743954883396 0.38977605201541571 0.011199246697393753
0.15631963042005181 0.37444173679353998 0.076797540467366143
0.1668002189119118 0.39032515772436732 0.075746163113271411
0.18092579997038269 0.40983570855261314 0.049774164683566179
0.18078277765068426 0.40428892638674319 0.027479688636207977
0.1407634632661264 0.44613612004859582 0.021925255360903975
0.11348950608797488 0.46188583305381853 0.0098760886299225342
0.091190725661528069 0.47691079749003712 0.017863504141678994
0.068027964619299927 0.47257182208036796 -0.0086133969470853899
0.052665988469509657 0.46323613794303697 -0.017979201657524549
0.17553695928358182 0.18901013402355599 -0.034460689349374067
0.22832275962997939 0.19725236474516122 -0.0071136887733837754
0.21686420008033447 0.21728274747234999 -0.046453808427584065
0.22960907342211245 0.20500177934290054 -0.038439225933054266
0.18624343191272694 0.21689105905578682 -0.049686699538627886
0.17908945306209381 0.20466912241098312 -0.043244919018203737
0.23087268589877047 0.20989284429339561 -0.017793861343881095
0.20233668880400252 0.21085162205426036 -0.054525063566696896
0.2318849710231084 0.17776197494309237 -0.050305663203282273
0.22043935485226898 0.18433551785009511 -0.0032481849829638842
0.18996011708842275 0.17963582136007017 -0.052285803590520812
0.2371651034567637 0.19842476873939532 -0.025014653835264262
0.17967831631466616 0.16470190411806604 -0.028240196252266644
0.17629178810364182 0.18107983469895833 -0.023219717674742471
0.19543569050983595 0.17538523188916008 -0.0068172813665322504
0.2258815416143336 0.19169848589807711 -0.049799621446244217
0.14972943450542706 0.38999774265925591 -0.021373169287208029
0.080407197590335266 0.41205180854996859 -0.053540368806682011
0.065414087575476024 0.39041975325918898 -0.058478232539190128
0.0024096912723863095 0.29278038734950479 -0.057014456354392139
0.010575148806310256 0.16825838977976079 -0.048112244360375742
0.0046154688243392221 0.21177419061211125 -0.043494200026366961
0.02364213486331521 0.34385012146978411 -0.061553585391688308
0.020816163824111129 0.37664315956383881 -0.054001532119450454
0.088036089573589368 0.32334789008595327 0.089691040894119584
0.13284530087928725 0.33348162828346717 0.020050642824931488
0.13487604040197307 0.3222037921724713 0.026458431855221523
0.13356464629327602 0.32855975728497383 0.02449295357427006
0.13454834308249505 0.32770315560477337 0.032378828077687029
0.13252284542661522 0.34319029140506924 0.027557137218266255
0.13261171523000276 0.33925921387700941 0.022316802650284011
0.13336372150639783 0.32638849540983561 0.016955592649858561
0.13693980368553665 0.31444445834985318 0.025457547791186613
0.13438826453465127 0.31981737182597414 0.019935553607001104
0.018255350601184446 0.48724050086198983 0.13554112565927404
0.011357255494787489 0.47802715383149974 0.098751869761582081
0.025138526548210804 0.4745178449710587 0.093668367816229225
0.022943837560655055 0.48806903839375226 0.10727129443209235
0.022453037539406778 0.49206164737370378 0.14230563380622346
0.035194120608263449 0.43887379584328834 0.075731949589816855
0.025774405313827471 0.38100181213505657 0.090906851577712403
0.022923676534478347 0.44695893184892405 0.075871645340195887
0.013889802959014142 0.39933068489702689 0.084433831547227292
0.013472812454599133 0.31218489118006049 0.095434151132899242
0.018007732877680885 0.294753587303482 0.095441368780270569
0.012684415525954803 0.27315701541877363 0.097849522712986428
0.097523747526241322 -0.0011709629711096358 -0.048033263540328067
0.10444285042191449 0.061314226424848503 -0.022276433662494769
0.049947717632142126 -0.0026774351690936468 -0.076381203623175187
0.1056504958899058 0.086953406634426994 -0.015713001510119725
0.094399272333463236 0.080632199131053253 -0.034215904250048265
0.083776871183475654 0.013107196733467398 -0.062427439870039618
0.097260363880267292 0.10680758199283026 -0.026811666581482263
0.038860040320045947 -0.016794145376046649 -0.072247885801279041
0.0063834900149150097 -0.011559980082074515 -0.077544963577435996
0.021883125651440519 -0.014138293075722633 -0.075738177773778781
0.056655008786801832 0.015852725278225965 -0.078730764573564607
0.081586617621678903 0.095313377748904832 -0.046997208566127747
0.087461339039340849 0.062053490932699927 -0.049514736065852744
0.055798689360967865 -0.017825906051671433 -0.065860524930762651
0.035771411431810236 0.063753629948138324 -0.082315692402938331
0.0084459025097245316 0.045935395657174374 -0.086035875516675742
0.04575466772994053 0.08955038873831489 -0.072342345249173948
0.029615121122562971 0.15362519440421016 -0.050464678256995334
0.028216792668991464 0.19024560170767116 -0.047378836630628668
0.091807249842014924 -0.13365523525296766 0.044672114594130542
0.065408079589675261 -0.17032160969611196 0.028434282984140885
0.032943464612040944 -0.15301215906174603 -0.0089039274148063844
0.017378063708126671 -0.10460493038042917 -0.0041001294661175362
0.017092180356939393 -0.09325032108175195 0.0066020791059910947
0.12807487950943416 -0.12507917825992659 0.009909727302098487
0.11721518308134532 -0.17704136036494894 0.01149174286516691
0.098901753665426681 -0.18871584450494747 0.021262854765351731
0.021245230783206018 -0.088256636508016809 -0.034713649744814556
0.029636411166205686 -0.09645898871984443 -0.045676006118195646
0.039398097786652798 -0.13519884406116933 -0.05547973855873449
0.11763606466381255 -0.1058835426605628 -0.044697147975258956
0.11635337985639128 -0.15479592601376588 -0.055021987499646451
0.13048093669542762 -0.11219757283861755 -0.0073987858445501136
0.1275342817535291 -0.16151023320553506 -0.020100615395440582
0.028275299966956536 -0.10050780664077705 0.022799961642611291
0.023113593401063854 -0.10758920579717367 0.0081924816559490275
0.040192522862123971 -0.16586896642085777 0.0023935253746595092
0.039018747918109858 -0.11457318687508407 0.028996533682159986
0.048543018294298711 -0.15998807572918561 0.018841162703558227
0.026429678986626366 -0.13673555779841842 -0.031143232814031589
0.032939916271433806 -0.14986268419650883 -0.044640314042466517
0.01409232046696025 -0.098186143510359661 -0.01471191583582308
0.012465406298596049 -0.089391218417143273 -0.0052597614502686366
0.063540644379021696 -0.078053866956873386 -0.061385281145164255
0.073704664437853257 -0.13397023112595419 -0.073330623631591763
0.1038399147730707 -0.14426247531127045 -0.066459010033077942
0.12765331245207689 -0.099435481980484575 -0.024756844713028258
0.12451940189904823 -0.14688598932560684 -0.036823198718825535
0.043624131127679551 -0.090380761903953694 -0.056424257433835528
0.031435137599648715 -0.078169913823547141 -0.045901557598548755
0.050246181463663719 -0.1516353222620791 -0.064778628823292814
0.060899993492434856 -0.38179091568011159 -0.091491862501158372
0.087886897979881126 -0.37990015416217143 -0.11690143130373741
0.13620561975628168 -0.39088595780899621 -0.082633082397783386
0.13938412649921361 -0.3768962419059308 -0.068523030369725138
0.12469770601455606 -0.41973568063210143 -0.042801346200774568
0.10817925308121118 -0.41524293707578153 -0.034016793955526051
0.094730800247914901 -0.42601075970758256 -0.037350369231296872
0.061426115631544868 -0.37668471241928358 -0.070219283347367947
0.066847213960228594 -0.41596643566116265 -0.058388919193226842
0.080049742596220191 -0.42198661888269046 -0.045962867279152456
0.090440493555436319 -0.40678845107058675 -0.03729748685963509
0.087425936277374341 -0.40016890070184863 -0.11640121608326447
0.10716906470359581 -0.37525575936694949 -0.11611779111720667
0.10910291033447583 -0.35503529848496579 -0.11397952276140681
0.12922764666417202 -0.40244036287708557 -0.095769815524847007
0.13770217272938665 -0.39501739561520127 -0.062037596187371639
0.1359242524749581 -0.37405827505615141 -0.050678692590118785
0.071855535438968138 -0.3940195861076583 -0.1094718184635996
0.12337373142552457 -0.37102543172734703 -0.034318322263026488
0.062554608910766085 -0.35800894904091501 -0.073594274411162508
0.083937836816471406 -0.33866635972174836 -0.10963127958001685
0.13812837682276455 -0.33766623169619508 -0.063120041682804801
0.13426467744418738 -0.32178305269768176 -0.077191198051111437
0.065426345479391468 -0.33772030356840133 -0.064276886405086969
0.08911692218692846 -0.33836382336293919 -0.030461729646176723
0.10612403807274678 -0.36836211984733752 -0.029328075144254461
0.13406685745534053 -0.32597686871887815 -0.050959137504494816
0.13291638865758668 -0.34287465135973949 -0.043952490392905219
0.13084810930415972 -0.35288185895696783 -0.095616921862706858
0.10337040479546514 -0.31195689111552133 -0.10546011195160197
0.115249603995263 -0.3040674783520102 -0.097878651302556977
0.080357117601311923 -0.35120476399444955 -0.040538381898071116
0.092726834567991842 -0.32402213626487897 -0.1092095915565026
0.070430836363157473 -0.31177499833735411 -0.087530069649718004
0.093590452285301939 -0.47401492915357252 -0.04453678717304857
0.10728015195783008 -0.45989541656398075 -0.041644990383377191
0.06195501999226749 -0.43550521192605601 -0.085555534027756619
0.074076554726710736 -0.46538449787293273 -0.10063226441881248
0.130439929168184 -0.43967114524804979 -0.082751745157603571
0.13380738504844494 -0.42855008127660471 -0.069777827437687345
0.11259242106721129 -0.43109329392367896 -0.037398604486424895
0.1160952380772234 -0.44562235759902652 -0.042027102312506358
0.062913071956189781 -0.43143314834194157 -0.069317813303410969
0.073963411047806557 -0.45658531880319281 -0.055450867969249293
0.067116000761217889 -0.46977161781311216 -0.067982024353039947
0.08420484944715706 -0.44082554544590791 -0.045199974048621798
0.08811423371105076 -0.43063317898427178 -0.11195154403924309
0.097890637880606993 -0.41522654616149984 -0.11469561720992454
0.10968733816128931 -0.43027086518284818 -0.10838038871087641
0.12449730541435845 -0.47774324724137235 -0.081854917189923784
0.13085919786855693 -0.44668845250223027 -0.066673861048787725
0.12779939924775421 -0.43507626593311816 -0.051153761970692678
0.079149512455373258 -0.44720505863698495 -0.1065932573876133
0.03390397622115672 -0.0056831215956378509 0.070583186402729592
0.041828590136372482 0.0033481713684755604 0.072731726801366484
-0.0037437361711439112 -0.036965937540839662 0.0095807799989976287
0.11948450818780761 0.033057177288263011 0.027853131324081192
0.016991294581950582 -0.032307369544215481 0.043369490531820376
0.010748271538090578 -0.034481091064547255 0.039465348134732611
0.1223299547782985 0.022545540816090691 0.00068092684504387146
0.11095349092724577 0.029415128231473769 0.04917429351070117
0.0585005491230274 -0.01413740599057089 0.065433354681254982
0.046333853689948148 -0.017911872667289226 0.061496269167394237
0.030353498545262696 -0.025838784939489365 0.053520889788265288
0.037022806326605269 -0.018858513490395561 0.058071737422026773
0.023798221527976126 -0.029737766113875838 0.048285716442984281
0.11271475817405213 0.014856206076358396 -0.022378387971870913
0.086738243674483156 0.038598636943222221 -0.055595331802319257
0.051124274797768758 0.040302082366953575 -0.081682530335598927
0.03058418100677782 0.03438143413166083 -0.08451574926371358
0.025027519938081132 -0.0083622397201699658 0.076039485883117902
0.015323695462761654 -0.0014538624904227775 0.083747086512566501
0.00099202839471118479 -0.00039911824495647352 0.086820977690666795
0.017313145203837331 -0.034571412461819363 -0.036355694763324481
0.032726451326273609 -0.045351795412928581 -0.046249678037543818
-0.010077241900485569 -0.011571310578785819 0.082436216590549977
0.046256274061219849 0.13804894686821256 -0.052751432570587439
0.098644498971410449 0.13139605016217795 -0.024351033497628242
0.062633519167222096 0.11193243420287186 0.078809308464419608
0.082840230229353162 0.12064030398505685 -0.041700775942808438
0.016969077131103804 0.09107770743736561 0.083855290740057487
0.086401312605016239 0.10381963726932167 0.06755302449040676
0.015906994272109249 0.26455333781987028 -0.055408252600168045
0.015820624435967698 0.21099065249077562 0.10246399854536187
0.03262858970521143 0.17327251763403925 0.09739223031724388
0.08051513972448586 0.18558509825253405 0.069258990042410262
0.049491433287708407 0.22941839492511698 -0.048703305164801404
0.021361156683722848 0.09379654278346608 -0.074592623226155633
0.10799752159125342 0.11403119702787823 -0.0075890353680676268
0.11145005700198059 0.10498776712600633 0.013692732173402916
0.10890291295480187 0.11115921852693876 0.034667084387729245
0.069038919115910161 0.088112343063174989 0.073300892731364128
-0.00053674189822429017 0.075307591473651875 0.081692415851808781
0.030957321279258227 0.11741373335571947 -0.061933424165116033
0.059435899771474579 0.11157405180155289 -0.057984836785821489
0.015718569321460728 0.48682236117908267 0.12439294510762124
0.021159506099902279 0.52309261177990496 0.023125945274864175
0.014138751310245523 0.55424607458115627 0.16872921906126334
0.027401722702715143 0.63042862483958984 0.017650210565241378
0.047081626150846191 0.67761994203218301 0.076688630603958946
0.017726526884566669 0.59263960381481584 0.16356233111164312
0.016944158102749265 0.58242667310647933 0.16217638152814426
0.016722467458908954 0.61718645962613461 0.16020326221827177
0.013775550423670159 0.49037400819449511 0.14302340666017044
0.019043041893912732 0.4319150966922039 0.074995406820499183
0.017870960476097295 0.41615877087039505 0.080027357021918044
-0.0049355350725601415 -0.03554619807746847 0.0047977277462447144
-0.0070609709351984271 0.23862101628968097 -0.047093195211755555
0.069536412597849206 -0.53325318528375476 -0.075826226015349468
0.074933720915644292 -0.51526067908251849 -0.099584453046222807
0.092448491440594624 -0.54802724574920292 -0.10124336024300137
0.097123188258160312 -0.5328052173626191 -0.10093598523790966
0.10913129705933278 -0.53161053543445946 -0.091481535015499299
0.1115219108992748 -0.54367126451395353 -0.081795482484754531
0.11445767888703781 -0.5376517163647504 -0.067350157631632407
0.11128155114519468 -0.55283178965586033 -0.069651493407406881
0.10093914632675065 -0.52337279054117869 -0.047795665846834305
0.10991713353765264 -0.51488345620223719 -0.052105584177526282
0.073816477489029822 -0.54206176947220608 -0.061624133862537532
0.080863885155292456 -0.54877506861266645 -0.10279635148876001
0.084631577727215579 -0.53749522647956594 -0.10347859809445514
0.073078785541220187 -0.54448123374060708 -0.097072444627413712
0.068066109280826473 -0.57132583162478412 -0.067046386409969808
0.07475827966585355 -0.55763412593015138 -0.099384944571433598
0.075400892214213366 -0.57529253368609845 -0.10123218095398631
0.071465016361923386 -0.56784150227577612 -0.092457527772590614
0.086466392397514996 -0.55886458359926161 -0.10262059270280709
0.093880972672509708 -0.57535016397942496 -0.096193358362769543
0.10791195819615911 -0.55891793975503856 -0.086216241097110083
0.10548977218922431 -0.57252789248852431 -0.088525101975905046
0.11004350284972891 -0.58020778178749277 -0.076295322691918507
0.11035611972162654 -0.56642760950999604 -0.073389660156494008
0.10918113511604186 -0.57542308641110651 -0.062384270072738508
0.071843156568895727 -0.55649666099428174 -0.063794785866633896
0.075187628879315072 -0.56594093241860088 -0.052205850000960119
0.0868883223533434 -0.56985705046523771 -0.10223288104865731
0.077602798849140397 -0.56640064413748459 -0.10251107296835808
0.069863827662960717 -0.56270221477099203 -0.079818940840688538
0.12085461120473157 -0.66238392035379867 0.066644225913434482
0.092297162778111577 -0.65824138201258686 0.078549311870843339
0.13685117581446329 -0.66032591808346519 0.036644699606439131
0.086811912064133259 -0.65175659235303895 0.067962152194612796
0.093139329163569484 -0.65280669704235628 0.062849779659774715
0.085423543157493176 -0.64944933805601746 0.061714431631653605
0.07940749294633162 -0.65745006488530722 0.052597615594498152
0.090319930618899036 -0.66204059508887325 0.058583585554603745
0.082349228597842994 -0.66097071747313307 0.059294181083231666
0.094935192731295331 -0.65862129575983075 0.067042990850185641
0.093336503999578754 -0.6534763102450234 0.068981090457589045
0.1133205566886131 -0.66220375701365819 0.068664360736351196
0.10960951660024683 -0.65586755285696918 0.062487990045031777
0.11098522438244801 -0.65746204116488838 0.067276455533313254
0.10306177980675044 -0.65468135746076594 0.062282448383159127
0.10352657210423079 -0.66472195770264786 0.062492647242078675
0.10132188324769131 -0.66090989732744632 0.066750030978810368
0.108424935346202 -0.66380032820759416 0.060819665128900385
0.11443570336850509 -0.65344586079517564 0.05115291678071987
0.11428731821584369 -0.66357532233501204 0.060940671608013669
0.1157504038854951 -0.66611611219376865 0.057167616203127547
0.12144170028700052 -0.66520500801444338 0.056445790982918999
0.11970148115152249 -0.6555391574619599 0.053812236777546443
0.13391222238456435 -0.66047841356533843 0.044568043377005907
0.1318353141119335 -0.66079796898040122 0.050696793724495669
0.12654800435295932 -0.66594675232851464 0.049164858150450422
0.12713239185772038 -0.6623009413502472 0.051951656315792981
0.13154354374110275 -0.66558205495826972 0.048403517318935343
0.12588265016707209 -0.66476795130367783 0.045772543724913441
0.13900062345927816 -0.65643321454860448 0.033515930115085524
0.13252062771373585 -0.6612295491374155 0.034819945288201912
0.13460394719269078 -0.66354004841460335 0.032873660304170764
0.13639037540016596 -0.66330826087684092 0.024942080754410918
0.088750596341295798 -0.65570032974547388 0.078641830819968783
0.091569631987494932 -0.64925393108999108 0.057585312343458726
0.091401489029180327 -0.64561590919818079 0.048871172482132755
0.085279109565962546 -0.64646305535710435 0.05439224933962724
0.082977567139669681 -0.6616727741771431 0.066092721042367727
0.078865322630384829 -0.65036052571459169 0.051427852694693084
0.085268424222088732 -0.66215156074691839 0.072003208120467274
0.086345063341983011 -0.66115214969785863 0.050949250094281757
0.094204073278019385 -0.65873857874942188 0.061951081756916965
0.092760342193497727 -0.65429114079911377 0.07481204228742111
0.093305294731056962 -0.66104584753718099 0.052289252699123774
0.11226069154249786 -0.66371967433738988 0.073172910537193742
0.11018293650676782 -0.65914720179794162 0.058151877501079578
0.10615145706834718 -0.66346421271463929 0.055596427111115974
0.11198222744894376 -0.65930387061223328 0.071287532013242699
0.10913827277439 -0.65174563357524784 0.049076028669115375
0.10309585194098925 -0.65092611936276368 0.05370346804132254
0.10774175881317435 -0.66365370808977142 0.073442745711544161
0.10406479085904696 -0.66136134869588614 0.071110820618803042
0.095613127397516928 -0.65036720531457692 0.052763823094299701
0.099465173702963733 -0.65409298815333494 0.058086293682926393
0.10593976629349068 -0.66539772994130397 0.06986077651276193
0.1012019654639916 -0.66331371128426153 0.049825212401845842
0.096275215497163516 -0.6622472040250692 0.044357098560117776
0.12200641063021296 -0.65838556737148279 0.058750337402112197
0.11414119109811414 -0.65017656013092073 0.042828630682575072
0.12133613715393865 -0.65099449548304233 0.038098491043023139
0.11969482801288407 -0.66585622113056386 0.066378806003816695
0.10994273804089724 -0.66031340942678662 0.053229482315905588
0.11403748277946057 -0.65698773475314887 0.055057583364488308
0.11839589341836435 -0.66724459562873861 0.062696334089542949
0.11283145019356354 -0.66436212717262044 0.050993705157001606
0.11213795121513354 -0.66389739819336291 0.043480396336819077
0.12422126064394558 -0.66259273597731272 0.059269544309243589
0.12217878740402466 -0.66222968535338567 0.050493610902685733
0.12181238091428744 -0.66308944160415073 0.04010743649641188
0.11873467930223948 -0.6641111964254871 0.04562651741231484
0.12954768279370277 -0.66412211204608163 0.037438721461386798
0.13393915751553648 -0.65396167434958885 0.033799888088272945
0.13298533936711146 -0.66191325993763672 0.029190432351415465
0.12969945499876176 -0.66373579622797862 0.032163871216589833
0.12861959011467938 -0.65228297406536118 0.036270168223152481
0.12508919282085734 -0.65499261346339677 0.042530368461315235
0.12814056413271815 -0.66628352636248855 0.052303607349761638
0.12624345189153244 -0.66063167894639863 0.048903329318884782
0.12390356319345126 -0.6639466585106657 0.033305600209495925
0.12745246830930351 -0.66365820462864089 0.028172582783852797
0.12536874560982503 -0.664122939278187 0.041706568770704416
0.14143780926968844 -0.65776556793410867 0.01468688245469469
0.14207973634315835 -0.65948871572067125 0.02884019500467187
0.14082777693963044 -0.6540069648348309 0.027110308395109587
0.13701040759920771 -0.6637043264411967 0.035784005237924826
0.13800317685020655 -0.66421729382574257 0.03029951056242813
0.13121560448931072 -0.66342454936081274 0.024759966204955759
0.12302272795978622 -0.66539695988460879 0.062989818147598908
0.086037365760472467 -0.65914280228401045 0.077062557156460335
0.14048677334287599 -0.66083608025022811 0.034364437143276069
0.079198987613611202 -0.65334262878076566 0.058805114910234602
0.080227885423518649 -0.65556628790287319 0.065550369277185244
0.090726296262518866 -0.66249190974035443 0.065718854972944871
0.095374461169635896 -0.65841251699319259 0.072376187104738351
0.10971798292107811 -0.66543528725543499 0.066260642229394345
0.11198166294021085 -0.66039941699448901 0.063678095420249117
0.099124049140052101 -0.65960361466891704 0.061763100348844399
0.1040382186265459 -0.65713216330442292 0.067320809790902131
0.11883475863618127 -0.66037731924973497 0.063675030944270294
0.11622378478012678 -0.65868339298051948 0.059094687729212142
0.1124649227376691 -0.66228222309750617 0.056600123638302462
0.11840867550896048 -0.66501225127831121 0.051680732446028832
0.12400110223809462 -0.66044835536540492 0.05461603673018986
0.13056827426082554 -0.66499794892033504 0.042815102634010387
0.12901365753233138 -0.65725630860329909 0.046363604529339061
0.14134768948267826 -0.65942424579921444 0.022062531788141899
0.13623944995820639 -0.65455115251345963 0.030060501597102079
0.082617733144465882 -0.657186816066196 0.072045909173909795
0.087064489400076425 -0.65411202772243071 0.074399567852869719
0.080548969926410571 -0.65762159867621206 0.045182188556403866
0.090950083653081534 -0.6619167024328565 0.073711814766899933
0.095068053893800644 -0.65462257042856264 0.055842512596630138
0.095233293664345658 -0.65878459566163849 0.056950139213758189
0.11008172815536019 -0.66592693781997514 0.071110014177755893
0.11093139444255583 -0.66084757896550161 0.074089592075401195
0.10996366518606876 -0.65629504095570168 0.05172323188920968
0.10822308315211975 -0.6539758941733641 0.056652461662257569
0.10829179192933028 -0.65897748753964924 0.07191038675594931
0.099343925291536406 -0.66293555564150353 0.056749496681246576
0.11661918282550637 -0.66434811651949166 0.064589777023964651
0.12306200163877869 -0.66122834577616552 0.064028151317757159
0.10797054613822882 -0.66276471425584149 0.049084113240612244
0.12028207838336231 -0.65325044752882866 0.046689285746199322
0.12392408711809916 -0.6581539367117053 0.050236759429193117
0.1330223550111721 -0.65580907958073575 0.04065648172228499
0.13375460348191404 -0.66057385460319529 0.039957720716022702
0.12947889337238741 -0.66391905019042874 0.053678407885784707
0.12446666065456974 -0.65961325604965415 0.045042654094234177
0.14120894130052933 -0.65281571406131389 0.020924300733277567
0.13456455254754135 -0.657759912766266 0.036646332649559452
0.13472987296219111 -0.65854026166527335 0.032443605454793203
0.080596711236397181 -0.55289879482635895 -0.050735052738796062
0.088849748268033268 -0.52611141393447147 -0.048425879364095356
0.096731701451858929 -0.55380747243717421 -0.047386497820575857
0.068913154634619209 -0.5082901857311205 -0.089658816960905857
0.068164333800359883 -0.51642625856939184 -0.078211824800029944
0.074216069027854367 -0.53156915492823165 -0.098797162453889933
0.1066674986943691 -0.51769286495843703 -0.097208002327170071
0.095174544434066574 -0.51708160280578208 -0.1034745104463978
0.10325177731744072 -0.54715316445930717 -0.094516548174745946
0.1159676994256288 -0.52603412664062277 -0.078177863551435106
0.11681724474666748 -0.52023492842701913 -0.063641259652297458
0.11097764383660545 -0.53170461686311365 -0.055095298031081902
0.072136459177716022 -0.52383004261486865 -0.065032425901319635
0.085335237862838725 -0.50672367399718188 -0.10444511516924336
0.084170374092394695 -0.52420442279045909 -0.10393196917060625
0.06918996552402687 -0.52413826438305988 -0.089634548125645516
0.079155399475016888 -0.53188031012573156 -0.054590022393038576
0.087249728908588994 -0.54210851281139694 -0.048238825363226864
0.10027830821072711 -0.53867983797515007 -0.047803871384488272
0.080605017579182106 -0.57703492013189039 -0.043679258085643949
0.06919036874455034 -0.57959383821835642 -0.054379526158983005
0.094623866165072998 -0.57915320891074906 -0.041576382411297491
0.088217659775337839 -0.56469303546184779 -0.044932255782019877
0.10951262270844103 -0.59742433041323595 -0.080664272507256191
0.10608246603677023 -0.58611642413169729 -0.08729510801039686
0.082007781458512452 -0.59024442448293934 -0.10514144929197952
0.089118777001336677 -0.59643904594320529 -0.099026340398826615
0.088400802537127926 -0.58598904676831221 -0.099945476541971015
0.074070022554229453 -0.5905766076307416 -0.043625539031395821
0.086810016927672651 -0.58965724971630917 -0.036201765328464496
0.098228899577801537 -0.59913713559336979 -0.031004595517526726
0.10744841588230181 -0.56121959306697533 -0.057398680151013327
0.1011719255349882 -0.5690515872279347 -0.048512027428948876
0.10872356046593284 -0.54691736109714306 -0.055756746018147389
0.082524306949162504 -0.63629167400358988 0.029538038684242984
0.094923096115589259 -0.63668594807176015 0.032153699978883628
0.10343794423315743 -0.63552876817241788 0.023840885504633386
0.11119449583416328 -0.63500641362507448 0.01609496884493573
0.11631019493832054 -0.64247070343023638 0.02386207474314515
0.12326445866364619 -0.63639554361045292 0.00067807405983986361
0.12153798934802092 -0.63969741567256067 0.012503584446928962
0.13247861213518336 -0.6431985366362456 0.00099203163997826829
0.13120846748604403 -0.64480091483575264 0.010753264637336425
0.13772483372280933 -0.64910838864202069 -0.0066955490904766412
0.13889203617228985 -0.64865141504250456 0.0044059687660898848
0.079393743126479011 -0.63439543876704274 0.017292906778822746
0.075593792912673125 -0.64467818962915779 0.022721686458479814
0.088537695904868652 -0.6595891957550083 0.019389330924792676
0.078157872221840452 -0.65437965400435061 0.017270759891567573
0.13538421922778593 -0.66106820926537146 -0.00024264976411599059
0.13753229592282087 -0.65692749738712486 -0.0083809302347536332
0.099125137835465713 -0.66083749404218883 0.016160038556921507
0.10853162749672964 -0.66137382963115376 0.0077977388439201449
0.11009620377215525 -0.66232992156531234 0.018480290415506296
0.12663711608866068 -0.66299672230482765 0.0041993988918823241
0.12610909881309007 -0.66192759631734466 -0.0070746469461923853
0.091546366163286916 -0.62192266871506008 0.0051091551175978722
0.099492955597035526 -0.62749990159084179 0.012670779837013209
0.10357149087055262 -0.62175009537124315 0.0012502137411985203
0.11286471588675533 -0.63022485580838694 0.0052465726720191102
0.12453262753222015 -0.6334522555599259 -0.013424533509302592
0.11596415108502174 -0.62658867109008698 -0.0072999060916659345
0.13410588920201891 -0.64578363129507388 -0.015319952224289642
0.13052557320738298 -0.64051553499404623 -0.0084125931263643264
0.13422036350865077 -0.64975504725632138 -0.023656375260193017
0.12977417176177306 -0.64125208028349201 -0.022676670354156894
0.12030385229163335 -0.6256778337293426 -0.035665361066004167
0.12373872664342962 -0.63152431206945914 -0.025340990285475273
0.12318401616920072 -0.63795892786520569 -0.043270916661458735
0.12742210580388122 -0.64724811059565979 -0.040582675672581565
0.12705541705977733 -0.64010031865993466 -0.0332331147070071
0.11436687362513742 -0.63654610111368481 -0.068418989394139679
0.12283172239778707 -0.64624937872116939 -0.0499962872163425
0.1018361910254619 -0.64298035149083188 -0.099725862483826991
0.10541517639236997 -0.63515089005878589 -0.089346058961824945
0.11116542363441637 -0.64119056143224173 -0.079916081705064979
0.11845915871850721 -0.62628627333833264 -0.048775017934912339
0.11863363223904139 -0.63692242934842946 -0.055838766112891215
0.11432840638719213 -0.62438151250784102 -0.063468580463093033
0.10903855633891944 -0.62591843289560833 -0.078008586535398022
0.10154365453563639 -0.62257108763895885 -0.091121126431049485
0.092325105960392576 -0.63923730325328165 -0.11027183570370661
0.081947822566662637 -0.63398801466954857 -0.11366660095398821
0.068175422364757182 -0.64485716409878591 -0.10542084079273784
0.077006637305091899 -0.64174887821002791 -0.11227796869394363
0.09370395886267735 -0.61924999707864803 -0.10085601904770758
0.086491311425869535 -0.61486097696175135 -0.10726105357779621
0.089917153637938577 -0.62609691594022343 -0.10926333329190516
0.079226043710740365 -0.62317468860166647 -0.1118037309556995
0.069748264660915077 -0.63208763886225028 -0.10654634267969985
0.070360917924376196 -0.61323334203670121 -0.098930149622808744
0.067016203681642766 -0.62555932721747531 -0.094631682754985194
0.07062119677231897 -0.62162435105097835 -0.10478588691419696
0.06469639536563368 -0.63810443251125204 -0.095313264046816504
0.085589186148561744 -0.6266710843248412 0.011861002140108334
0.091302820967071124 -0.6307936311185024 0.022277125750768033
0.074746021761938022 -0.64486870880640046 0.010588095430382886
0.076541482109140413 -0.63403718741239379 0.0048202173709448945
0.11562342974263358 -0.62014505087602423 -0.021845411083860653
0.10520771943301051 -0.61582389781349522 -0.010795898594317182
0.091882652079916277 -0.61588921449805156 -0.0041326996039061743
0.092627077810468861 -0.60881490698261254 -0.015818736011904026
0.082256004012801462 -0.62335743822344625 0.00073179311408798635
0.08155625511625661 -0.61688597563223324 -0.0095579511039822432
0.072162950766112274 -0.6253798310812948 -0.019107342118787472
0.0723979880092816 -0.63956162864113153 -0.01715831523519629
0.074198609579185157 -0.63133298897129764 -0.0068170192731919514
0.068548038450557028 -0.63307403470884882 -0.031512592894103922
0.075713267153796976 -0.64670112683471326 -0.0022911612313766794
0.078927458913061771 -0.65035729995040337 -0.014332505484201617
0.070928087912782337 -0.642670622685934 -0.044193959003424932
0.066884511858655793 -0.63966240605060465 -0.058448852883793957
0.063456572899864352 -0.64169824379278484 -0.085187192079506202
0.066685764462604727 -0.61628830201122153 -0.076383028196044173
0.065425498716292052 -0.62643472149420087 -0.06605205467944239
0.065256791249244536 -0.62509690636069903 -0.049807489286709722
0.07796476991311882 -0.611816465439047 -0.022330414810083188
0.13112911368701216 -0.65696754348543274 -0.02560773074230761
0.13692480388206091 -0.65291497687369537 -0.015859521767859725
0.12435674273985371 -0.6545953832847633 -0.044923022032030892
0.13133737708741866 -0.64851656801892099 -0.0317595654647699
0.11489835859721055 -0.65520514470103208 -0.061492981347000791
0.11861673729910512 -0.64646090064743167 -0.060308319448851191
0.10874106023665436 -0.65307650449529575 -0.08025912156546347
0.11462856374491254 -0.64691423770185108 -0.070770213629188672
0.10760788959936034 -0.6470266820451599 -0.089331265808867702
0.10229299955657614 -0.65323858276492353 -0.095937177243397287
0.077133046939220573 -0.65032353149162136 -0.11044933841842383
0.086747437102419833 -0.64817330512717042 -0.11151632292690765
0.072424277987416075 -0.65329881383062682 -0.10634566486539239
0.064912965108825021 -0.64828891601165306 -0.097036187541962984
0.068876945431605524 -0.65488861154979949 -0.098743022538220357
0.064527687898586164 -0.65084661309597125 -0.090359382379010894
0.069736813198046713 -0.65006217780897069 -0.065250215386594687
0.10596291115154173 -0.60854700726677502 -0.024427232096063508
0.085590718386551384 -0.60142095647765326 -0.027699275919942701
0.07492190655430471 -0.60255080054562804 -0.036021525754443777
0.069216658722684982 -0.61810841425318164 -0.034170703229359847
0.067441480367816387 -0.60827138587791174 -0.048138705707232804
0.064849256266106284 -0.60801242757718377 -0.064169780953522645
0.070465029463553236 -0.60193308182434013 -0.092210187263196908
0.073429990617220234 -0.60482195022495933 -0.10315051519535157
0.068323726873313936 -0.61434959253277632 -0.088334222420319505
0.081781131202232793 -0.59834529112924928 -0.10590911060520103
0.076384024494699554 -0.61350431630903068 -0.10819137657034049
0.087798229786755375 -0.60529736234297826 -0.10307780949470144
0.080974367578741394 -0.60616284999546621 -0.10793612537830065
0.094073349184288876 -0.60899448124276945 -0.096402841505259712
0.10505292307402504 -0.61130750537346989 -0.085421710176251456
0.088882530096596787 -0.65668207847553861 -0.006792705075622716
0.08190786341278021 -0.65540986480108798 0.0062760753127119049
0.094011938698554232 -0.65929464190250087 0.0057817571923957515
0.1169566784037063 -0.66193835285484204 0.00051693705812167704
0.10369491667280716 -0.65982416180455383 -0.0035350360634075909
0.12198637057019333 -0.6607566338364822 -0.018468771856176139
0.1138149856945732 -0.66066608751776179 -0.011524981783949322
0.12195959672743042 -0.65960026163825103 -0.028715280753610174
0.13163963119186153 -0.65975972905498903 -0.015774492639959017
0.12765069151867392 -0.65567567659065207 -0.036140526211452424
0.11160501464917549 -0.65951690461545887 -0.025848171140492305
0.11792210930320919 -0.65900632914765933 -0.03720463525357777
0.10119015110265202 -0.65853025297584067 -0.016957662622171535
0.10057665107609171 -0.65800389394467296 -0.032668152350967303
0.088658581417824844 -0.6549223699280684 -0.023342468082620013
0.076108463588914876 -0.64691412681620719 -0.029425251290426696
0.11661277161918224 -0.65817564320654498 -0.046229738782654954
0.11995276818179028 -0.65441000138900329 -0.053568483357685569
0.11002535792616983 -0.65849377033890966 -0.052898562699369281
0.09776934914712726 -0.65796920878923204 -0.049360030431484958
0.10836445226767151 -0.65863169506914554 -0.041637137663681323
0.086726671245457673 -0.65454710518745463 -0.039456420267266187
0.079000603116031271 -0.6531651575676517 -0.053218427460177541
0.079656884840138789 -0.65641364575257166 -0.066929855678667813
0.091765153619357859 -0.65788589964887689 -0.061591543563722713
0.1041171288830019 -0.65849966239880986 -0.06136053348553222
0.11075478385324693 -0.65548745703045774 -0.070178225417558873
0.10149204230862366 -0.65824162268483688 -0.072674185659531237
0.099682348276940558 -0.65720236210747451 -0.085954203199633469
0.091421650055357254 -0.65825549536094274 -0.075627907041104697
0.08062917048854186 -0.65753556716729111 -0.078211189727705382
0.069976043934660739 -0.65452283257200183 -0.076046580991205495
0.094245725958100671 -0.65718231826726226 -0.097885092750420469
0.081202751683272317 -0.65514672938774887 -0.1078542716120228
0.067884539079078099 -0.65551190353476119 -0.092752642353638559
0.067896353440417681 -0.65557333040132959 -0.086826641365895851
0.087382549749041902 -0.65774184155645887 -0.08870223675189455
0.076617932720402959 -0.65659944724968888 -0.102288346551798
0.079550273333715962 -0.65634893515886472 0.0274580256135811
0.077829691037734156 -0.6501240734193976 0.042153437915913465
0.080397963840346268 -0.65730944739801256 0.036887478683660442
0.089657318332571845 -0.66053645526960514 0.031737606640133448
0.10052548239165493 -0.66173567720884685 0.027303985293077152
0.10629326972647506 -0.66283135054256426 0.034914802916363757
0.097689995348095221 -0.66200305966835649 0.036322223992741126
0.088304594120212271 -0.66063633992363791 0.041946021278606402
0.11159013581185714 -0.6628425622782308 0.027558729939334191
0.11471763515856159 -0.66359330250518533 0.03611246867639753
0.10443188282367441 -0.66314424746371614 0.042347830530310361
0.12154319089277449 -0.66326660378653512 0.020066116412522199
0.12024175633100874 -0.66314971614206675 0.014128754686528813
0.12878406376622989 -0.66349705912148971 0.019466477091458333
0.12592539154256688 -0.66342411211855756 0.023409893167538491
0.12141516837655179 -0.6635593157402917 0.027175055530676374
0.1362048939593393 -0.66210351828160319 0.0096104771905560146
0.13463249520575729 -0.66315284834649291 0.018594361501614726
0.12781879415493619 -0.66350538153009231 0.01418252414334238
0.14117188533441638 -0.65618127732524245 0.0065713335410713452
0.14012210070138975 -0.6505128813293457 0.012973406920440328
0.14064318258395553 -0.65439771072342034 -0.0011750165806889549
0.13478309807129796 -0.64867978034627127 0.018652203485715946
0.12523084419077568 -0.64866890725284121 0.029196823396713451
0.13437395020606577 -0.6511383859869303 0.026647693488456282
0.12656276222412072 -0.64605052799985907 0.021138078174343482
0.10766728398247731 -0.6466656623296041 0.040561180551547192
0.10681495643982628 -0.64198013526078912 0.031907997552866808
0.11575479898920166 -0.64669946102992537 0.033537986277722996
0.10150413892432975 -0.64785899598913799 0.046731623901170631
0.098649821482320987 -0.64302243763297595 0.039976853529864582
0.089315871193241317 -0.64037552674776121 0.041558486033435746
0.083180104808641908 -0.64391835835447786 0.047443912955997612
0.076425919107094925 -0.64772278179596676 0.032769589087046087
0.081464764379466162 -0.64095098543805429 0.039253274300378706
0.074311793580141741 -0.5956286936570544 -0.10203089276764836
0.071697150417323136 -0.57997707916495156 -0.092563723457848718
0.075394279397627356 -0.58508022299005724 -0.10237863266727432
0.083577801211005748 -0.57964078316780909 -0.10376078189733892
0.065628399283735595 -0.58825153728690038 -0.069980541515638664
0.069532420714666199 -0.58989524559007001 -0.084687450643148407
0.066068998349803607 -0.59476765151083844 -0.055351065849417513
0.11384284823274955 -0.61226480633916702 -0.052877413782909798
0.11139417063741851 -0.60861737932864524 -0.038586451826710458
0.10941677718999651 -0.59868163248870054 -0.053205988107026453
0.11187178534754723 -0.60882249760896812 -0.069373498057711314
0.11066760757605841 -0.59097178894508995 -0.066497567995641091
0.10615524734126849 -0.58337823924072352 -0.051369046448465246
0.1025260610191802 -0.5927455056255605 -0.041146015066014126
0.13271417356503334 0.34607694713306558 0.034771599147429839
0.13177587940676436 0.35214412570661136 0.03808500331651081
0.025689083851047245 0.48265015777794806 -0.00099968621654229197
0.07952257208374898 -0.30476537243414697 -0.023542777958199739
0.079379791696364707 -0.32518913710409753 -0.03522982241750644
0.094933458883044095 -0.32600428771447859 -0.023970030424938799
0.091774226081137306 -0.30758654514912098 -0.016496993254544415
0.050567951441445658 0.15826569812137972 0.088350070560021102
0.069372140556560574 0.14325589477684605 0.080607571194260527
0.064309182696881725 -0.063020192957346371 0.061048109716509869
0.064798611768350195 -0.10680171611470728 0.050395063806733496
0.073478296435940005 0.02522268316005755 0.06937691188451843
0.060305727084846973 -0.14889253561688057 0.034257674429156774
0.070907281733767938 -0.28527135364736617 -0.014756441462134593
0.084076746286829623 -0.28038617571651464 -0.0026088990039232615
0.064633371997805 -0.29034701295353615 -0.04013274205139359
0.076580473533766374 -0.24597247337221051 0.0045237192394756249
0.074201956309530609 -0.18768045484461091 0.024117182287873417
0.076564989865662694 0.042264879231423545 0.071588959515612227
0.059869603766590167 -0.21816062001566139 0.0054916198646851617
0.082502855617310453 -0.26282846220580736 0.0020512717942819799
0.086248814603014784 0.012273739911317898 0.064959973786623451
0.053245940548511929 0.18071129114044612 0.08628138798607056
0.085941600886132591 -0.051470505569382347 0.063483259263276456
0.049347927103381928 0.071434013192248125 0.075574391170245073
0.05259627164099033 -0.12476849684654208 0.038437619664343281
0.071189334489981493 -0.13182993658702358 0.044941768319245436
0.089448248491118265 -0.17195045932298911 0.031565088739138408
0.077498646987910869 -0.015236786747992528 0.067251476021880141
0.061913407634238533 0.20210770435727116 0.081111072662000336
0.090739320285429095 0.15298068671938964 0.068017151474023138
0.096140741452564168 0.052017090169567515 0.065693452079962009
0.10999624540437059 -0.075898774224729057 0.048122170198637959
0.12197258042828842 -0.1113444388549194 0.027536835064906211
0.12930768593809402 -0.096760879925816071 0.011369940025519717
0.1098032640618061 -0.16431426904825897 0.0251705455030466
0.08427952588811595 -0.20655811073911412 0.017717175413687732
0.10727418429408164 -0.23633981731929501 -0.0033060471280913291
0.11049289212321013 -0.28641662090036629 -0.01504713321806498
0.11156082167979603 -0.26966018721403057 -0.014167295955195712
0.096342795256908295 -0.29515763540958601 -0.0092910695199666538
0.097883178300921581 -0.25169284197346281 0.00090555091819285451
0.10008762522514679 -0.26708586610356527 -0.0019083033442789618
0.098037490795278834 -0.22384881161913547 0.0077564389817969077
0.095027731841447055 -0.0077361995353276147 0.062275512990154297
0.097012060681873721 0.20244036128918855 0.047694716121637067
0.12397606224358303 -0.054444902083300106 0.030595948210818999
0.11161771609566708 0.04550725610528359 0.046354915127056931
0.092425709481014889 0.078437469821445227 0.063240238253741018
0.098950704636983841 0.12709013883543871 0.054819844543811259
0.10356649093606091 -0.14769142232137061 0.035617555805809047
0.12557680739996974 -0.1578351200658159 0.0044111803913565641
0.10313819009596066 0.012785829976208972 0.055802553442747704
0.097244315703430603 0.17718472444159772 0.056048659089288078
0.10218110586129477 -0.31562523015044514 -0.019353669536615797
0.11130328473141339 -0.32494930153669815 -0.025008363595097106
0.085187054320439021 -0.31634030142688441 -0.026620469489734441
0.06803449679178121 0.226415127821714 0.076516999788115783
0.089220953082000939 0.23093845565474413 0.056485044500885304
0.033390313596223936 -0.01100341479343731 0.060422271141929253
0.042036571282412595 -0.0076576924993949982 0.062947359026470473
0.12449452319274609 0.0086273360728744228 0.01843380916965566
0.11740397093046512 0.012426802422052276 0.039223919846265304
0.11169202963815474 -0.0072519720086128125 0.049544449951307565
0.1012125298417083 0.039208548307123156 -0.033327206216174292
0.07174928683101639 0.031083574113762249 -0.071885319987028296
-0.0016111229831867037 -0.039108369148544986 0.015176230882058366
0.0016855475341675111 -0.038789905579056053 -0.0018595741440096034
0.11530178073100865 -0.0090622305490290021 -0.028688658118543691
0.01525317219319506 -0.039344454765075504 0.03818778422796032
0.011174072410944954 -0.043059607702781923 0.030938262274275072
0.12451190199731048 -0.0039986275365126028 -0.0030231375282651911
0.080155547661596327 -0.033200422359743652 0.066366588421953532
0.063708343794760411 -0.02689719849171969 0.065739378897592848
0.0038596117919441836 -0.04119902724102821 0.021057807048620352
0.030563173217501481 -0.035067333383716703 0.051241101109217292
0.02258795512658195 -0.038047616917278086 0.04485721297545988
-0.00042847718765478383 -0.038153825203177519 0.0040980796548307037
0.0030124857940469294 -0.038345919460590273 -0.0091200435349087453
0.098380470172598766 0.019512354749841362 -0.04352739515596709
0.034514613382000153 0.012622525664176808 -0.081730301887124893
0.01483797602010974 0.018579705678901895 -0.083707917105834806
0.069095732887676384 0.0017744419871659281 0.06666194745544389
0.10091668694358973 -0.030256912537928622 0.059214786962147478
0.14691918906664095 0.36087175329444965 -0.023082904951106598
0.095260914270208011 -0.021096105141655355 -0.048994007001244892
0.060333307368656913 -0.057186075846404519 -0.057263359343314543
0.057943379003604953 0.29637921116617078 -0.061871071151407692
0.08346421398952561 -0.06409090473554456 -0.05701993511325569
0.086500787108172619 -0.15034513755292001 -0.076148570582377464
0.095013256224651996 -0.24304347948924279 -0.086891504427363223
0.10445539058019661 -0.22588979294311923 -0.078629369732664864
0.12702400618099391 -0.28438019596829855 -0.076753703783074556
0.12847604360830051 -0.30054079068700473 -0.082008524048364922
0.10445587444482489 -0.48451624318034214 -0.10337074920505054
-0.0019633764325479855 -0.040746936390039443 0.042261117956723805
0.12468064978641048 -0.31512063998729167 -0.09365878471541203
0.1275508944390987 -0.3318789889711144 -0.095446261296248405
-0.0089382044045740704 -0.037653186601154881 0.04753463757379324
0.093252190588107242 -0.043514722707697233 -0.050448080692195287
0.076853615116409923 0.31142619144297451 -0.060677971863803075
0.0099544714544308101 -0.064578841891075878 0.011087605014939661
0.012074746094367881 -0.058682507853352515 0.021555492060308195
0.1119005349708754 0.32800282909786549 -0.051843919259033935
0.012539699680057552 -0.078462208381058648 0.0071367394396870754
0.0097039908652101631 -0.077088758633789306 -0.0039750202181773001
0.022152114062691561 -0.12559892951476487 -0.018617620712439571
0.017742373451141626 -0.11164564458600108 -0.016484684948063478
0.10218743642351436 -0.18602483137497097 -0.074374425480100523
0.13366779010319668 -0.37392039379812819 -0.091205071903793192
0.12374892812267509 -0.3865777279642465 -0.10536101798781468
0.12895599699746563 -0.4215486810720776 -0.091810356312186592
0.0052158641838847865 -0.044635070932342799 0.014166788462411392
0.0046638956092159177 -0.045903159156812041 0.0043537113862396519
0.0048115549649349835 -0.038077535880124511 0.041015327827206113
0.14288045165879668 0.35785114770853471 -0.027604962639487553
0.034057361308309921 -0.16984689817375265 -0.035994661187063154
0.049125913883122922 -0.20522631367192606 -0.064118919724735074
0.058859375066922397 -0.21966660834901711 -0.075546794192538819
0.052457644424998527 -0.25816904744608382 -0.072990497039475813
0.068330500978109221 -0.27128992392605933 -0.086000996941389865
0.065651463497681667 -0.29015128971141174 -0.082498981332168306
0.071723924260085975 -0.34514262567744786 -0.10044737016787318
0.064352569225214346 -0.36145485147403 -0.092519006301788539
0.061806433229344405 -0.41976598265444509 -0.094482680170897171
0.073268500797544045 -0.49670894633718965 -0.097785615727135816
0.15650212802900434 0.41287300746820266 -0.0024941122013855798
0.14706773550751165 0.35249154050969034 -0.015920105651521049
0.14853227277104777 0.34266481441879681 -0.019060729826266689
0.15011817941216832 0.35222170533533975 -0.018358168466570145
0.18978052266723963 0.34514510450317326 -0.0079199282101945889
0.15426296381770258 0.34102870682249609 -0.022230355637167663
0.051134758531380685 0.26849506036975174 -0.05866139546200648
0.068217034722786146 0.16343619489468561 -0.040876814963988206
0.09354303355173392 0.33845825662905682 -0.062466401053126314
0.067653977583719979 0.42995810620327279 -0.042224962623405617
0.18653125072242707 0.30821865282234812 -0.0262372890262179
0.15473537698307779 0.32327829422359089 -0.025542096521588994
0.071407113894743399 -0.0038968546763720508 -0.066957289795037914
0.068283969329693106 0.081613637885340595 -0.064267168790469745
0.062945611852439035 0.19027382714431867 -0.039232774003886771
0.030049228338202155 -0.15288437847783742 -0.026584129240050748
0.014401046260805794 -0.089754479786796987 -0.022535160111421822
0.018807359497905678 -0.10216939777416532 -0.028921638937042964
0.10030681590174112 -0.10714066328679195 -0.059640626583927443
0.094220887573850859 -0.12693798455137667 -0.067922312433760762
0.11690373554896595 -0.41146238176915767 -0.10751258254037814
0.061680063917268053 -0.40233971903441101 -0.096685027828271777
0.11905302190557145 -0.3426838272469761 -0.10686762123246876
0.071886381809018712 -0.32963486514737317 -0.095422259594584904
0.11464041842830436 -0.45349568186364847 -0.10160733228882793
0.11702026628026799 -0.47309163479877914 -0.096599882774470541
0.066982857344346169 -0.45025602672832232 -0.093562077313098388
0.067283982431323039 0.057734757193312163 -0.071763179450192602
0.064901473323904266 0.21370747173425833 -0.038521301470620078
0.11571137213881671 -0.51136932885653974 -0.08774926032631232
0.07012910644539512 -0.54838485195101416 -0.077445761248132988
0.096623920605917776 -0.56211828088931992 -0.096745614232061364
0.069328834672332681 -0.57648730633887579 -0.081384525167422894
0.070513577214587023 -0.55441106331936885 -0.089774132990380687
0.069448429879613499 -0.53865960638538168 -0.087908824767988725
0.095423855683769029 -0.58639029151128319 -0.094175693265559385
0.095752520732503427 -0.64954725637996591 -0.10641252638857952
0.098013700784390312 -0.63138051355025293 -0.10088299198060389
0.06529271819789155 -0.64147749063666193 -0.07307711384818795
0.065480054453126435 -0.62925088419416986 -0.081553313278575179
0.089088212885652773 -0.65516536573632111 -0.10705580425080315
0.0652580009108151 -0.6503908983005271 -0.081348784708267938
0.067350029953078427 -0.60183573430944537 -0.079638383730505524
0.098244988076690631 -0.59863758568676073 -0.092428742867466662
0.084951170314170363 -0.65720518024091468 -0.10011922678569107
0.074053087292240943 -0.65707361757450178 -0.084355796722283286
0.076042093490740745 -0.65703379261744976 -0.092742047734382632
0.07163638508442631 -0.59088384654890658 -0.094385327615745904
0.0038791276652834117 -0.039576911396894079 0.028254809529114921
0.0070067479781450422 -0.03736359362115118 0.034255547440895054
0.12025280457335379 0.45028050123360658 0.045319807721086819
0.12176959921674015 0.45893788780624473 0.025989133568390693
0.042794948443079489 0.22327137868791097 0.09398402900307963
0.048915392447784541 0.13413649812834 0.088098400470255925
0.035140814855052001 0.44911406490312078 -0.023814820764916585
0.018074546518430844 0.15942471519423254 0.10159273979913085
0.016116507656138541 0.016927307973450195 0.082669177248023071
0.098393534517561484 0.4340049080215877 0.062180050531207169
0.0083270532604122552 0.052172975223966661 0.08054946711681904
0.11301330264967842 0.41646973453814623 0.070429438417105153
0.052302646455751209 0.24954546993384974 0.088065558158613846
0.11091647528318498 0.45665864347490354 -0.0064817313273584478
0.074778803590501527 0.45681589947908269 -0.02473222810006636
0.037087200644213968 0.11407506742083905 0.088784439869000656
0.12654163346868749 0.45256676160205722 0.0078661048836856547
0.066346010849473031 0.32425279758487341 0.098795840959673739
0.0069633412887863105 -0.014718245154724903 0.081200265041806566
0.0431416777712684 0.093726382412370704 0.078880678497085507
0.022121670913164578 0.071027647548628295 0.078865678693610011
0.017617697665264203 -0.00056314835393109382 -0.079679361016209899
0.044533151475939774 0.57984130375366927 0.15211655365259433
0.063778302555593844 0.59876831384025331 0.13122430721737305
0.072105290231246538 0.60490783017572158 0.11624541072596847
0.076731802196249671 0.60847617052080827 0.1028556063178203
0.079414549305493576 0.61349626603883523 0.089285300242311155
0.079261607760916328 0.58907021509636792 0.084820499868272406
0.077268125814605237 0.58950383844737886 0.089202317458567493
0.075051300020307438 0.57975009527124544 0.07975203804844741
0.076378943916102934 0.58495252711001533 0.083674446335251354
0.077509614586151104 0.58701612910536938 0.084516935297128046
0.077035669182786495 0.58480785158617044 0.086330722017125161
0.076017295428543255 0.5836335121334234 0.081321150554762758
0.072354722447106196 0.55699732885734921 0.081569998100863128
0.076235236121514602 0.55540033365183128 0.084618365419823691
0.075903748529115356 0.5580706212468981 0.079395006435882307
0.081089849936682071 0.55802828309192676 0.077361787106976665
0.082463944836789052 0.56682929681504846 0.076861188827006391
0.076518135640827753 0.38603585908319782 0.08592098948213385
0.1259444235512778 0.34878537938965892 0.075294798059224968
0.08113872026413467 0.27667592092767473 0.07232394988591434
0.1310908480593285 0.34401366771413044 0.068534644693929642
0.14223122629385085 0.40804887712461435 -0.020149616769563342
0.13934686892283873 0.33041981356004679 -0.0041364898768274112
0.14027500192391459 0.3359886922106064 -0.0027928482067605138
0.14345625056640648 0.3471250785619458 -0.020539964477885725
0.14201235819367536 0.34168910139594383 -0.018938070143006931
0.13598461458733138 0.43965330175938877 0.056352143016327676
0.14178203863063149 0.337418028322438 -0.014277576768382885
0.14188921464578741 0.33809810005743424 -0.0084468366293256464
0.14237203090066985 0.34279747397104027 -0.0081136655912406978
0.12227172973469985 0.33004852810197455 0.042751877655919888
0.13127310373596693 0.34086661217203446 0.054253440674399904
0.13193567570024178 0.34104636788142695 0.061888884991161547
0.13621364384470011 0.33039747514304291 0.0070987762273961646
0.13803793445933532 0.32980595063501511 0.0015206739073605527
0.12611446164605308 0.36127440930925298 -0.043688501916146011
0.092040391948723627 0.25932889014051536 0.05658084969727746
0.13420447662002338 0.33105617619029182 0.012659560225945892
0.13386593266846233 0.3356362774730357 0.015147703030018162
0.16213648969258626 0.39512703029505641 -0.009416551746891157
0.14587892043796954 0.36663772613691392 -0.025867777738449258
0.15101320800826182 0.42354198058865866 0.072344977836216642
0.15376599452244413 0.43400256934255121 0.05614561346417235
0.13169019504551283 0.40619317563119567 0.079263092841607305
0.11297773859950246 0.39490332354859847 0.076905865661014136
0.14302101433330142 0.36772851829718428 0.076686049992608321
0.057157986067861044 0.34984149458490515 0.099424784332285659
0.10554638435072868 0.32530326769279011 0.077717145354369216
0.11213891894439001 0.31911657455606812 0.061056053160823569
0.11318188915056888 0.31170780065661235 0.04994154152288606
0.12939703960610968 0.33532724926379764 0.02568479279773863
0.12871031473247496 0.33859414194548854 0.031487347822200716
0.15235504526648588 0.43224912457390124 0.013274925147427707
0.1370446813437084 0.34296674594682081 -0.030081744705309214
0.1369913352684444 0.35315564471195454 -0.033002885868580967
0.12098368209431547 0.31595726111005662 0.033331416403515314
0.12101118173402069 0.30710221583678082 0.030384035664674545
0.12686066154690934 0.30851316509273891 0.01647443967963574
0.12942917628183548 0.30764930544311486 0.0093041606393386277
0.12453230495580132 0.3124386781775742 0.02418821966360753
0.13373960367843832 0.31239384005535703 -0.0017472772282047431
0.13136729605026506 0.30737237358755015 0.0015445244013276931
0.13331335926300822 0.30893090155512254 -0.015703112526780003
0.13165253424861462 0.30453926554507943 -0.008716268583152581
0.13291175162156618 0.31809626534331181 -0.026372811444178457
0.13604755731105533 0.32155920384354614 -0.020542918068220641
0.1339606088473887 0.31427623474743382 -0.020268012395786687
0.13038501053287824 0.32359909647211638 -0.032862363516128569
0.12412174581873671 0.33292978067495554 -0.042503598085682284
0.11322204991471319 0.34793692276403376 -0.053408687064208135
0.11257673578884567 0.36825326948651443 -0.053864411940165391
0.13421746032088128 0.39326471598505158 -0.03146657535185534
0.15925104362616066 0.43321491837187542 0.033630182650429614
0.09403286584372593 0.30645545011702868 0.078346250015190522
0.026162545389783496 0.3423767536767825 0.098888521197008541
0.12457819145137972 0.42385278296820039 -0.026250252566049608
0.17064278953505557 0.40227701726250653 0.0073587324989200483
0.081103559434482428 0.36352607335678444 0.091728030334920219
0.11921257626673479 0.35882863490169137 0.079998788847825478
0.11322245313523682 0.34300247128520611 0.080221971407602802
0.097696285588262488 0.37866853625356156 0.083306608412655428
0.096705371151672048 0.34309819583749357 0.08844269031427747
0.1020267933669375 0.24118735363378005 0.040536826031925571
-0.0043646151332850493 0.18871618626189804 -0.042727939904464787
0.0041683980688682924 0.12628853643464849 0.098733059524159061
0.014462013203964487 0.36034442149376888 0.094383761669087352
-0.0091994509817731034 0.15427179883575287 0.098160264609449599
0.006484758849401165 0.34022774957454349 0.095906846552640923
0.019530616150972731 0.32633664125050893 0.097581703641253598
-0.0054370204376822419 0.094228391964173444 0.087114582714879679
0.011046251504983938 0.13580462143420965 -0.054861626697436085
-0.0038461945061744728 -0.023237649664208933 0.074922504549843907
-0.0016625537609637386 0.1992809671990724 0.10422703996247197
-0.016353006450856723 0.040957154429490689 0.080841882640487431
-0.0043672562277142432 0.22686536385829453 0.10344852193665428
-0.017498374508987599 0.59876331390576154 0.14698863696657399
-0.01197846699101148 0.59249178317088746 0.15407509654054111
-0.026739160696104391 0.54055762489225112 0.11975742116391708
-0.0072577828727365618 0.5500976611909103 0.14606284264453467
0.0059977692621001619 0.54684859085635962 0.16281141353066156
6.1778485886816273e-05 0.54361516547812205 0.1494354799085231
0.0078812728106166605 0.55193029847038266 0.16419659699516578
0.00023911487213812803 0.5534534236759886 0.15063721819584447
-0.0040307283787708696 0.50131499388012879 0.13570348240307584
-0.007559815205891416 0.52841633235215457 0.14476072260787887
-0.0087291950461990502 0.51787090600010999 0.13959464109930575
-0.019036842255514264 0.58623573610411717 0.14730951985920407
-0.013744270468707702 0.57295824877280022 0.14313199394715884
-0.014651798901030895 0.61491536034936878 0.14694964554194806
-0.023274730279932924 0.60647893862362834 0.13727148605295156
-0.020272108329367627 0.52425953197501907 0.12324991572852677
-0.02706782574483883 0.52992445775428498 0.10723827067121477
-0.027463969748187038 0.53247208566609205 0.0815214503498293
-0.018753862092096396 0.49461145267633799 0.07806855204063104
-0.035173929217698324 0.62255743764374261 0.11222397147858401
-0.02340702693370527 0.64244862864620667 0.12328695153361355
-0.036795077332575983 0.63317407274024384 0.096516173246782869
-0.02783606164730637 0.52514718163553165 0.068712606071992366
-0.029212132327978698 0.53969578134524465 0.070337584781843571
-0.01258809610054604 0.66888868545963298 0.098613786893297042
-0.030596912571959338 0.62047577136893417 0.048497608828102556
-0.017942380788479744 0.55912939769759962 0.041813281082258263
-0.024779186375299189 0.59314596814827281 0.13787845390703063
-0.039311758069201563 0.6233425886471724 0.086059576376073241
-0.036072062611823025 0.61414262853806378 0.059630023457285034
-0.026350012568839575 0.55086289310047742 0.054011629326435079
-0.022428874426684803 0.5050992184935168 0.038106857868886568
0.0012197270243521324 0.47697281280655701 0.090155389649023976
-0.023050963050396465 0.57503386673975543 0.040064674959890773
-0.02831547068876486 0.56362643555249503 0.051022535424434447
-0.01100878211498523 0.51389499034983277 0.028573938412467685
-0.0064043867956981625 0.5501747569550105 0.033680524732793066
-0.00060115637685919309 0.58392955664180379 0.15760261080761975
-0.01638115124339954 0.55393253030205447 0.14143286298302923
-0.019554617729787196 0.53916764310351684 0.13467295155004799
-0.0014244722028417954 0.65052973244660683 0.13972969981366429
0.0010385197210749408 0.67901548826414226 0.082086705040748775
-0.0079553543784543403 0.57148633257368331 0.0289606168140259
-0.00031182549019570429 0.61681839993225052 0.15637494544063493
-0.011199505422617877 0.63225634282867516 0.14410825131771857
-0.026366967991854253 0.62156430549427277 0.13054312662593703
-0.03206223611551634 0.55638878844322825 0.11613000901213233
-0.032028688167958209 0.54743535736220961 0.1015784456315714
-0.038707995818284477 0.61290490281901677 0.098052705534796392
-0.028481537061383226 0.65012602805844233 0.10005669137574548
-0.0097725886339275966 0.66241296385164006 0.12017017785283507
-0.035034818137078247 0.64040986503510244 0.077222655865330503
-0.023667729163197627 0.66079032382082536 0.076330308685718509
-0.038207639470628253 0.62388338801333942 0.072177056649190025
-0.0079096493321113986 0.67109543074084244 0.059073276719412336
-0.00033519211953469307 0.4918354406599999 0.12910344790767686
0.0082756829657136613 0.54153624110287357 0.15710519796978534
-0.022335286943171967 0.51290314850603824 0.080265761156458809
-0.017242752858091938 0.52265213367999397 0.043113203567060686
-0.019954693133239932 0.50068524406646986 0.022825596387395144
0.020627174364729731 0.54159736933424174 0.024830247542208087
0.012201861364412682 0.53614687622939239 0.15737013401477482
0.0050575598063444258 0.54388750061971847 0.15917323539089828
0.0094505667661675761 0.54669673800719587 0.16756737944474581
-0.0091988864730401833 0.60261205380291538 0.15413080145586763
0.009757397423552543 0.60247213628124818 0.16175485479283935
-0.025993706753216717 0.55528428678515751 0.1321249607397699
-0.015009838564904877 0.5269736899630465 0.13685389071775114
-0.027942532026546105 0.567650092512759 0.12956037740494822
-0.023724482451885413 0.57576974419520921 0.13391896949308754
-0.009065259191540307 0.58447616238350963 0.15391346559368155
0.0075474062171286826 0.57321969696026109 0.15413199095641197
-0.021962146670691522 0.58163515121877751 0.13978048543860369
-0.03380757615164319 0.56619486964331656 0.060801318595079486
-0.0313370641649625 0.55895206131134845 0.060624284624220842
-0.039480989722929682 0.60095376907782005 0.073019243195674072
-0.04012154584661954 0.59594794756632641 0.081032021278361038
-0.03562317736399629 0.58894787798952708 0.10863974424486984
-0.032325135896862062 0.55028644904002999 0.087601834395521105
-0.029771479838228219 0.54924815619192413 0.07352213983262848
-0.038039516673339817 0.59843162470310052 0.095391127503038034
-0.034215514355304857 0.62979234285344965 0.060262736941792079
-0.027163792229440396 0.64729042004872572 0.05581932741652685
-0.010467398079059175 0.65495491640420822 0.039667926125757286
0.012238272177688064 0.65175931311107838 0.027202222513449597
-0.031652503580525022 0.60592168786010125 0.048038098719480581
-0.035692571616096833 0.59399603765599196 0.05928899969950429
-0.0014486654342539618 0.63483485743258505 0.023178686519342705
-0.015005927325826592 0.59008616952746995 0.029156259412045728
-0.026475071414214305 0.59212364283289876 0.040394065805567571
-0.032220580815109104 0.58202127519211599 0.048039530152339166
0.0019833258907989725 0.58961383700619951 0.018744863562024698
-0.031584157701785548 0.55381398346813482 0.07877997417133227
-0.036583729295164472 0.57613925548297795 0.10052515297999001
0.0026999697272800239 0.56599132392303542 0.14977418514829352
-0.017722726408283304 0.51082688538624521 0.11007343513835545
0.0046586537424099343 0.49077868031191602 0.10991027195350654
0.0086005577415269058 0.56595301797329955 0.15822935662837828
-0.03419698637224839 0.55741240406427739 0.093446777977519838
0.014313950627721997 0.57251301267071142 0.16054652384995813
0.020706326553499826 0.68178609712546467 0.06387190336488692
-0.00094403494904831266 0.53416270867717497 0.14931923143158762
0.007006667334040274 0.50242409225216766 0.14553899870138245
0.008878477487374279 0.54406330476798037 0.1648980394179094
0.011007945555247981 0.56007115955237097 0.16381914226308347
0.0054830381027798523 0.55589314977569737 0.15772581483858622
-0.0038788150465286176 0.5909508356181411 0.15891370250092415
-0.021132480121463258 0.63178667156286006 0.037594666998864608
0.0057534982689418429 0.55922512224988719 0.025092169513784197
-0.0058498577707048688 0.50022863714561727 0.014856698778182032
0.012511010539808021 0.54112640776275134 0.16194797726258711
0.0075109954038533018 0.5436984708382846 0.16179808003296248
-0.00073829167691392896 0.60061562834678239 0.15921474694379631
0.0022504191655894792 0.5781479388430264 0.1505297196042697
0.0053752774178647831 0.53800677121625584 0.15344877410133215
-0.0093964242075206504 0.53984013429267053 0.14426074931972008
-0.0074187081836799128 0.56380522353263096 0.14519349919579047
0.013512610320272117 0.54191704256530138 0.16715841302874909
-0.024314232789609473 0.52160674415067376 0.094488599005206717
-0.023761981960574188 0.48030228531350094 0.067733546318793955
-0.014518272424661948 0.50592985277200164 0.093331356102657526
0.0097004022025507005 0.63502235497602932 0.15348242285402119
-0.023425514594709339 0.60933253026869461 0.035975797079944888
-0.010700882923212949 0.61145871208930158 0.023867205724307124
0.012620142174503151 0.66956464434528917 0.042610165802922997
-0.035763256173872715 0.57793971576467218 0.089088488304773145
-0.027633745749621998 0.49074311626174016 0.057222776770747212
0.010001890187998757 0.49103609629414174 0.0058745483153745679
-0.030643000677799501 0.60189722445879024 0.12439798536416539
-0.018220663432798222 0.53939586591983824 0.04640507576018485
-0.03346489918971593 0.59371475101877302 0.050952233926155978
-0.033349840213324849 0.57401517040909333 0.11763674330345654
0.0071864230434327192 0.61369440860410085 0.01531955561714927
-0.029945106595662938 0.54518820938454193 0.080789141396008901
-0.013650017671331182 0.51048132539757451 0.12686974733446899
-0.030459172441119318 0.53881071229608246 0.092386731382169116
-0.02675220488004074 0.50486438286060931 0.066197921276958324
-0.0072497386232919722 0.5313243587678983 0.033123294130292032
0.0032678251905761705 0.48697590755444536 0.09966627310383154
0.0058062193523941716 0.53835305700186886 0.025633603952275673
0.0033185100103847545 0.54833228109476362 0.15699118736675549
0.0036419533533394149 0.54333992714875623 0.15570366391305179
-0.018347012583848372 0.5747770152662629 0.13911367965883173
-0.035309270186423283 0.56279660771505735 0.10308062353097969
0.0035602205532185645 0.57333146968938542 0.14781225520794916
-0.019517420636490958 0.56624462705592082 0.13873182982304288
-0.0015474746235464541 0.57205188967999532 0.14587895392477593
0.017027060242388359 0.57721399946641161 0.019491305395195023
-0.042045189998254011 0.59255121787605669 0.079344059522733421
-0.039618850819926832 0.59125776708065703 0.082299121612547613
-0.043367249289798626 0.59644310236922893 0.0798969756656326
-0.040337268826711327 0.59819485361168001 0.079252266370550356
-0.045909615173773517 0.59823622403739496 0.074683858482988918
-0.044242096698689108 0.5994772561647348 0.069640880200251387
-0.03780365282809732 0.56010914292568814 0.080110783348237652
-0.042134140445746142 0.59591464155108231 0.066894424248288675
-0.045310913340426841 0.59356418847528458 0.065286723537870947
-0.048108840392218827 0.58475994898797434 0.062824094512425432
-0.048298172589045424 0.58140120267102191 0.06270359205896664
-0.047638846549985077 0.57457467920755245 0.064527620580261555
-0.045602018397393772 0.56727614579923147 0.067140650860986126
-0.038416326252584454 0.59914467987692199 0.069039295340161455
-0.04354948480541089 0.60067474047553293 0.074441018922689173
-0.039357664725806159 0.59968668890465959 0.081667214569087793
-0.038314875968862766 0.59488013897589764 0.086856965122392465
-0.038373161495539904 0.58481156121498712 0.068892744840882147
-0.036109219383066986 0.57280405724459982 0.076011562861862947
-0.036329438271996306 0.56932515121163352 0.076378735470595205
-0.035347576136159242 0.57315824615247413 0.072200786177000029
-0.035050604220574724 0.57172076498606728 0.081792313736514882
-0.034448656462013567 0.55883093386607807 0.084636470021330498
-0.035429772639882083 0.56661534800526026 0.090308673931046288
-0.035775070535212339 0.56654583278700255 0.067866145387958834
-0.044516407620850858 0.56468029271280951 0.070209078400992553
-0.037477124848137547 0.58630033203198784 0.083784969080752711
-0.038814062977000616 0.55749683844190601 0.077676077344047023
-0.037506983327905453 0.59485691347374192 0.066494328683809778
-0.037720811171536785 0.59087511080382105 0.064976304217826603
-0.041723621630733891 0.59090696522518038 0.064843503538399905
-0.043041951132435752 0.58589453089710086 0.063217516777239843
-0.04053210498368412 0.56534746139105263 0.068246059765234734
-0.035765292437516624 0.5636913540567845 0.071705268475626402
-0.039210932777291235 0.57402549285449611 0.064505241841205277
-0.042313492934615164 0.56974401669148289 0.065044932350932408
-0.037429484343281791 0.56998473934403415 0.06554325243494484
-0.043499404816387678 0.57880381734661046 0.06301965646634064
-0.044010849728441062 0.57450621236265598 0.063388945982821285
-0.044858278141731107 0.57488540094298946 0.068172976045343794
-0.04470223179912259 0.5823808672550056 0.062290250700289491
-0.045419520788441248 0.58902618341519775 0.063334894271641268
-0.040064974007167284 0.58209724193875012 0.063833919991569787
-0.046715290101851312 0.57092545282544427 0.065386964160022029
-0.040855911225110009 0.56321434417744098 0.076552261422898948
-0.036245185343603353 0.56512988359655258 0.080398279581519044
-0.043888714231861983 0.5703079609157008 0.069734911226340054
-0.039385063560380434 0.57268220400238723 0.070293472456568806
-0.03617564996431951 0.57621498029729801 0.069516506829766705
-0.036603970965445952 0.57091771099139232 0.073775301838330809
-0.047393446539360916 0.57876002759775447 0.066095261331665947
-0.048408796139677579 0.58761902443216085 0.064144682049059071
-0.048174061311900836 0.59315701639061758 0.066948012255866704
-0.048282769565046339 0.59061043685217185 0.06533150117700974
-0.043596419674350517 0.59509602324419886 0.075708381350216125
-0.041920856949821651 0.58912456922294054 0.072790153455226908
-0.04628682797354175 0.59317870965478381 0.070701713075623035
-0.046998250104242974 0.59736784831790701 0.071514827422360178
-0.044409654987244668 0.59850855917899126 0.077707266451542578
-0.04773043809190624 0.5778553620311484 0.062708995213982072
-0.047601770422845885 0.58356399691516569 0.066209150968538868
-0.037212632345723917 0.58877844472553709 0.093259522366389652
-0.040192089277212087 0.5769740832549074 0.068203721610263404
-0.035613580715536067 0.5780752785046851 0.079985139833103791
-0.037696174397548708 0.58041661879665096 0.068324627284245751
-0.054639258864229386 0.42171781094018052 0.069392697968014908
-0.047565218482387255 0.39559395966131145 0.078147119559642181
-0.1193447417509878 0.3672412666165431 0.07099910837275715
-0.073338046134491894 0.45622163307149499 0.040570091725117385
-0.10849734354886695 0.26722902856995256 0.013616029549313194
-0.11088408647178287 0.27253573323610886 0.0025059331761083377
-0.083960386801401068 0.35296879232134792 0.088031647312584532
-0.16697460158497901 0.26816691950769783 0.027486563546134279
-0.16653060538600012 0.38865324414557645 0.056030292394441017
-0.11500818566445967 0.30919694645655188 -0.00022097666097592851
-0.11539906763997573 0.30622287251905278 -0.0071437387829003307
-0.1141902528324663 0.3020482497947769 -0.0010199782893892536
-0.11164185880166465 0.28481395946599825 0.0056325857597134561
-0.10959519206829924 0.2796817686424285 0.014033876897340787
-0.096411614796913736 0.36691473863658342 0.080660171311555895
-0.048690102937922683 0.2476263015300264 0.086647129161944142
-0.067933903228822923 0.40373675620181265 0.073633791595595632
-0.11479703923730997 0.34258255743199545 0.049737310327714883
-0.12201587610915399 0.35429571042020114 0.054797324677571778
-0.11222783902749379 0.18394447458636959 0.016592684098162735
-0.11940589014338203 0.35673785584305101 0.0073774620922381915
-0.070473265119897377 0.28748174709381913 0.076298978451039653
-0.029569163940543847 0.37757145385312402 0.085885848813507651
-0.0029755204297025324 0.40914958850976368 0.079703510458439833
-0.069364932866853218 0.3015307565748705 0.088432004970403683
-0.094331077539571165 0.15052023508477125 0.069248405503667412
-0.086105802240980592 0.46541788355178704 0.030687781685054427
-0.12754036018007231 0.37477286148746797 -0.032361593867435756
-0.12874238072176017 0.35298830819468696 -0.022523819534197374
-0.12785327946736258 0.35669592090860314 -0.020195553667707217
-0.10332007267076568 0.29404916104886397 -0.043657716029174017
-0.10523508790319652 0.30788768941662958 -0.046627142850139226
-0.045292728094815313 0.44545741926337951 -0.038418712088919366
-0.11671372783491353 0.30612101901480759 -0.019866051936386457
-0.11672810264657763 0.31083765076682096 -0.013246249554821034
-0.11852160737424086 0.31493509708289202 -0.02001837856966536
-0.12477063840390147 0.34051516516372016 -0.015043080851803444
-0.12419153308799866 0.34093903057806152 -0.008589727902353822
-0.070929448659200214 0.4705494292225193 0.031912473300678014
-0.12773074075025997 0.35560795129199763 -0.020069738783850811
-0.1264101330526001 0.35156719778153567 -0.022872554884490817
-0.12324261406893457 0.34868973548147608 -0.030365410343617009
-0.12027093929355057 0.33507273646934144 -0.031659385325697301
-0.11667122839173275 0.32245999849312634 -0.034831803438723781
-0.11787401505241533 0.34715717491561937 0.028572688428844775
-0.11957627097560228 0.34685484016707185 0.035910576160262907
-0.1455962123255562 0.35533222909800338 -0.029161343457772208
-0.12190059536147489 0.3109520041072959 0.011918622352921786
-0.11982257823240451 0.31907270416310729 0.010880279102250298
-0.11822153066062502 0.32687082780008969 0.0095947717511642872
-0.10334400380883754 0.46149180595821887 0.023293372516749518
-0.12243322951204018 0.34005621956383114 -0.013422487165145663
-0.12332172593565242 0.33448395386087382 -0.016429988084045784
-0.12218303117718583 0.32834984068042089 -0.014066934366887524
-0.18810655254092959 0.26855078544610445 0.022087944761637859
-0.12694220269443238 0.29874788980963241 -0.016127613013445924
-0.12444552169577416 0.30701987820587467 -0.014725937829529065
-0.13111077711085534 0.29326005848430348 -0.021016520734140186
-0.09198477763516591 0.28093441352084636 -0.049583656533838193
-0.095537775439331993 0.1920808195984943 -0.020654257335282093
-0.094233961876477423 0.16615736891982275 -0.031139251011361679
-0.041726544979529503 0.48651970385411641 0.011250395220804349
-0.12532930043926105 0.073975108931573844 -0.0057088886304095324
-0.11992999617987458 0.10140031412810405 -0.011990893018382404
-0.045119968261506133 0.48665784720547994 0.02661581890607086
-0.042320508971724555 0.46177147971334365 0.047156073985271149
-0.021060142359540773 0.4824868534659158 -0.0019039485626247635
-0.0067095642489366494 0.4862914810377949 0.0024438876180492698
-0.11381475371992317 0.17068045482053862 0.0019843271068618294
-0.035702087620452287 -0.026237287782900222 -0.069559831301893998
-0.024484532977724988 0.086665829757040874 -0.07969708759847588
-0.11930593177559737 0.1534225357690808 0.0086933924318251497
-0.13289734644551374 -0.075401079132528151 -0.010624287939500132
-0.079393571634907539 -0.053601364748062104 -0.06469769742396253
-0.03313714138715939 0.13280482202730898 0.096898406142069016
-0.12073825171930301 0.071201758170691243 0.045512385843127862
-0.043054995316372184 -0.038722527429573217 -0.059905618071738935
-0.13324258385776547 -0.069018380499315191 0.011402248069968014
-0.12580078619743212 -0.077952416673151739 0.030600534844274233
-0.092511786859427708 -0.097453612785251456 0.049996742412558109
-0.027784247810031946 -0.026896392050672506 0.044333953702066831
-0.022273190982547392 -0.025107141299532572 0.059046906097173134
-0.028061482080989311 -0.022911686192982252 0.052610397685094096
-0.033741024604233533 -0.00031121617082565859 -0.082738917704698559
-0.056441170739808491 0.19912790468833802 -0.040785777850286802
-0.030521429689953302 0.40372304670401243 -0.054382620876501135
-0.033186576223344963 -0.067808073775868644 -0.052640007619164729
-0.044980998308069342 -0.077314400838760261 -0.061633418015091951
-0.13296780923200169 -0.096368506034362852 -0.0017292532708026668
-0.12870409493305043 -0.095617265876962482 -0.02502311138574544
-0.10795777400529678 -0.12708632938198558 0.036106501012649193
-0.031777925324370938 -0.090591202695187209 0.025049166044949014
-0.068626656249284421 0.0331471761091163 0.069645255142931822
-0.083736296995445783 0.019840092391371612 0.063107437574314446
-0.06640519341896596 0.1501395949105529 0.083056873781403223
-0.027649632638249398 0.24099759805540394 0.10061509131776473
-0.1285168998049987 0.073872207053967368 0.019298817997771864
-0.021922106872704315 -0.073784689019828195 -0.040808529568327333
-0.015485296045232843 -0.078529505886436923 -0.029215798389475786
-0.015526646309921378 -0.064986175263952173 -0.028756126992644397
-0.12760088358065508 0.056824769115795391 0.033127245691422703
-0.11661743877389298 0.16497827146489791 0.024597851393468043
-0.10394728219512636 0.26325738705722479 0.026049838418209129
-0.056641772950267656 0.31042910773237403 0.099595003876296453
-0.12665002910307802 -0.068487621324184261 -0.031606462631983176
-0.11997378592873055 -0.085854530883154062 -0.044132165458192991
-0.085230672577723543 -0.16013299318534457 0.031572518077284652
-0.020157150158107432 -0.11377690698520439 -0.0074151061952402453
-0.026144571712097855 -0.12994350968971133 -0.0037942262159367177
-0.028900160608918677 -0.1747152618087727 -0.025277412489426689
-0.11597660039583683 -0.10750795686168109 0.035140424960308551
-0.12818442432231686 -0.14144477029279878 -0.0034617608137679601
-0.089429226440071369 -0.07563692281674457 -0.065197166686466926
-0.017305352844370785 -0.076589208727180266 0.0094551768059160136
-0.021873498638591962 -0.090436930522882264 0.010887073368071853
-0.034228256123848715 -0.12007694541109243 -0.059065467788898748
-0.10998450148377351 -0.1175268981761443 -0.058454800386516119
-0.12593622797128784 -0.13943838528973451 -0.026186342113069101
-0.12005947028998208 -0.18616015218266979 -0.01149304671848525
-0.11085791745980536 -0.20511635543515772 -0.0045329362955683012
-0.12018539605948235 -0.18033369626167514 -0.03281861408932487
-0.11155379543932434 -0.15743907686759867 -0.058308053317231635
-0.11242614288096896 -0.17775635099728349 -0.057333423949535535
-0.098753076055036554 -0.16317138079634758 -0.074228247959805524
-0.042826107186186714 -0.14507528724261468 -0.069453083708544305
-0.061842491101812627 -0.23950655002293972 -0.088068353927869311
-0.07910944229299767 -0.25237126050431269 -0.092878414395314343
-0.093005469907419439 -0.24308791439093669 -0.085688974819764396
-0.10527974457617822 -0.24916602024067028 -0.077795691139227421
-0.11477312826026431 -0.25975241379790609 -0.068694847675060497
-0.10739439428981197 -0.27919195749195724 -0.039332349312174067
-0.11458760649738524 -0.2692671278476873 -0.054115819936590266
-0.033889006536371419 -0.25878037008181726 -0.062848210566862822
-0.054130737300971649 -0.28265759756969916 -0.030908830643186853
-0.059847597883669071 -0.28127862370125739 -0.015786145713089207
-0.11438192370832929 -0.22119106418235074 -0.030956330020859443
-0.10891568484203577 -0.19758645409043163 -0.065188814981373189
-0.042437160669183634 -0.16849885131946613 -0.070489446138393808
-0.029959602373484079 -0.19134879387953468 -0.03740446126452926
-0.096356272780058247 -0.2439820559018783 -0.008724403557214936
-0.1145131518277142 -0.23387730926000661 -0.04925977972882075
-0.1122814068740455 -0.24015964630491141 -0.066689248952017166
-0.084697252147137386 -0.21503594321262168 -0.086500274674145575
-0.066481583547149906 -0.21751615265289342 -0.087658828043396225
-0.05162579028158093 -0.2236896604784957 -0.081942814223798149
-0.034263558080684292 -0.24654782873724437 -0.05140759433051531
-0.092439267648269777 -0.27993267359369334 -0.012587971889121866
-0.08042174364787269 -0.29342556132868342 -0.012702849416277353
-0.066542711778518088 -0.29488437286078545 -0.018873262524361577
-0.080719259911163896 -0.27069412528048231 -0.097192727829712861
-0.11558850064193309 -0.28118713296446712 -0.069837690564662852
-0.10916459287121479 -0.2711766592809981 -0.081150551418384426
-0.10115568570555376 -0.30070728044117284 -0.029847876801658176
-0.043206485267064769 -0.30340740635498142 -0.073773571457209461
-0.061731847390154145 -0.29579274805620803 -0.098275107801810951
-0.07593043152441141 -0.28765632239997868 -0.10234978223881529
-0.092368018581760886 -0.29201666849739533 -0.10099821476533266
-0.11089144524633746 -0.3089824946016036 -0.090439698867042784
-0.11418353921074949 -0.30657591322892963 -0.057738156550035079
-0.11526217427223517 -0.29923516263179439 -0.07393553002074435
-0.11401640430374373 -0.34618902325807693 -0.052544958461254149
-0.10132477623209871 -0.3439427422045348 -0.038926376808564637
-0.10273445534340775 -0.32984230194570641 -0.038241365622155014
-0.10930138543382438 -0.31536015297827241 -0.045330879591587853
-0.088396780289556734 -0.44883830336756869 -0.051353104117015935
-0.045318332598059861 -0.32037960334346144 -0.073350189907496366
-0.054575086317908618 -0.33128071051931735 -0.10167401740303603
-0.11719708843750266 -0.34481875895294362 -0.089977587986044022
-0.10344791373775286 -0.32725265845534685 -0.10595625212465895
-0.040750307769995817 -0.39259381849746028 -0.095960836207615779
-0.11502038308529668 -0.40208486350250977 -0.098082517079128656
-0.10815783186804939 -0.38458896369806084 -0.10997823823987847
-0.11581803392495617 -0.3934601982753565 -0.059279845020493362
-0.11784510414087777 -0.36183468520720119 -0.059012010827990916
-0.09410114103602453 -0.38103989729399906 -0.041024575124838078
-0.10321436841052056 -0.39708966685181146 -0.046130949754388556
-0.045444621266031444 -0.45917726065053649 -0.087671796623484455
-0.068319220761114172 -0.4287444335689492 -0.12120609894717445
-0.10561937722315279 -0.47400980825292355 -0.099437980670919968
-0.10715949817382581 -0.45321756050753936 -0.10274181339282346
-0.10822643984012896 -0.46721509888876139 -0.07250192985187652
-0.1019546470119146 -0.47771790483146803 -0.066495214195834956
-0.084836927736490389 -0.49506420982168503 -0.059847519034553903
-0.078647311250972726 -0.51062765510606034 -0.061888293708019237
-0.046657327151593 -0.475884965136603 -0.090359982169539638
-0.055167014046459927 -0.49422784981176604 -0.11149787558795586
-0.089814402845179414 -0.49880485637699196 -0.11336542798457412
-0.071486336524256247 -0.50061637498154421 -0.11833443168207648
-0.094365633538438201 -0.47953530037515074 -0.11313727951203664
-0.1018372090344348 -0.49121924003642636 -0.10095989873508363
-0.10288852590545097 -0.49918670621278088 -0.07744879548257258
-0.10280503909605267 -0.50248978793645926 -0.090849784219992291
-0.098056532761653811 -0.49088329685724208 -0.066133742117254299
-0.094214425842112162 -0.50671032739785293 -0.066493802924002587
-0.0094549919885643704 -0.042079983440850385 -0.01766286507629725
-0.0096656142290335086 -0.052987824399449469 -0.002481340191302567
-0.0084147636819454086 -0.043863024595927863 -0.0078703018442603662
-0.037594119283041613 -0.13653709265673378 0.011432862588217572
-0.034734943033724312 -0.18947389908919554 -0.014627158881775753
-0.034496962280733297 -0.20502905819181214 -0.023398969358480518
-0.042344178016456201 -0.25085716743843378 -0.034741824778896653
-0.036079683479717906 -0.23448004329858865 -0.03785562470831403
-0.039883282839261902 -0.26458569724737863 -0.048238089485771414
-0.04698683896342682 -0.31208221205423647 -0.058922112812268494
-0.046213703931598404 -0.35264440239065736 -0.070605170428648723
-0.051423171968503892 -0.39722236672610722 -0.061869937093685247
-0.050729773795204741 -0.47171389075293413 -0.073635418025332855
-0.048406538104745774 -0.45257131897446773 -0.073496427910869883
-0.049685835859769351 -0.48937019168164586 -0.079846858821686878
-0.061687976997193424 -0.024750291136202994 0.057567348869135261
-0.051842420507850831 -0.02968357327551252 0.0535207889831344
-0.01759849416498175 -0.035299870659640076 0.03263390538087612
-0.10327348053927103 -0.2513865153417324 -0.022258853247668582
-0.11410297575014697 -0.21469800409184581 -0.050235049209097979
-0.098867126980118764 -0.20855352814393815 -0.07681934304404972
-0.069138847119306429 -0.19823467140406856 -0.086966130465756686
-0.032396263997213855 -0.22475504974578325 -0.052990048395903121
-0.052438763501134814 -0.23610865099315176 -0.0070513004778796195
-0.10757701286492145 -0.29889145745753187 -0.041771329453914201
-0.1133652838023373 -0.28792321406450727 -0.053454467714399136
-0.097057513592540334 -0.26042341307112304 -0.087985114091041802
-0.048788266974377568 -0.26651317199398677 -0.086897668661116756
-0.040334123706627818 -0.28594517546424753 -0.074778780061359254
-0.037345009643600859 -0.27622062545401826 -0.060833559543066087
-0.042223615079918883 -0.29360531703807602 -0.059735201957722882
-0.081715839596110035 -0.36988550714628382 -0.039644391594825711
-0.084605721088294755 -0.3374782099660702 -0.032939600407411951
-0.12105770317907474 -0.36044353407894864 -0.078987938623476056
-0.11902831444514261 -0.34046774741064673 -0.070357038598977573
-0.0875146547502164 -0.32272183072057914 -0.11257367802526377
-0.077332509928851711 -0.33929500067896762 -0.11768185580659293
-0.060642748756082693 -0.20085326612801796 0.010391233090279412
-0.089077456855338355 0.28414872624626802 0.05253209225942336
-0.096563346679920448 0.29952610542005753 0.048396581925930514
-0.11666108739556581 0.34408116682977041 0.043074333108591871
-0.11739900111466336 0.34723128684784527 0.034483750096190459
-0.053854813496715739 0.13127669688721116 0.087965942528274207
-0.052013345687777789 0.046806674564431598 0.07355840951872053
-0.015431163689948048 -0.032451077338803896 0.054140720377045357
-0.022569578228372675 -0.028941486223996248 0.050098474950646336
-0.012524568707062922 -0.037402585045777148 0.038650681388979903
-0.022466414257425942 0.27751574863409623 -0.059521999105903063
-0.020615511088237302 0.4381553375144514 -0.034335227283475739
-0.011359079944807369 -0.037453108577376111 0.020044655000156928
-0.031251903990391641 -0.048674735747391076 0.038713543468599169
-0.025702359763935517 -0.054245791788777885 0.031864953761979266
-0.13336165487836577 -0.051735542419502741 -0.0093435385905918048
-0.078715757934842992 -0.028170044718366719 -0.065972463988352867
-0.15991977466108342 0.27693398206273806 -0.039573082045238323
-0.057137512422929457 0.47787989769630435 0.031638827692380092
-0.13416628143308235 0.43819251444672147 0.060346909226080304
-0.015235097710378488 0.061451482691060204 -0.086045154628973622
-0.056658587246099165 0.32686848912105321 -0.0685200162963117
-0.1582335165121678 0.29645824238878388 -0.038244248648898305
-0.10996557028019335 -0.062725438754641247 -0.053139713773726713
-0.11522040062599689 -0.031835399921416214 -0.04809590384865943
-0.10648295461841048 0.16903765376354715 -0.01669476284082588
-0.10671055244292051 0.18805377558583256 -0.0051686033704101591
-0.10273397147877944 0.23757361065774318 -0.018830299377578779
-0.10852508512088617 0.27976338047639221 -0.027194978091668955
-0.11266521232937357 0.2881952861322688 -0.02214417733077487
-0.11008988316759964 0.29176733610617223 -0.031793113412328128
-0.11396791703578847 0.31286617257662735 -0.036495491318834505
-0.11977695383016633 0.32770420397813455 -0.029501722062715362
-0.11983282003370226 0.32233266145179351 -0.023866826131939686
-0.12593981663394735 0.34806788879007833 -0.0188681113821734
-0.12572610975647305 0.34535687592213449 -0.018231315289865619
-0.12604592411471585 0.35718543062417629 -0.013167137688103217
-0.042166035189157916 -0.051719897463189515 0.045614561923791923
-0.038800917987933461 -0.0092933968751724473 0.06228327498523243
-0.045556696410548388 -0.0021957076096247872 0.065459725303494185
-0.035008830574336271 -0.018422269205981542 0.050681370539470402
-0.031102289015133604 -0.017511958552046031 0.059354260941238621
-0.041804124608257845 -0.19230918452249338 -0.070121754383237631
-0.024318587571263716 -0.059439070521663515 -0.042084682203267339
-0.033182523857083472 -0.051091276666996414 -0.052188617363835489
-0.0084737346835125939 -0.038633939880552179 0.024585069302871927
-0.011547182319037065 -0.038205074531719112 0.031032152173180574
-0.031963346282119116 0.47839884251009551 0.049493543360211022
-0.12098500251868102 0.3346232262297032 -0.0099490951728386061
-0.12005963157819141 0.32867217516693581 -0.0071517527908056154
-0.11911615603619503 0.33557764920891353 -0.0032792833658416153
-0.12262088834369393 0.3517838884908841 0.0026284920542371869
-0.12147894766001302 0.34688411397708052 0.0075072890203038128
-0.12417483975832429 0.35123405698499005 -0.0022916047739525514
-0.12566385250763906 0.35136228111147461 -0.0072130624714092919
-0.12133148991455581 0.35892024660463884 0.066680596404657455
-0.10892100735294648 0.37545882024210797 0.074699221184935632
-0.002884977261142565 0.38359581040707036 0.086572593848168414
-0.047485380818727108 0.43644084384837517 0.062398051707256923
-0.032592672714228436 0.43214388401725834 0.070096983095449497
-0.01840249572788686 0.42311432490139611 0.076392666739683299
-0.018896501352297417 0.47095982707137457 -0.01526597107670122
-0.081463544514533415 0.44416767809679636 0.049675617587613796
-0.035717994670105772 0.44680199842116364 0.057364549106822649
-0.0066655728898188374 0.4502558241375661 0.072014276523838447
-0.19312537791430728 0.28493540948768742 0.014775570808846445
-0.032581019641098143 0.49368509384556569 0.023901207294954409
-0.2008521617601631 0.26991721915626421 0.0093462064594304201
-0.015461102813820552 0.46332041103245591 0.07156928235406379
-0.13329957907876727 -0.017631836013693423 0.011083814742018363
-0.13315349228309012 -0.028083594238120402 -0.0075013147431723009
-0.11513116792413829 -0.25123244477968903 -0.052505276521481611
-0.10882550457194687 -0.25980156637972518 -0.039029167800527127
-0.00088274542947079713 0.46397612824783069 0.080863313811313481
-0.020172512860054195 0.17512620302484036 0.10063648216653834
-0.022670927706963558 0.14688375047120683 0.10041428749704367
-0.15334082859906528 0.32840701735065836 0.046706624228711351
-0.054123318043338586 0.16742743292485723 0.0880910013736491
-0.11515872804692198 0.34181716423421893 0.030684666806510035
-0.11545697010715564 0.34237215696281414 0.037062073170351657
-0.0039778056850568082 0.24981925666933086 0.10283629205474293
-0.03438619760291789 0.26636250766487296 0.09660961960311229
-0.16639461926443749 0.36103038024840894 -0.016736556648090411
-0.010605017243742146 -0.062450764934008397 -0.005710320063268077
-0.011802783808906732 -0.057955017384788275 0.0056892785653226557
-0.027715135812297821 -0.067545980435570072 0.030015905407198961
-0.02333194727222283 -0.076615135806843523 0.020261164260269679
-0.024368244178737179 -0.045727475974707207 -0.044713145749530253
-0.013609292398453966 -0.042530985596425722 -0.027991137015391354
-0.017869639806033667 -0.051225347491072284 -0.034441566616045347
-0.011533271210975133 -0.035775307978941587 -0.034067640063543979
-0.046812042866473898 -0.10323313383730637 0.03411196061246375
-0.054397407194212322 -0.087720191923504123 0.044306635511597213
-0.051043862422013392 -0.14515710068684043 0.023567199574283076
-0.045421294958744904 -0.18796069310846863 0.0036926918209804213
-0.044421570153715215 -0.21062604131286219 -0.0069968757877153257
-0.041701948527593784 -0.22903188887277565 -0.019834046307330759
-0.048298112105966857 -0.25007092773959039 -0.01876223575320585
-0.048672220107703772 -0.26672486276884333 -0.032642386559513341
-0.046211264447430983 -0.28219304720453292 -0.046357378239380367
-0.051781433403665936 -0.30112392820814299 -0.046224970699964132
-0.055937729755147207 -0.32366742317032399 -0.049079530074286948
-0.061670900608021655 -0.34057732258791779 -0.047032964146052327
-0.059413188252637306 -0.38095812417182595 -0.053677650274176474
-0.066754221104138978 -0.40056321005181472 -0.050455036246226291
-0.052419166983690986 -0.43639173256910285 -0.065500590130427999
-0.059660382594591284 -0.48772747126875904 -0.067894555740971835
-0.060577668963584026 -0.50657163969878261 -0.07017547847774229
-0.20487018371361054 0.27178332373919012 -0.024849333420614392
-0.12884326649674896 0.2892389014912855 0.0014065322576604761
-0.13132652025197333 0.28267947130260651 -0.0056157043674202878
-0.13962098819240282 0.26540276217475184 -0.0092503240860633187
-0.14141769852322811 0.26606985020889029 -0.021095219299821374
-0.15216277951750165 0.26193837208063275 -0.032488487366192628
-0.19596771970676696 0.26733362397375782 -0.039611387994974261
-0.14141614612421255 0.27626503921419127 0.013737560215107029
-0.15290764879063026 0.26271739413210488 0.01755786298483852
-0.16965780231731198 0.33800882703352336 0.042409785363751708
-0.18112733954571017 0.31321011968320384 0.02475119615856888
-0.13156183974950914 0.30682109048777134 0.027682629525703838
-0.13201243868456095 0.29822886435173657 0.020572561390083718
-0.13145532904821702 0.30185131689108191 -0.024936237523949537
-0.13726259167229141 0.29359739277429403 -0.028653870267875609
-0.13636947837368468 0.33029957319992825 0.045957621945216597
-0.11360138957989389 0.34316916264963604 0.058596246679042743
-0.12301277837051883 0.34078435518523292 -0.0018593926947740101
-0.1198343321106656 0.33528950782279454 0.0070554098600897749
-0.12130465558871445 0.33525902435121518 0.0010736837959943919
-0.11323044685926668 0.30358806833005736 0.0071286246266509447
-0.11107323721937372 0.30259445231595922 0.015813278987193344
-0.096072949879195554 0.31113055015511776 0.057290820234094063
-0.02319285635262891 0.40052881436066268 0.07768387966117743
-0.036955559100943426 0.4165332820926555 0.074489869089115632
-0.084769307654693288 0.30026730538642188 0.068051001836974004
-0.11329381296454052 0.28785706475712669 -0.0034819722425102162
-0.11349963688077959 0.28856423291130456 -0.01257242773793953
-0.11213007821156237 0.27873887777019113 -0.005669947608349009
-0.1113147461519458 0.27747445885248601 -0.016269254302851126
-0.13757274889899546 0.33354509519387182 -0.031014262729578513
-0.13003484362687723 0.33152399264169863 -0.02635367863033666
-0.094389988058059829 0.37420617536369011 -0.056259057985342704
-0.1807845214565996 0.35886186027283073 0.012635246028376635
-0.12539639633437757 0.045567416607395182 -0.01599200995138066
-0.10710365213131609 0.13976029541420537 0.058437720530214496
-0.051383011204359758 0.029596335534751005 0.07494435910221954
-0.037919175508090389 -0.078222050237240381 0.035736324411016582
-0.036320103716876377 -0.062332540676507606 0.039516597463274156
-0.034253316279386423 -0.030625456096440982 0.04438609011576012
-0.032290721025178222 -0.023491839882246384 0.046880996944114663
-0.18059941299475718 0.34943633860285589 0.029900473451823572
-0.012256548025068183 -0.07594546716135446 -0.019082211399658076
-0.011557907984963088 -0.074152789035764596 -0.0081570017170077627
-0.13090668704286731 0.05028033873059206 0.0078322847622740235
-0.1099858925945796 0.17937816344553054 0.04097869524264288
-0.022577945054236128 -0.11737383566540992 -0.041856802124390802
-0.021310542304656777 -0.12946754818372921 -0.032863855432065658
-0.072349954241566178 -0.12477341613692915 -0.077060277387375739
-0.1176452075663347 -0.13759703844695376 -0.04732795020055839
-0.059446736200195562 -0.16368294667455804 -0.08118897833427742
-0.075418805163122368 -0.21806614544699687 0.0077885454159834925
-0.054368919664224483 -0.26606684719648449 -0.01684789591515188
-0.060981453995853148 -0.25250863773668136 -0.0045686515534405078
-0.11789845021614159 -0.20335645913813119 -0.02379501255669788
-0.10543952070862946 -0.22699993968851925 -0.011946196023348421
-0.11604756720797912 -0.19672961047791707 -0.044540819378283934
-0.077711960602525706 -0.17905762427083979 -0.085507792717769912
-0.056757719011810648 -0.18319861840345275 -0.081362353078884939
-0.079450909593354407 -0.23224442742789408 -0.089334788948192093
-0.063209368354548282 -0.25899814948657918 -0.091382352847222459
-0.061464955725625534 -0.3119141497400264 -0.102992384706662
-0.074991532535357119 -0.38519175821972135 -0.044377132006754381
-0.085237708775859303 -0.39965529855999415 -0.042689704518320451
-0.059959511739976643 -0.36606835957714889 -0.11700217343141468
-0.073787415246946958 -0.38003103954411127 -0.12463323902530361
-0.092352534913657081 -0.37519461097455525 -0.12174542907855868
-0.11841824179303227 -0.40637885966277865 -0.072343625474336176
-0.11627929804285549 -0.42096251939701296 -0.071006909116761011
-0.0789561580109754 -0.46484144047183401 -0.054879106307131387
-0.074478877961733164 -0.48239026296999715 -0.058941976463309197
-0.063418438196001861 -0.46464233017731188 -0.11658490193269729
-0.080077232032563339 -0.46591293853005317 -0.11919372737939984
-0.088503996626765044 -0.42489633882463301 -0.12081724693498154
-0.11189419420529367 -0.45228059697699807 -0.074436889379452836
-0.11054842554696516 -0.46304269387736485 -0.087954383646891787
-0.10680248672228686 -0.48317609944831702 -0.08260158079438211
-0.070444051792967199 -0.49814951214060155 -0.062735122330780518
-0.064409433276697028 -0.48286221243177019 -0.11715758092150627
-0.018599589919791455 -0.050157740510905206 0.023630152378520196
-0.014059084892458775 -0.051211113806591317 0.015377226232528039
-0.0026340128072936415 -0.032339586864045991 -0.03213436902190997
-0.016427642569763253 -0.036052199512453968 -0.046179588230040119
-0.12802620058888109 -0.023264463829024092 0.030578428279071299
-0.072027942331470113 0.007758839387229809 0.06229988767080212
-0.087755921750474253 -0.0039064513248321074 0.060303966240323692
-0.060399122915762021 0.016510216663904297 0.070319056798787138
-0.057732444144381022 0.0027009217840950955 0.061620138512224601
-0.11008056877350592 -0.24024311295328335 -0.032474908915062536
-0.10979355640485279 -0.22138831966246467 -0.066068919377839305
-0.052398179355440888 -0.204302374164295 -0.080154833617307353
-0.032809081169210275 -0.21562561290624113 -0.036217480848369323
-0.050557941369099836 -0.12332609638974794 -0.071345261538573415
-0.084283164830491877 0.21922796392199378 0.055706103093517902
-0.10778598190124423 0.22394927303208015 0.0070775265058058137
-0.062391556488711919 0.24219524365441142 -0.049129690707414859
-0.013619352750516263 -0.03756387325519156 0.024325213836478992
-0.054716415111408137 -0.048167323040573064 0.052575700559043849
-0.065495628722999022 -0.038197292375614693 0.057897667122016182
-0.081137097178678411 -0.053365682352055299 0.059181138209458292
-0.11464764603333966 -0.062980354769620897 0.046056068236038007
-0.12556207964749855 -0.047162094275397012 -0.03349038956204943
-0.12805829694255477 -0.024438158128933563 -0.027024778708684288
-0.11772831131623557 0.33805148776491334 0.0039229408204326729
-0.11759030909205526 0.33403250816272262 0.0093888268687681922
-0.11817528126657557 0.33071747095052134 0.0026991866925262726
-0.11914750643190004 0.32888854329986539 0.0035420587139003831
-0.1859270448060851 0.33142463910469921 -0.0065086765388437549
-0.12282366794498045 0.30497192116683391 -0.00097126925014607711
-0.12451848444950814 0.30068786439247019 -0.0083329671534789918
-0.12707125342299025 0.29250160067953179 -0.0079761270706624528
-0.16956151325629154 0.32009180371429291 0.037242474032581727
-0.14142554116241091 0.31639072317285799 0.041151676847239915
-0.16317157681468114 0.36711167154027846 0.057404064718129172
-0.20455300036928384 0.27764010184355475 -0.0073480607026892497
-0.18102552636351729 0.33131657600439146 0.026551575796158428
-0.033000792367125595 0.16144767256081402 0.098986181207809026
-0.0045510441423422298 -0.035826637951587824 -0.018968866110492019
-0.00068468350830969062 -0.033822873881926542 -0.013445279205238548
-0.038981742231713266 -0.013530034915968136 0.053225651720932028
-0.0447853153879973 -0.008843483415010631 0.054737789167271712
-0.030488909954730213 -0.15633880902502512 -0.054945229432734784
-0.032323966557343854 -0.20443084022309366 -0.053132617092512484
-0.038982871249179103 -0.21586480332080285 -0.069583732198426618
-0.034061020411711981 -0.23629364856935015 -0.065821074842791177
-0.049533761239317603 -0.25146764331106775 -0.085912903337510296
-0.037783108742423181 -0.26884660916369124 -0.076496131552896113
-0.062689738065867001 -0.27672170759861681 -0.094290611114767206
-0.04606711311026674 -0.33510574104968738 -0.084456208713156899
-0.04871899368843411 -0.4295047865101817 -0.10715912194957448
-0.047750498312952229 -0.49353308068868701 -0.096092548191628893
-0.011191561978304175 -0.064349006192660207 -0.016773108588548979
-0.012725614460098037 -0.053446608711129051 -0.022808291613552228
-0.0099322438002218162 -0.053346206800768438 -0.012540895892999008
-0.0061105398391711474 -0.037234522731567112 -0.011843848573961806
-0.0077899129976474199 -0.036552515538057953 -0.025864299961433766
-0.0072334485141411446 -0.036171512465368365 0.0086300968901430065
-0.0980635891208156 0.441884078983801 0.055275786150799956
-0.11862672696472674 0.34927198591746245 0.020103444552488563
-0.11741373882479859 0.3468850010622323 0.027237353101562722
-0.12950174577270993 0.32626873891434544 0.04052908419787371
0.00010149570745519892 -0.025394153668185853 -0.072471789117742186
-0.019202626373766213 -0.029522204421993211 -0.068750608033209024
-0.046286303786861063 -0.057706431932028034 -0.059779354605050114
-0.051940927281750655 -0.068448508933401334 0.047744211440901137
-0.074515026681668081 -0.084423178668704885 0.052757230438739838
-0.12244554789903415 0.33965082164946775 0.038855416609805411
-0.12775886538177658 0.33508483308504761 0.043855310779603161
-0.12374129705141806 0.33203317951882011 0.036799495965424797
-0.27417823230653049 0.11371362054354113 -0.026276361094948575
-0.27320944459616908 0.10896650531994839 -0.012195245179710608
-0.25907975068835809 0.094534275053328107 -0.0011669420897051455
-0.21685751657730784 0.11730607347593529 -0.043835112898503809
-0.19904163104589351 0.17533620027349811 -0.0065221340238167782
-0.22508303380821254 0.15511065881291783 -0.00075184672175071412
-0.25959642738670441 0.16195855296413453 -0.032525896150263696
-0.2380124410225869 0.11689349823625302 -0.0031626619099218395
-0.24504340737200225 0.090412958082263628 -0.0067104178472820472
-0.26822537179166372 0.11332854494356388 -0.042640340245726514
-0.22767649781303251 0.13126992278241578 -0.0032681544793920019
-0.26292529002260639 0.15333979491765107 -0.019187774532719883
-0.26401642996057834 0.12937486696589995 -0.04335143980000894
-0.20113419435535052 0.14861090526172221 -0.015599676381979849
-0.20880082777960779 0.13239764994264214 -0.044268605202844584
-0.24510201043484173 0.20221044494666826 -0.023274172606446045
-0.21241313932278613 0.22129979161602797 -0.052114465109557175
-0.19303686092887803 0.16583164738091 -0.044352888372776761
-0.17053815368634884 0.20729336222226197 -0.023771202384783061
-0.22930490389733382 0.22646601425178425 -0.017409713151108088
-0.18595422186937144 0.19388757012035568 -0.0069663721551097985
-0.22903240746752801 0.2149350362961123 -0.0079675384735111467
-0.18647365054779089 0.18265973335427818 -0.044264018569389357
-0.23789703930875081 0.21498785818469551 -0.021796500434355701
-0.17769179988005007 0.22780865795105543 -0.045391070335238731
-0.17370854561624446 0.2193842521969164 0.0024492806925515008
-0.21467281737822277 0.2415517843429521 -0.0021389454837417244
-0.22187925521896801 0.2397352758844212 -0.017628188111273115
-0.1721303606481496 0.24104275875403988 -0.043570136531461939
-0.16685344389816947 0.23429099237563422 0.0097976823991208668
-0.17706703992036982 0.25579829123643161 0.023965319358196631
-0.21112514208496727 0.26010339612212391 -0.0067659312328599008
-0.21443626805809018 0.2542675048408784 -0.021226074440221988
-0.15569549532933405 0.23539678433938008 -0.020610487747452236
-0.25446529501700882 0.12010176265382184 -0.053947097348773052
-0.25326192368656708 0.088092907833940443 -0.051282510283857809
-0.26349525735339463 0.10809643607426166 -0.0028026666265086311
-0.24230688576568815 0.19238742848459126 -0.0080575171333382573
-0.22070271821436771 0.1941323249781422 -0.058793626592443658
-0.22075774773531734 0.22716616636885267 -0.0054611196992095596
-0.21630552784161286 0.21125943929176486 -0.0027231918613196274
-0.20784095124281654 0.22332065223588704 0.0024294422427935747
-0.19753628786537547 0.25025344452907472 -0.046705478517349241
-0.19048210609431751 0.2355188795139069 -0.051243181162043405
-0.20558833962705486 0.25290929682939889 0.007569223692718975
-0.18281602709828015 0.25188293930878952 -0.047871017682170149
-0.24110684604482216 0.11097881766470861 -0.055432072852595958
-0.17732305471127613 0.19241476683608702 -0.01821118450522807
-0.23017099134035052 0.091353026410836119 -0.023169274787248086
-0.21053757921858324 0.13165346614440346 -0.015017405784967269
-0.23588003952540446 0.14828978043677782 -0.058878247459564291
-0.16472831045092379 0.21903482129121984 -0.014507856009374461
-0.18585628968471757 0.16816210071874033 -0.029997350649733072
-0.15366298163634462 0.24861257893059618 0.0063230807452431996
-0.23662621926523456 0.21033025791732787 -0.037626202310934956
-0.27658808984595823 0.10035597297214507 -0.031997657103404985
-0.26375045058248414 0.14489756681637186 -0.035375566475738626
-0.24819795777557954 0.10506792736608529 -0.0023368057946409723
-0.15127504921288415 0.24349788787774765 -0.0082089869230046776
-0.15894050321711006 0.24484738632591899 -0.033291067576752355
-0.24589481254770568 0.1304888039842213 -8.0413986471163603e-05
-0.20872264332009408 0.25400065349840212 -0.036284738031695178
-0.2142615929272943 0.1808239509547222 -0.003402628523991362
-0.19062085427646636 0.22125334061171656 0.007548982022437499
-0.16603304134046951 0.22571658858673976 -0.032234397953286233
-0.20077147733340348 0.23631935289723113 0.010280922035552873
-0.19225306071420198 0.25177245688534067 0.018262218675864708
-0.2283922545643618 0.11901798653066094 -0.054283862089774024
-0.24257003251960449 0.079777129688842249 -0.044741915533884569
-0.16536117514312712 0.24832411496805831 0.018107432397392306
-0.19755486625099741 0.17976614223327711 -0.054820941746611278
-0.18631203976195754 0.20692078645851442 -0.00031795119688638921
-0.18234615422220335 0.23634830413082109 0.016005242197935862
-0.24500829190465881 0.1948741700973442 -0.036325120567127327
-0.23353276181122964 0.19576665840413945 -0.04856972828586692
-0.10588755919335681 0.29095637898923604 0.02787091334916917
-0.10546617358523523 0.27817235293462272 0.02530308408913302
-0.076558003947243269 0.27174751775670014 0.062912803027603478
-0.11809925403686278 0.33611014223229563 0.012851846013107231
-0.11556581948748428 0.33039916866924179 0.016073265500256385
-0.12570151330453733 0.30898598147863759 0.020061781791894162
-0.12615481381709689 0.30313267107077546 0.014476371099869417
-0.127582859623253 0.29566889789190931 0.0091977709042036209
-0.13403077917614803 0.28144900355298325 0.005203266787791266
-0.13337098943348555 0.28829560739852478 0.012904738465282031
-0.10764279829333651 0.3119823131890358 0.030602228370473099
-0.12002846263172205 0.34193708201791856 0.010799876929857271
-0.11841876597971296 0.34316956587015962 0.016933929627231559
-0.17467333136290977 0.20561056168933556 -0.0093330044544144373
-0.21238389575431668 0.11973128363679671 -0.028281949737478811
-0.15991629688406797 0.23096869719400939 -0.0039650203491936103
-0.10005261548034174 0.28772722774854792 0.038796002065662458
-0.037372126223808762 0.60603063804556068 0.065005315934495003
-0.0474856227510412 0.59592310918207658 0.068339102901040727
-0.031988628208944846 0.49052957067247543 0.039163497250813348
-0.038368181722074263 0.61249644042867446 0.069985008756063477
-0.035637632819765064 0.55689708823519801 0.07923131906435267
-0.02635158512888133 0.50286723160753399 0.05139855872365829
-0.02517230622472098 0.52034103492729333 0.055048752835022863
-0.027150707723451684 0.53904788660802649 0.059283878798855397
-0.018064717895320555 0.16138339920936245 0.0993240396844801
-0.042330085459158569 0.58499147821258879 0.069408725983825484
-0.035629689375451364 0.57630715650897835 0.074417974869769019
-0.046683355036387174 0.58845965857962934 0.06832666354788966
-0.038644508746853719 0.58840103031550706 0.07266271560876332
-0.038679548610348953 0.60627797351469781 0.075413183604935125
-0.039009786219125146 0.60538048527341082 0.081114661324659831
-0.028743590079629566 0.4646321680396242 0.058888642041685139
-0.043273319068840931 0.47727990555728228 0.039362002714550225
-0.023691761106400422 0.49138673686140877 0.010692559787518013
-0.042459418442082814 0.58072177608886311 0.067917132623159904
-0.009201850143888201 -0.032395916771184023 -0.058507687798434453
-0.038080564522635856 0.6050681506558796 0.070196054378082365
-0.036423973323739325 0.59950064295509986 0.063625959006555877
-0.036619777209968625 0.58841344950763197 0.060510233699138591
-0.034524361115307496 0.56048518638593814 0.074637871182279547
-0.039265004649497469 0.57812342303519526 0.063521464407881437
-0.036437380406146906 0.57870857665895115 0.056827721462812605
-0.039621834651800844 0.60048950096702036 0.077172293621940752
-0.037666215112649878 0.58281545833527293 0.060587389946317308
-0.038747148531119852 0.58610186689030319 0.063987002663330322
-0.00098000221974769704 0.10854473665232943 -0.06746148681818076
-0.11832890828604287 0.12483081359796014 -0.016689843550438739
-0.12230331185935669 0.11351483282543764 0.028494151151373021
-0.12276667272397845 0.092017049968995651 0.035806000917483774
-0.094026847654563026 0.067855834266387083 0.066314129431841409
-0.032996195653157298 0.056056069509725817 0.078918016717564946
-0.021273325050334461 0.4515114528478581 0.064416714775262895
-0.011581697995851787 0.47858529168017877 0.080100642352070706
-0.0068922029850723441 0.49132157642480528 0.089752814278325418
-0.0060758427131207288 0.49755068836060334 0.10385432307154115
-0.0066103518391204819 0.49696819599230291 0.11823641286605974
-0.00074837219000230379 0.51131566930487593 0.14300066502264297
0.0064068163222015103 0.52889051968783318 0.15404269777147483
-0.079170247947946901 0.41773173413271009 0.064847697031844689
-0.096212020637763268 0.44300785458289665 -0.026036404561392133
-0.07030981968068202 0.47416526894527855 0.0034781885829721143
-0.13279291232991774 0.44695836734019101 0.028178762138375966
-0.17003834168639939 0.40173992752515625 0.041151838135449259
-0.041532535424630014 0.347567975984998 -0.069214966868626493
-0.084771424562441966 0.35808380595061501 -0.06424348966522507
-0.14846206187453795 0.36236205634943974 0.062934718063057685
-0.13758153910640855 0.35779760002300903 0.063425457601227433
-0.12897159142836445 0.37062348036796544 -0.028769019968884479
-0.11284599625110102 0.44891092240336322 0.051151223254521025
-0.16838090372440348 0.39832852060782986 0.014988793821692518
-0.13124904142837587 0.3746127022955193 -0.02910043699769204
-0.17319457049540593 0.35738252481608079 0.04546210424384281
-0.17386051943156527 0.37701992882103114 0.045547304740466033
-0.11722265261869484 0.3414195887980121 0.0093460451712209253
-0.11725111998765653 0.34790708444529206 0.0099725490596654139
-0.11695495451311916 0.34488760787684292 0.014823332279859417
-0.11693820070036622 0.35108204284761685 0.015733310276863005
-0.11846656777277813 0.35763292476119685 0.011247229939694493
-0.12126209566245523 0.35294992160084637 0.0073104770827658039
-0.11997475365798702 0.35395668260401175 0.011785297486814405
-0.12043041301060929 0.35585431903187831 0.0033151060422279069
-0.12791993181990322 0.36014353702894319 -0.020132580702443937
-0.12712590996495557 0.35869976562236916 -0.017010726443068912
-0.12880314605465715 0.34691709741590582 -0.023527546302923169
-0.12820164183867183 0.34184192197436392 -0.023579783521747284
-0.11792151443008791 0.3532812075829837 0.032598936080972467
-0.12338964843284206 0.35534642246043197 -0.0049419027115649647
-0.12482977069367815 0.35589149596414821 -0.0093057265859972042
-0.11926706131712854 0.35064487115599885 0.00079977609435619005
-0.11870845976484759 0.34211699901552051 -0.00086972824180654197
-0.11807397211003702 0.35177300153674862 0.0057579772620201322
-0.11784657589578873 0.34588235290840691 0.0040972631332705026
-0.12041317533322803 0.34040065053503576 -0.0073734333541327617
-0.12139058188228009 0.34575719325790127 -0.0085011806753852344
-0.12083470206853289 0.35144913481224432 -0.0040774785532078821
-0.1198480214474396 0.34644887774397548 -0.0031546579825296349
-0.12671279037756633 0.35242307366479381 -0.011720352208115748
-0.13267607918322313 0.34023065276231296 0.049706363152533399
-0.12869685712465292 0.34563848513577217 0.050960903167411926
-0.12025136293713293 0.3542143405185515 0.044795117014835323
-0.11881668415336465 0.34874860567791238 0.040472330909185963
-0.12103603007593464 0.35416393795310941 0.049925553829127875
-0.13834130737788186 0.42459454744329778 0.069526970402352478
-0.1525925319514867 0.37765024314342288 0.065897138927426449
-0.15920746544523046 0.34899263473875641 0.053300872509597662
-0.12208756871823874 0.34796740623561312 0.0435318875976747
-0.12361327453519531 0.34878078267569057 0.049315440854965018
-0.12525381755725509 0.34243763997583654 0.046267577561658911
-0.11920758628990687 0.3485184474030778 0.047224883567612619
-0.11793340943553227 0.35711631862644216 0.015287166928596224
-0.1200027371623205 0.34846296425903922 0.013842599161488176
-0.17521973549435385 0.38828373285780787 0.030121992726941327
-0.14519724577854312 0.34082879008692674 0.052647695583521323
-0.13502745966622501 0.36065772384055661 -0.027922680251007977
-0.12833034982978458 0.36724142790475239 -0.027297305380029366
-0.17929728287758842 0.36845576683343434 0.029965039138154827
-0.14626565919975729 0.43872387845263755 0.04310110695135462
-0.16741460590077498 0.38785196432120517 0.0012161718484989955
-0.14296154926374388 0.40687236028104029 -0.015882575901292908
-0.13455534891624257 0.37105887788927999 -0.028335819999423265
-0.12805226879572781 0.38276493419627144 -0.033354857063575792
-0.12583467688243527 0.40045220246119068 0.075136473520658401
-0.12686075214867806 0.36517145502512655 0.068451561105055056
-0.12373990594061196 0.35572319171762423 0.060170117187535753
-0.12962376030313191 0.3544899820684409 0.0603575340868754
-0.12758515798023717 0.35875186171401008 0.063977587464105673
-0.090629855870952958 0.40101929180549212 0.072088146523750202
-0.10920658828874097 0.39208836042968681 0.074151829163208977
-0.14433399095970442 0.35180179148212909 0.058787715944644006
-0.12702956042085656 0.35119067045665742 0.054475776471077778
-0.13434345653112428 0.34791111665052737 0.056177729978872021
-0.1174661978149107 0.35531360030981612 0.019652139981520548
-0.11738400131118783 0.3531828217752408 0.010906770690646611
-0.12236462153996046 0.35121163792388138 -0.0089726160309907786
-0.12173214998776759 0.35546230803889622 -0.0007394376101388881
-0.12645295507219961 0.35380112012603143 -0.017734184706397739
-0.12436602676955909 0.35201872412379165 -0.01355622533228955
-0.12330124233305673 0.34617162331199186 -0.013689570359423007
-0.12677785000903902 0.33618635091124405 -0.022349971005474697
-0.12498849845276813 0.3418915180987589 -0.018590564615310275
-0.12553853156892408 0.32978353157390655 -0.021232828383991223
-0.12852004492508221 0.32496520760585729 -0.025298571486399257
-0.13327560761864302 0.31139764342990811 -0.028675583693068035
-0.12887848780947989 0.3173265980079859 -0.025052173504979323
-0.13523213440397205 0.32345522738931853 -0.030389522930924472
-0.1672148806949543 0.25879631647302859 -0.042073351706555961
-0.18639790557244457 0.21465012067418157 -0.050368243028535105
-0.13296085367797064 0.34407963459178087 -0.027816532448187065
-0.17977246818406273 0.27062019381699731 -0.043302267057163689
-0.20805658349829065 0.23679555633552749 -0.047888033588263379
-0.0011313308822308258 0.52300382262062217 0.1469973868519347
0.017269153844719474 0.52830923698110344 0.15591116119446355
-0.21418102946669171 0.17752907476869775 -0.061851857693461187
-0.20562479076238258 0.19124147575670117 -0.060792536895052825
-0.24012773084880173 0.1659956774898847 -0.056374963724833221
-0.25110592874850129 0.16947063196172035 -0.043725870378164743
-0.25110992567194079 0.1878942615467217 -0.019318669995172844
-0.25465659291388748 0.16198564938331617 -0.0083384307915729105
-0.24161596739860872 0.16069848882808363 -0.00033434211116814642
-0.21522730608116372 0.14386951576956367 -0.0055904627626469248
-0.20235098284871289 0.13728387624685495 -0.029822705760476419
-0.20148420993080624 0.14925888064304507 -0.046101444092578797
-0.206655503064646 0.16397086530889474 -0.056344021589908352
-0.2897106749729022 0.063235814151812994 -0.0094657446507625687
-0.28632509685023655 0.043222527974822268 0.0026514453825394828
-0.27040767182863373 0.029271339792780713 -0.0068283195283640567
-0.25878661944826026 0.041146103566819768 -0.024586352995164026
-0.27375203325340919 0.051254035650827479 -0.042202513320757737
-0.29497162167002206 0.046731917479367981 -0.028163664996899453
-0.27163369407198512 0.082207501072404848 -0.00080758187861650348
-0.23931797835317961 0.080365428432681699 -0.016647707005729203
-0.25418966858788905 0.051677255912331181 -0.016958055762181984
-0.29087864606150571 0.058501037476240525 -0.025511300554103906
-0.24557497802843672 0.065360866954954008 -0.021265136428439583
-0.26332208925930534 0.044030823836303051 -0.0081146837230626108
-0.28298743392640835 0.07692926377521013 -0.0315174819429518
-0.28314600291741726 0.063588551465802598 -0.037158204410292557
-0.29511927346535621 0.05085516990894539 -0.015372723710307457
-0.28486991934310302 0.075607426254953439 -0.0090693587151002234
-0.28768235981361412 0.07082668243969778 -0.020785576179284782
-0.25808486452961082 0.082354595919390872 -0.0021218489335437757
-0.25826207490944847 0.057085652794523406 -0.041843556330192634
-0.25656202157837132 0.071591107908217919 -0.04714468647261115
-0.28302688653450814 0.028328126344124637 -0.037272991212830266
-0.26580606377121563 0.082829831628430772 -0.048217615963688856
-0.280420741244223 -0.017827559255817874 0.017990155708121805
-0.29139753291234666 -0.035290153045022803 0.00099506587441791118
-0.3081287879971159 -0.043937378460467934 0.014703676589500019
-0.31657794267095107 -0.029531760748401029 -0.0086617834099097426
-0.31519375717724263 -0.034868303733299126 -0.020829597779941856
-0.30591167868838748 -0.03709585519352307 0.018059560040735473
-0.28365766708063039 0.0058421709506524073 0.0089766750106354907
-0.28356656696372218 -0.006968911201090301 0.01703815205205261
-0.28521238209412719 -0.024449851524116179 0.026631252171609207
-0.31260715926189997 -0.088086961311712744 0.011615461002301007
-0.31796918515385347 -0.086009085309825567 0.014861950725501095
-0.29734483906450171 -0.043997297030265427 -0.0071525793928788554
-0.30282757847065683 -0.063598088611678497 -0.016297399095393961
-0.30021350359676346 -0.028267422474800626 -0.042233268966190458
-0.28751969561416307 -0.01506807928094501 0.023860562666181941
-0.29011537733186249 0.0037064328036376455 0.011440231443285128
-0.28809641940884878 0.010286265950807484 0.0082702225728868463
-0.29504425176682403 -0.040838951313510403 0.01030138547712243
-0.28246218879193691 -0.022604472476100063 -0.036469090455055961
-0.28444439820448686 -0.03066932648940162 -0.039065739902011877
-0.28366741241665866 0.0051291157768308176 -0.035806095109231426
-0.28173237728523415 -0.024576825666977772 0.0067678531437299393
-0.27766862508416112 -0.011035632113267904 0.0096551641050769584
-0.27645411982701329 -0.0017822856068430797 -0.017044183666009335
-0.27554056828811985 0.0089725734851262753 -0.024124191711599817
-0.28303498118651815 0.012117532280499931 0.0059692849773794266
-0.28865902544495414 0.02230417301070195 0.006206953234464698
-0.30995549163457164 -0.051145469505359732 0.013398320708142834
-0.30124422093928349 -0.053749709578671263 -0.0045506376765515333
-0.31797807679642953 -0.065049037343571647 0.011955103729788646
-0.3009857565836967 -0.062092826075265305 -0.022285959747363304
-0.29539346846161746 -0.045137604670825976 -0.017900291401068507
-0.29062210708391883 -0.030521384879316178 -0.044392706399475963
-0.29543782019907816 -0.020680626714203575 -0.043512113098125062
-0.29303138247371574 -0.034718346020596015 -0.011601714649578265
-0.31837609955540463 -0.039593040217835662 2.0340741847453284e-05
-0.30745590744814405 -0.057865744360877269 -0.033874003487628764
-0.30650502146896358 -0.064895047425633123 0.0068037498508376985
-0.3167916873503494 -0.082014339261099231 0.0016070739850412399
-0.31012322885223448 -0.015320656616888093 -0.026807271477775722
-0.31085010314943617 -0.039835254786323909 -0.030632604423538323
-0.31714806813978835 -0.059064639943507857 -0.0063461585068324486
-0.32078644253454075 -0.079505783418022766 0.012662423091662959
-0.30958344509776131 -0.00028061173308918072 -0.0056522663883919371
-0.29905056772444766 -0.061489567850002695 -0.033837602754866525
-0.30573692291348686 -0.035163219224213615 -0.038107677857576551
-0.30491123186660785 -0.020037610945320385 -0.036937098436211457
-0.29655820370551961 -0.037020372311517072 -0.044827005144863818
-0.31456743914825819 -0.046272428512266525 -0.024146066425001656
-0.31036479322762855 -0.028036538403023767 -0.029561449102764162
-0.3082404082584797 -0.0023257462284652429 -0.026991986799607692
-0.32194345925557749 -0.080470044978007582 0.00456841623450965
-0.30131623360465881 0.018179791563658614 -0.034922689344728863
-0.3121178524166528 -0.0095026280048353222 -0.014996226626968522
-0.31815892183126765 -0.039444695387226586 -0.011087316147189942
-0.31280811807050979 -0.092949397605036857 0.0065638840418990631
-0.31960204556487576 -0.088088412905597574 0.0031364995113275047
-0.32264847230631277 -0.086520812476245504 0.009555397267040952
-0.30945174949458193 0.0056407219770935307 -0.016653251287927828
-0.31078188453717448 -0.020078860404878114 0.0078690685545336515
-0.29325322432525225 -0.0043160024105881019 0.016158546640984334
-0.29632724150976625 0.01143471864594359 0.0070510752394617382
-0.30428054456523168 -0.01187497595506112 0.013266588563103535
-0.30453611959375443 0.008544474255287815 0.0011055281368406982
-0.2824312819388079 -0.026916714365058794 0.017526431945028863
-0.30276545100842883 0.029726011255120231 -0.0082553976052637066
-0.29429250758376913 0.033181127277198061 0.0021358069770413524
-0.27772569590901114 0.020069363581054357 -0.00093327579631586244
-0.27185461859683063 0.01871518777481011 -0.015634796889579854
-0.29062511359694743 0.016190140212321163 -0.037673862976816956
-0.3040911191236591 0.027298301127012956 -0.028127596921069118
-0.29998115533046049 0.022096675729290156 0.0017926663115119545
-0.2821167825310909 0.031247846155050964 0.0035749917501601454
-0.30487608489766099 -0.066045717833648598 -0.021336093160068882
-0.29539252089338719 -0.020845866484748763 0.027563770195878461
-0.29568494397744044 -0.011111961758373317 -0.0415278548212899
-0.3044665854745347 -0.060930139695648401 -0.00083230937722236927
-0.30251263048010746 -0.055481582049311973 0.0070380512165515484
-0.32129333530739468 -0.072227854578454667 0.0097953235590581538
-0.31318618393369813 -0.067554004523988326 -0.001882890370783086
-0.30937171904110894 -0.0094175887964215946 0.0015194037627114412
-0.31664701686676111 -0.069981795296200425 -0.00046653795980951978
-0.31625560944450032 -0.07587595194309682 0.00038286623404584617
-0.31632249868909845 -0.063167005549965974 -0.018589153343477889
-0.31375322287543411 -0.080368151151709893 0.013920279595347428
-0.32124828376181441 -0.092769843505906224 0.013317646361896283
-0.31755455852975767 -0.05695394179100477 0.010186044246364868
-0.29995608509440963 -0.054395507569166904 -0.01411661113538719
-0.3114064013044765 -0.082062443469556975 0.0077641707353356699
-0.29671803276066455 -0.054220066319376252 -0.022970739081971909
-0.30895413378642167 -0.06626805363032659 -0.022492590104649473
-0.30685551082853435 0.021090721167171821 -0.019180859300741218
-0.31760981612231592 -0.093974384175866107 0.0036585995257154115
-0.31363118818398583 -0.098832385043431337 0.0065946900898972323
-0.31184142080655014 -0.077679718633084066 0.0028745372176991382
-0.31730613751536729 -0.047384389750022606 0.0077277599220603307
-0.31412612436576082 -0.018485776438438583 -0.0054099409342597219
-0.32182319747436866 -0.093998617729330686 0.0072461331677224636
-0.2870087547277641 -0.015388881529470518 -0.04191406951924604
-0.31600836280988476 -0.092184246339574505 0.015275080393403242
-0.28747192406263716 -0.026072048012355034 -0.0183567269531985
-0.29649828513572207 -0.012682546019599445 0.021313650470804218
-0.2713004927923609 0.022905455455399217 -0.028129865036514025
-0.29491097730328225 0.028533849455232858 -0.037258858333480312
-0.29142820287341814 -0.027756824325846786 0.031659785079090903
-0.3040942755843199 -0.062504151331324698 -0.0086605233457736908
-0.30451999203287711 -0.054410870271113625 -0.036714530787732499
-0.31279557035184297 -0.061546623554083101 -0.029321996594862135
-0.31934576742056503 -0.056477657708603586 0.0012822294507674023
-0.31881955014661262 -0.049252470113513816 -0.0052743781942468241
-0.31584112268752362 -0.073381912038867819 0.014234035565224184
-0.27613130651612666 0.0086109249975665041 -0.0071747565216733556
-0.2773666784353675 -0.004045481761347545 -0.0026808537063483162
-0.31532772719618757 -0.029318174837083915 0.0031676079747183158
-0.31408498705191112 -0.087311689211109572 0.0037633360567039175
-0.30125338664580914 -0.057963525337834811 -0.036218257047877123
-0.29664486839666887 -0.058594202558697982 -0.035355375208022552
-0.27820559385535443 -0.0026944107531344844 -0.031226880911639197
-0.27934255476556968 0.016871502252992759 -0.033388798151144448
-0.27979007410387297 0.0064328486955805746 0.0034125846037928679
-0.31204410464296217 -0.063597201526526828 -0.023644984280403104
-0.31781741168873029 -0.098335415748172894 0.015448273688775232
-0.31955702977361533 -0.10084780218622275 0.0054504006466666935
-0.31944337860388028 -0.11002123038488269 0.015524794863629277
-0.32218602916215211 -0.1122576930186769 0.010967828358423153
-0.32026672971165859 -0.11404351639536667 0.014922534609162399
-0.32207934803718558 -0.099437699693364023 0.011426854602416832
-0.32129588803982634 -0.10471073544580514 0.014177201632431691
-0.32197831814236122 -0.10603039557523472 0.0094112862519291091
-0.31444450288092057 -0.10854124977529526 0.01264424792656451
-0.31682849886401998 -0.10483448382447842 0.015562596787710839
-0.31954063129894877 -0.11300562676778432 0.0069019340483188717
-0.32029476645370181 -0.11726040973213916 0.0089297603027220247
-0.31298288644605177 -0.095567871362829196 0.011732092538733863
-0.31338871845251004 -0.10192919930829475 0.01172548980266094
-0.31443634018544725 -0.10487948323490506 0.0068134977069941489
-0.31527811847115123 -0.11123371449915635 0.0077111875585430638
-0.31894218053338119 -0.10789460502170005 0.0058294480998169309
-0.31696284123191709 -0.11605683679143576 0.0090006061487073585
-0.31653909363357252 -0.11423520743225586 0.013541705926312408
-0.32066579391364219 -0.11736181969380857 0.012315855051683448
-0.30861056091889361 -0.066858328154731209 8.5511004757073313e-07
-0.31080626551814294 -0.071992817335285342 0.0012971687711643711
-0.31128554099280303 -0.067343725020964265 0.012732654026349927
-0.31698307660187797 -0.063607241717562768 -0.0016031258910405165
-0.30959945421260981 -0.073890574729308878 0.0094387254085557121
-0.32044214324003828 -0.064987788146046374 0.004499939309099964
-0.32082984355361083 -0.073347759260524281 0.0031225783227524914
-0.30944131616353543 -0.05945148971378842 0.012496810342133463
-0.31786845184662516 -0.089621658946344343 -0.0077552932704347275
-0.31628165938041697 -0.076178972166534312 -0.0067643385117919447
-0.30765852828134932 -0.069375512917011273 -0.019355564673076416
-0.31487781058586545 -0.083180251404904287 -0.018795440963319074
-0.30824060734861325 -0.065580562637697182 -0.0047328832726768414
-0.31486794806387258 -0.077606816362428735 -0.0189365479855306
-0.31174208113025631 -0.080470165944164548 -0.0065956411252574461
-0.30936898092174131 -0.084443944525667128 -0.011386858593611954
-0.31212173971451257 -0.093380440344697141 -0.018074815324168093
-0.31937117724390057 -0.085006235545738426 -0.013883872249202055
-0.3093753278647946 -0.092275414499946043 -0.012141818460342046
-0.30999827837237542 -0.098587751151801878 -0.0095099275396290563
-0.31703220902267082 -0.0829543672676194 -0.006675055407367925
-0.31794484827512981 -0.070086793920529203 -0.0092232679889340235
-0.31272056503414458 -0.072264023459415697 -0.019713513612332676
-0.31202238239732077 -0.087968575766002505 -0.0066234835024076184
-0.31835010632237409 -0.096801363266379031 -0.0094917221329914071
-0.30955893054999439 -0.1042174757793632 -0.0138729651340404
-0.31554261979401382 -0.098559606359259103 -0.017306942320171763
-0.31022775621257648 -0.098672225851482762 -0.016339707008826011
-0.31517481148292503 -0.088588930541463079 -0.01839249261363617
-0.31291627189543531 -0.094278009230088916 -0.0062832460246477146
-0.31773058444930746 -0.070698237522419605 -0.016594824634067421
-0.31813323794398252 -0.092556781781269637 -0.014810896393838148
-0.31345373902199436 -0.070341266392933061 -0.0062437404938542294
-0.31057700692910156 -0.08745531636159326 -0.017086481498928302
-0.31813590801988678 -0.1027205599077871 -0.013029468120854823
-0.31479480386090308 -0.10046998455566933 -0.0064469333961772665
-0.31359045535072383 -0.10542653251918686 -0.017556223328334987
-0.31709197449467585 -0.121635352412508 -0.0096355004911713449
-0.31803200124113185 -0.11568833355497597 -0.012615763863706594
-0.31736994590315276 -0.12545393141450131 -0.010758257958445074
-0.31699187688980413 -0.11138234158413185 -0.0083825733583870344
-0.31621279561531768 -0.11648900854856196 -0.0081965374893404885
-0.31788047348851517 -0.10928902223619323 -0.01347133733157207
-0.31199588828879621 -0.12039641703189025 -0.0096496434510343985
-0.31149991696433343 -0.11467137107256507 -0.0089064979456439115
-0.3168490032576739 -0.10619087734360211 -0.0078299596308805605
-0.31744187540429514 -0.12713806257515542 -0.013428706841721198
-0.31489213247483577 -0.11860885980694914 -0.017326186019657526
-0.31132508558558469 -0.10399784156019293 -0.0077073604306993468
-0.31022165372196558 -0.11617586748998365 -0.015057062523457065
-0.31127651263326817 -0.1094465604947389 -0.0085598089395074167
-0.3146341790752562 -0.11256369707398853 -0.017248303975536498
-0.30986178696509425 -0.11038848363771968 -0.014828557452769038
-0.31158613937297103 -0.12288420701800463 -0.015703999611931769
-0.31560189447103781 -0.12632133940473259 -0.016222873862131358
-0.3153018227976786 -0.12310924439219011 -0.017517070615499605
-0.31331065432912136 -0.12565489652343184 -0.011365437503299091
-0.31816429726487205 -0.12295485125372811 -0.014156640852861275
-0.31466466758709205 -0.064278805499512523 -0.0056414399173349864
-0.30969467347917878 -0.080623188132846607 -0.017552503619005375
-0.30768842330297713 -0.076907228754093254 -0.011565505446564721
-0.31095502112966034 -0.074865682921376644 -0.0066006007376969485
-0.30840375793282082 -0.06981026528548806 -0.0074251564667893793
-0.31282768056622201 -0.067343442766597761 -0.020254716199023078
-0.30530488976341563 -0.069806313724357444 -0.013649228146043201
-0.31797011508118589 -0.063512323606322391 -0.010609439343720908
-0.30848840148109585 -0.07499814086335832 -0.018199783444925077
-0.31927221275170325 -0.077709355341563896 -0.012428215917696779
-0.31162091966325428 -0.066317811042930858 -0.0050371333187111591
-0.31821092719829069 -0.055982140007229883 -0.014412857254029304
-0.31788298038611384 -0.047617814111097813 -0.015991596650344029
-0.31417176514883272 -0.022752696340551926 -0.018190962995972733
-0.30809503717923176 -0.085025428842658873 -0.02649691264080984
-0.3129175722816237 -0.074411172747246582 -0.026841152082265857
-0.30274229480980064 -0.075450836545132419 -0.033501437804394317
-0.30625047465277577 -0.068951284604198693 -0.024252657770398478
-0.30768763198269972 -0.077949916705905717 -0.036034005429647208
-0.30374401933661421 -0.081060642078831277 -0.030052692666588433
-0.3062715114235271 -0.094761470637808945 -0.037025867434467959
-0.31270681395422784 -0.083419119243047166 -0.032747395264355272
-0.31298351017779913 -0.080832096686090815 -0.027321690141190229
-0.30355377611341738 -0.088286878047282066 -0.030827138165118409
-0.31306074454895422 -0.076108206964653702 -0.032388014892240469
-0.30716351208550169 -0.072005236527410255 -0.035357159458839202
-0.30387706824867572 -0.080854233492832828 -0.035065812469558054
-0.3121410149156017 -0.092083320242533379 -0.029469071280821994
-0.30324686607199192 -0.09405220573690859 -0.033162611598466771
-0.31092484259360187 -0.089580691741152949 -0.034713901757641753
-0.30336040919122731 -0.084500153466648117 -0.034771713500203777
-0.30457038451780605 -0.089483313984718954 -0.036216140140128569
-0.31159643661709086 -0.095770610642063284 -0.033937772813426019
-0.30778222499739299 -0.092088965329862743 -0.027541848547041045
-0.30930934208618199 -0.063984212585016936 -0.033778450304063741
-0.31248161907202521 -0.087001048119777213 -0.028684676315873781
-0.30833459805264951 -0.072907482770875012 -0.024842881892237798
-0.3074963844883864 -0.084087739515175119 -0.036411258551467776
-0.31158601462662155 -0.10155690579891373 -0.033435581812387746
-0.31103032130236657 -0.097330751491729928 -0.029070588598437259
-0.30328793534237819 -0.10012180363359566 -0.03450128357558109
-0.31092687129686092 -0.11079646216343371 -0.030970241128921439
-0.30963756359234057 -0.11110073237049417 -0.036690468602990467
-0.31094440886950647 -0.11421448189734611 -0.033174849341356109
-0.31150039830883341 -0.1069377223972961 -0.031285882154745648
-0.31033110919314366 -0.10270398754426981 -0.029170315114420881
-0.30943872043141518 -0.10784565405014263 -0.029016022781089716
-0.30871883697004032 -0.10712646992436339 -0.037430358102653397
-0.31002922806768513 -0.11435109301072008 -0.030339039721377723
-0.30790051225810067 -0.11161116923123864 -0.029208933560062562
-0.30430792071865148 -0.10531544526495258 -0.030737542564788646
-0.30999354683154456 -0.11852902214328909 -0.034006229577809396
-0.30697635853956651 -0.10973929859482627 -0.038025410790262067
-0.30593990286497091 -0.098513639219575899 -0.029126112064528215
-0.3037643781928604 -0.105765318403062 -0.036028451066935502
-0.30738351676352793 -0.10053978202829338 -0.037419501390057182
-0.30742063321271945 -0.11311627047944255 -0.038034886472565178
-0.30353573703524572 -0.11153971855446815 -0.033792331170586477
-0.30499433561650868 -0.11700327600428008 -0.0348999577877145
-0.30653016982899084 -0.11628945471146379 -0.031006389848856456
-0.31002933013288014 -0.11786419214408245 -0.031756228814937636
-0.30843656370260292 -0.11725484528891435 -0.037031492360771287
-0.30152410638518312 -0.070285823570946787 -0.032692940332651695
-0.30344610111286358 -0.073766382808059736 -0.027533401077072969
-0.30807931157881385 -0.078165800974206986 -0.025516915399894157
-0.30330418512947671 -0.061726984094260827 -0.034621554177238868
-0.30145047075720055 -0.066742321610109775 -0.027281640262689984
-0.31191623333443574 -0.068130488906488276 -0.025580039572853767
-0.30443202065521874 -0.066968407357656606 -0.034717923882364048
-0.31277115786927112 -0.068991646978604673 -0.031076822393805159
-0.2957248098865769 -0.069032170641220206 -0.044368543409603049
-0.30283273213297329 -0.063182610184226801 -0.041654576951324261
-0.29159635591224586 -0.051343813680887175 -0.043702896888836266
-0.29208921235816426 -0.053623864453275598 -0.036398022837782686
-0.29818300348626353 -0.062676447461031667 -0.049878022636789317
-0.30055198202498951 -0.070158526851666278 -0.051306118845510874
-0.30298915901495088 -0.072960909490243642 -0.047722259550524525
-0.29676674936029257 -0.079505662451865883 -0.046654985227289406
-0.3032939282074093 -0.065590683472837932 -0.047176913872954779
-0.29531061168428729 -0.056627817031568557 -0.047607482828499921
-0.30125165531768616 -0.078002536984227322 -0.046370815563327207
-0.29432839169023561 -0.073364613878408161 -0.048717054984654
-0.29533491832147174 -0.068374114746808864 -0.05027799723511113
-0.29640191795072518 -0.074222425220179189 -0.052962780607998979
-0.29962229662489803 -0.074399922894639828 -0.044388180249099275
-0.30155761149056071 -0.043896451577329028 -0.043537022045966517
-0.3018779651562537 -0.068611772923381262 -0.042955971191037647
-0.29811722309810512 -0.064776137693242114 -0.040708782891317546
-0.30088578309514241 -0.078139390029915462 -0.051820376220715968
-0.30081112177495317 -0.081584909403533162 -0.047566314013046868
-0.29389489938589486 -0.077442544321140103 -0.051371848831103836
-0.30015403865005491 -0.092289406252112668 -0.052813674698651801
-0.29814399694086796 -0.088446513052550038 -0.055702230603365266
-0.29948586444063124 -0.095589242050576589 -0.052846169232592284
-0.29966157786427527 -0.089879881369616957 -0.049635490532138775
-0.30117381107548924 -0.084864785786081948 -0.050784079314201536
-0.29829773988623576 -0.093719145584467631 -0.050515635250657234
-0.2984700914587648 -0.085600219698959812 -0.047922357735329407
-0.29570354252408859 -0.094873041756671495 -0.053945045964359548
-0.2981905487503102 -0.083668067594278639 -0.054900870134889257
-0.29745102970950321 -0.093736282456718001 -0.056905556571498067
-0.29396660207549269 -0.082868844194577393 -0.051128112105139234
-0.29536981453765554 -0.079876383401205023 -0.054202492188124396
-0.29446218782032979 -0.085768725555745551 -0.054619825429984455
-0.29468122476909953 -0.090648298721319936 -0.055348177782417678
-0.29515042729105595 -0.089322066097356781 -0.050437899373975997
-0.29917629440381455 -0.095662507219703055 -0.055685507032151617
-0.3032881747545641 -0.058446341592717103 -0.040212368024278924
-0.29377690698019504 -0.063189505255179301 -0.046131494102095327
-0.29314884313235012 -0.058408963050185336 -0.041777488647411216
-0.29781459097442148 -0.05021528007961381 -0.04636102738511836
-0.30343715465749765 -0.052081183052277977 -0.043082894931333771
-0.30234134870202989 -0.058143764911855578 -0.046240393884989392
-0.29862013233570095 -0.060569297649135725 -0.038688849678662492
-0.29959671228267964 -0.039792795665195613 0.023468269418833475
-0.28846680014087134 -0.040604035036498128 0.027663103571851633
-0.29443929245497774 -0.03512858258124181 0.034539959037171365
-0.29374771633441926 -0.044996759741954814 0.025277126767930366
-0.30047297600365908 -0.04625710613237221 0.02840062415093873
-0.29947272953207704 -0.029958005163831194 0.030361616603565865
-0.28776337689730569 -0.033865091070740913 0.030957022109132645
-0.29651501122706403 -0.042112523337099889 0.037849381403582363
-0.2900057265507433 -0.041326082027994697 0.034691297780167614
-0.30122970500043617 -0.038238662801329558 0.031580199428257932
-0.30384976895916821 -0.053457737597578665 0.040345457571455239
-0.29889817304770533 -0.055422832819032722 0.045233921749573733
-0.30004137631565064 -0.061752870851871838 0.047995437988090549
-0.29782013525662016 -0.048972796358389165 0.04169957289462102
-0.29285512218223664 -0.054720704921399056 0.041650420312801952
-0.30222337141709971 -0.046374523948825984 0.035487617992099436
-0.30493350728040497 -0.058609283006278198 0.044186939499185576
-0.29520643210164688 -0.061457874716852615 0.045172390297681976
-0.2937387824796947 -0.056039074745153163 0.033113294261308407
-0.29138298673196006 -0.048477399623172504 0.038360342451007598
-0.30142726541607107 -0.066830062396031467 0.04969779471640836
-0.30182394368661292 -0.05482005845839822 0.031942039445566332
-0.3056029667552474 -0.067135380976453038 0.048090981091142404
-0.3056539665910899 -0.063916471537062869 0.047163634370087484
-0.29059070880577675 -0.049062109704352319 0.030998977204606589
-0.29431889332677807 -0.060808931606273472 0.038898722494033255
-0.29537668188719701 -0.051725905448990112 0.028336431443591763
-0.3051037457253778 -0.059642253343473471 0.038347237783992662
-0.30018904827201098 -0.061616783925178296 0.035334293388024761
-0.3052451765840723 -0.065197019275709422 0.042148982329128462
-0.30221616385024153 -0.068749875952692385 0.045567909309218738
-0.29788591816490678 -0.06574124601632636 0.041481874133963745
-0.29795235630654421 -0.066789982275991908 0.047032204640440806
-0.3002828499664269 -0.064980489854570403 -0.032750681511622089
-0.31446981189912526 -0.056393183008922779 -0.023285976887272568
-0.30654010165451123 -0.046893226830303059 -0.03676995344869257
-0.29803569190824608 -0.060829697463235466 -0.029179024677729259
-0.28788398771628021 -0.038272936545830222 -0.042411492437593505
-0.28850617462499462 -0.04588017558697044 -0.038756066539936004
-0.28750567866071364 -0.024021752294277717 -0.043054215871597253
-0.28446304967382868 -0.029487608101073808 -0.030398010722944912
-0.28687792730877448 -0.038641923646918291 -0.033388727587552847
-0.29035302038766519 -0.036746988796559431 -0.02284449073605269
-0.31046961166278597 -0.051836226584229775 -0.031499629354272238
-0.29463803229064395 -0.055330051776566982 -0.030462173188752616
-0.29244481757812746 -0.044588257029560263 -0.045170397823220403
-0.29146064700479318 -0.046731696688574464 -0.028572833023157891
-0.27828834982755368 -0.010288988669835701 -0.02459748188161362
-0.27899123880392557 -0.015784884405635434 -0.00058339126753033258
-0.29812450122855494 -0.046475651656128887 0.0027964233217770114
-0.30185284199750917 -0.047787731239715983 0.011713090771562216
-0.29985054464250227 -0.041182011334935049 0.016619498262977893
-0.31367027663355024 -0.037975480765617374 0.010885268956229105
-0.30941489009847417 -0.02892055907882472 0.01494185895275287
-0.30362653599682543 -0.022177986128355635 0.02068856793470511
-0.30301516043839832 -0.032112976929818557 0.024105156235758981
-0.28800224977570515 -0.034133998837887182 0.012368666859753626
-0.28642227299640882 -0.025585925349179615 -0.0056759354331235266
-0.28161042071776232 -0.014886428435091822 -0.013542636800646378
-0.28137887637237813 -0.019845113467384084 -0.026764640987924852
-0.27958307076760253 -0.00026698287939370773 0.0076381038386521063
-0.28435485048659431 0.00084001874592289191 0.012703672551220709
-0.30122412039618518 -0.00043000493705936966 0.0084709558300163669
-0.28031676579197262 -0.013108830757082014 -0.034995944433342308
-0.28669421247786653 -0.0047157149155695258 -0.039423971095634593
-0.30324390870146456 -0.0072508429911469731 -0.036213992990840729
-0.29738334914462772 0.00461597733857838 -0.037257114404716025
-0.30635612851045535 0.010842145764554638 -0.028226254902665362
-0.30696678079206835 0.015983530016061197 -0.0075567374041323682
-0.28598810529769114 -0.03335130747965083 0.023300640566686272
-0.29270573653865123 -0.038882968875888206 0.019574278098425744
0.00029895279783085526 0.57580482438075686 0.14671670504550099
-0.0044181023357321965 0.57745851239188384 0.14837944535738143
-0.014429684875640916 0.57914679672393032 0.14662025469627124
-0.030259376671707128 0.55172513986800742 0.065700347150914468
-0.032390457621674994 0.56081864975890261 0.067211254774657281
-0.035531545500022597 0.6026683433880009 0.057268260045802218
-0.036046095210107251 0.58595114305860529 0.055257600905188428
-0.036327845550928224 0.57303413487532961 0.059925241363592278
-0.032938313347003673 0.57208922790047467 0.052661142987981267
-0.16512556331071176 0.28477387934595882 0.032507183250841787
-0.17964330656986108 0.28133182766884363 0.027467803711276832
-0.1463820084818237 0.28881471350052523 -0.034195511372070421
-0.18347869986768578 0.29643929102417771 0.023471918564571502
-0.19099874247061147 0.30482272957312545 0.0099350394704635168
-0.1979370487437182 0.29198346230678768 -0.018275205843852546
-0.13671933266093086 0.27339160911936705 -0.001245126549218835
-0.1471550225474951 0.25220083836954554 -0.020194464972293658
-0.130291029786506 0.2869088513739787 -0.014571413644396862
-0.13490729995021122 0.27634189304597739 -0.014509559616086406
-0.13596633849425305 0.28315873921688184 -0.023247781823180599
-0.14389645636961515 0.27629939360279671 -0.0292351731356317
-0.19071441151843987 0.28584313953027224 -0.032875397619551883
-0.14028674559881352 0.28840012215822541 0.023029948548723284
-0.15115521207328919 0.2778224381642978 0.025632283405061074
-0.15167782619384459 0.2935244905036386 0.033759848290285763
-0.19783630409591266 0.29323497816773958 -0.00043111503681685293
-0.14520327392537005 0.25571232462081367 -0.0052535518542061628
-0.14384563042262338 0.26439938822398418 0.0055235146080969124
-0.17499129090674434 0.28879414925382502 -0.038637348337293834
-0.12520698349344636 0.29748169672162378 -7.2510864209867089e-05
-0.12401986195010309 0.30330621718410539 0.0066459394184387368
-0.12154642661462678 0.30984653471996876 0.0043796787879552841
-0.11820326477090885 0.32175968508784847 -0.0024241635210651112
-0.12026541517237815 0.3201604318473989 -0.0055478423533091318
-0.12223869577046013 0.31443534556602115 -0.011353310646053745
-0.12198579585809811 0.32179162015331259 -0.013043177618655064
-0.1413647758295139 0.31630886940658021 -0.033274152475789999
-0.12500865947894502 0.32325200424545636 0.032626193788363435
-0.13151811048373169 0.31620693525823018 0.035717110953070161
-0.12611060068669117 0.31543291314124999 0.027373702121596542
-0.12469122412179098 0.32280217142939915 -0.019605410189972583
-0.12468027668457703 0.31535001100161097 -0.018323834238991015
-0.1273878621780708 0.30835437685057038 -0.021734918579898625
-0.1564786201496331 0.3095461354299342 0.04000175239719294
-0.19290943316292744 0.31133909580989072 -0.0079243333944142309
-0.12011626390072207 0.31629427282362826 0.0043242662075084221
-0.12099728058362272 0.31285576948712018 -0.0024291634555569565
-0.12237554881614833 0.30795188212397651 -0.0075907692163188333
-0.17046714655215411 0.30071358986187174 0.033763245423196586
-0.14008797804173637 0.30196639602849912 0.032611143582322435
-0.18784645514222259 0.32236177397359295 0.0094454491107857658
-0.12193509087726345 0.31648346389327137 0.01824716846982373
-0.12213722532571217 0.32191847333001705 0.024500423234468546
-0.11938145497965581 0.3238987699652085 0.016530174836501575
-0.14089339087647387 0.30335476493513919 -0.032836960623145769
-0.03909603508910961 0.20322970578606314 0.096720727018372712
-0.086018625963791992 0.24587487286399418 -0.041202848998806559
-0.096491956486228228 0.21639082367428772 -0.019448799338631084
-0.02145584282031315 0.21560938229967436 0.10309802249657028
-0.095706361940222584 0.19642721426579665 0.051862181681620288
-0.10552333009444641 0.22927678387725112 -0.0072566102879512125
-0.047246150082113039 0.22279017531512271 -0.04638854718584972
-0.10813331606021837 0.2416684763624635 0.0044879434985248311
-0.098440459183138845 0.26335706317064295 -0.036829861937976965
-0.060506742473493927 0.26294481050737939 -0.056541408116692456
-0.1058132658118953 0.23549412177376175 0.021764944961259153
-0.026538316553330964 0.30234139111538794 -0.064633131737631286
-0.099983140584136418 0.2490326540720163 -0.028931396873712534
-0.1080163619473667 0.24868870696543982 -0.0083595595470062137
-0.045030110567836172 0.3576140540406953 0.09419358270916138
-0.10030946695383429 0.35083067517324423 0.079875927554303935
-0.11050485756939706 0.34639371717635559 0.068872079789050925
-0.10883750038252214 0.33433960091344778 0.05048433683064435
-0.10891380986660136 0.33039441066706399 0.038304476247471554
-0.11410192737678578 0.33656142664223737 0.026940834809067251
-0.11104946736951135 0.32842419454496091 0.029154555805333764
-0.10267822624140052 0.31269375548076322 0.042983467363612908
-0.10506805380132168 0.32391256010711339 0.044289780893713465
-0.03841824155007123 0.31605056633920292 0.10492455098511114
-0.01714682669554253 0.30753358115285989 0.10325775830696922
-0.02105625128148865 0.28752545619857051 0.10134066648884213
-0.22800402376378795 0.17076319567196835 -0.00053448061802538113
-0.25301563155053458 0.18042250460148954 -0.032707022809436201
-0.1935694547573909 0.15320778051824527 -0.031299642055111314
-0.2243263501737443 0.16407908969741195 -0.061159397007879236
-0.22992924047546434 0.18066201759247005 -0.058766378965565705
-0.24209831490963246 0.18225586767790436 -0.04763593003643541
-0.2567442268524443 0.17239664201281385 -0.018650372299463803
-0.24545110868360634 0.17689585725853649 -0.0049530315980145781
-0.22987440248426338 0.18606880159256808 -0.0019996630343991932
-0.20922127590001213 0.16218871123896908 -0.0049657834470714091
-0.19328023475637141 0.16332103511316362 -0.015941798915687314
-0.22177680696445054 0.13330021876252582 -0.055360733061469297
-0.21646468906276567 0.14873138755415485 -0.057064067599556734
-0.26675975591322709 0.13914490025118428 -0.017752702608941129
-0.23745936359147835 0.14431926794151603 0.00052328778136736024
-0.22156425934598151 0.1176989715540691 -0.012137897140750659
-0.26927202138511996 0.12248471530381649 -0.012701266775722477
-0.25328710480826194 0.13860152027366685 -0.052460821458761742
-0.25423176985080276 0.14646190115948321 -0.0041104418310069692
-0.2393677508865536 0.13029090335126972 -0.057695006913760158
-0.22212727616299521 0.10532566592472972 -0.022080559212673923
-0.25256335421005355 0.15394623858504958 -0.048870057012309842
-0.26070123146016766 0.13261998573931996 -0.0056303412724246563
-0.22192730902486049 0.10367157469307917 -0.035653294691837346
-0.27854635551979495 0.09819527547472344 -0.017593652273432236
-0.27189387715505342 0.096109254418260875 -0.004559286756781385
-0.25592840588794297 0.11888443989326575 -0.0015163326733493392
-0.22838367604772356 0.10460156250856324 -0.048368470842056872
-0.23351035283063409 0.10215844935645683 -0.010066301298517525
-0.25502436027289188 0.10357375339406931 -0.05335296198785542
-0.23991678099165717 0.095049913458826241 -0.050741544589225002
-0.23715897438195691 0.077789655728331839 -0.030968255267843012
-0.26776703606281654 0.09776979717828789 -0.046678664352534073
-0.2700166940882433 0.12862374777465663 -0.028860954248250751
-0.25015611760402878 0.073767369717847961 -0.0084133189233066789
-0.23089186899232869 0.090696825330833161 -0.039060356908022661
-0.27791344042502619 0.070145078466712016 -0.00024056309790669857
-0.26445720543562551 0.070678377931141109 -0.00089166343828692412
-0.25625997916470339 0.060783104351246439 -0.0078513605601672424
-0.25195326643717353 0.053591827602186191 -0.030308001821578518
-0.27682331861887621 0.087886862146413572 -0.037867852370690264
-0.28006764607201884 0.086776876689222751 -0.0087459052916325063
-0.28283293998281545 0.085772051144570344 -0.021577954910599023
-0.24632211037675364 0.066116260283746855 -0.037010555135086658
-0.26932700554376071 0.063096703071193 -0.044982517220278677
-0.26767596366731938 0.058262411570411739 -0.00079856989991548616
-0.27442896490857849 0.074088171966373378 -0.04318478875763139
-0.29104679153994861 0.052124508117037602 -0.0033655927189045576
-0.29723573011096105 0.041485615247637359 -0.0064544030563757722
-0.28195522466795131 0.059034820805297809 0.00082757814945402049
-0.27491641315922488 0.049469059037237056 0.0012679252026948746
-0.26262594414618962 0.044685331390107171 -0.037153365764010127
-0.29016347902019213 0.039365723667197594 -0.037657492223561378
-0.28686773338991378 0.051007103402213844 -0.037453059418128473
-0.30099173432795817 0.037088979303102301 -0.020000445336881088
-0.26479360223789872 0.031184459888751057 -0.019530138998741446
-0.27396136014794648 0.038536218406178782 -0.0003924058665573662
-0.29900042725234593 0.036670275111462203 -0.031361899303945319
-0.27817643597124619 0.039912893917636354 -0.039626236590753483
-0.26835654446822665 0.033132176305640727 -0.03381363129474229
-0.058057802784822421 0.46376371167603181 0.040291546987458501
-0.0074473973239294862 0.4526572442875389 -0.023460289119597317
-0.020527367081792269 0.43872653970809294 0.067847657726954599
-0.0080251316900522753 0.4345686909575962 0.073330509278817887
-0.056770561585485137 0.44843367059170564 0.047879451604495173
-0.068322930389930772 0.4688223550761087 -0.014337233244840082
-0.10956497069006015 0.25860873828547953 0.0018894896397261673
-0.10284489744480434 0.27934540208169445 -0.037793851324108257
-0.071810505664153104 0.28629418200789991 -0.059814157576487836
-0.10704256422200027 0.2517798761429737 0.016188596650500826
-0.10726314600940086 0.25647287917230793 -0.018747991988211931
-0.10701143559758328 0.26774474761955536 -0.024338654627555679
-0.11026842921542152 0.26619202602752179 -0.0093854634445265078
-0.098587715318334351 0.27263524806131756 0.037841256510033151
-0.032297999155628074 0.32592914658942318 -0.067524958768841944
-0.055795433232391216 0.46052778633054831 -0.029637284802728259
-0.092568378859906125 0.45750330982760729 -0.013813399382200988
-0.11296615596711491 0.44441573936287593 -0.010621908938411279
-0.15252428687787817 0.42073854957672019 0.013362222390773238
-0.17587235799221035 0.37796080359065071 0.013725151103495202
-0.18424515151933679 0.34156555462753224 0.010396636245294723
-0.18788615220276475 0.3053024007079243 -0.024684033166990679
-0.17375056119479698 0.3070585067320295 -0.033361369075030907
-0.14771967240762918 0.32691106920833873 -0.033504300670111425
-0.13121513058234643 0.33771866954478652 -0.026984970762498159
-0.13165800784437259 0.35034003644020539 -0.026265756395179581
-0.12959232926332226 0.35813098275186889 -0.023308254821197954
-0.13177070798070098 0.35632229677149441 -0.026082754760572636
-0.1285377463060654 0.36182028925401655 -0.022953430840999104
-0.13233283771256282 0.36549088632387211 -0.02734939139115717
-0.12686494564212281 0.36470839657589749 -0.029612930283106662
-0.1272271787994417 0.36110433089242538 -0.026797291769818196
-0.11609305048303413 0.33085166274075417 -0.03787685426887822
-0.096889310151147129 0.32120840198806966 -0.055883654637673884
-0.091371237286553067 0.30034222375969488 -0.056005084498336834
-0.08277397089397398 0.26359923741707886 -0.049596398302381932
-0.070714411153998263 0.22358201977924325 -0.039876555891764823
-0.078660637689275698 0.18359552754530123 -0.035349921650441735
-0.12205950456980048 0.13549180295205016 2.5622930705779016e-05
-0.12036533321811045 0.13875546986955298 0.023420860765778609
-0.03449946224797916 0.11043366351688753 0.090378673013932237
-0.11587742830807311 0.12878382632250049 0.043841218222305571
-0.11598095517749107 0.15129159594629621 -0.010329775669109224
-0.058338282980994263 0.17288357111703612 -0.04436083181709042
-0.15413630204789774 0.31070684602898585 -0.036001687304685788
-0.015536222797355356 0.34539284319283386 -0.064757333739393533
-0.084643906071873581 0.39184586360683216 -0.057668243151510423
-0.13255646381491612 0.39444050703168354 -0.029960133395410676
-0.15603708359584773 0.37761596939892234 -0.019627093373625747
0.00138293053125345 0.39618274226977906 -0.047747138256826707
-0.11298629683226551 0.31777586631530991 0.017569717668230504
-0.11322284615239805 0.32542326612059458 0.020991346225828499
-0.11506455589365007 0.32367675674494945 0.013314571805404402
-0.11745337540226237 0.32922361955492407 0.0097537918451339415
-0.11696201087228099 0.32270435013038928 0.0058639032935531273
-0.11897283130110413 0.32288313811052521 0.0033691375923817521
-0.12064186185315177 0.3296913553622261 -0.0027241696710891988
-0.12112296442080898 0.32784355699106876 -0.0098122320466373109
-0.12324092054273568 0.33464685495238233 -0.012206999057971686
-0.12268866971370035 0.33519007364169051 -0.005686620776997226
-0.12348648184156934 0.33535692629432989 -0.018744756143510552
-0.12509767040951561 0.3463551692943056 -0.024510476973147587
-0.12269330674972105 0.34134023499898009 -0.028555938083221717
-0.11952758209738532 0.34144257236785364 -0.035226485767674176
-0.12041952605647377 0.35266290923219323 -0.035837022123386644
-0.11483340972853295 0.36046095222507085 -0.04267422085021666
-0.1093612435205433 0.37359150599761132 -0.046005548171568773
-0.073394658295996354 0.41122302908589203 -0.05572872723201816
-0.075569186257375187 0.45270708234424795 -0.03029186292012398
-0.10384917864174996 0.30180301107236218 0.035407639201255975
-0.10832855543771462 0.30158688487174673 0.024567851786516888
-0.10943882314927182 0.29049057864044686 0.017758505517350209
-0.11181778391608353 0.29503213204114087 0.010255811477449722
-0.11318316925288203 0.29481915096060901 0.0020812008376414862
-0.1145129502174525 0.29651211265072847 -0.0072699669677933681
-0.1154791472359501 0.30184978465309231 -0.013047048535681007
-0.11615522708776339 0.30912202808327877 -0.027527796311795798
-0.11509693450168999 0.29634711481249737 -0.018621300099716839
-0.11448416027207192 0.30003271168582846 -0.026591115035620998
-0.11801542449001949 0.31728417920890983 -0.028315235591696741
-0.1114480508570269 0.302643564575726 -0.036329414865703
-0.1103363718736374 0.32054220103908293 -0.043759488889314573
-0.095421002775715996 0.33999122041543711 -0.057961586082383082
-0.062900602238650322 0.35371958893617234 -0.071621583523096277
-0.062118515711199425 0.39190965309365555 -0.066352267479984781
-0.037691658327685139 0.42504639636197256 -0.047837772150004586
-0.013326150946826728 0.41557837524881697 -0.043129608028985446
-0.044097179242530121 0.47150062643754137 -0.016632767685332169
-0.054060879345268945 0.47829763415868798 -0.00043845365034520867
-0.18228393729542158 0.32345724349193627 -0.021067578532932976
-0.17822882913432189 0.34974117331864918 -0.0070068252541335722
-0.16594840535257921 0.37568309149729878 -0.0098308709153377728
-0.13988348475322496 0.36581160792829281 -0.028343047727307651
-0.15553041684699831 0.33975912668208957 -0.03016791293118893
-0.15263982971889742 0.36549298307059447 -0.025221566446916914
-0.049940913162958463 0.37072130166697531 -0.071481066210900432
-0.071796413106855514 0.37473189428227666 -0.068180897755504594
-0.13629629384866276 0.38042698095670324 -0.028567238338393825
-0.14577350838975509 0.38946363675377982 -0.022796396608107897
-0.040408195316801433 0.38767761176682808 -0.064486475392964593
-0.028730424929536084 0.3663323269123876 -0.064419016599376974
-0.10318596152463748 0.39009782199319765 -0.046634501624693764
-0.14388665811089321 0.37461673450075483 -0.027015182060224126
-0.15803864003314261 0.35294580875150622 -0.025834380998587359
-0.1376543607329592 0.37119919863147055 0.068951151333716418
-0.15335766305592297 0.39452034469534364 0.06737540584978903
-0.16094065846308575 0.40916620119533337 0.057976738666681675
-0.16131042176368152 0.42036395771035506 0.042999979244051759
-0.15624338129620208 0.4067842162745951 0.00051109036053038968
-0.13783363257772346 0.38718503757527611 0.07233703439190306
-0.14477950931615957 0.40911837924124206 0.070838082256683074
-0.15198465685122958 0.42710153072633239 0.057917082190224435
-0.16397096150259177 0.41223503195586342 0.025172420478480995
-0.10439767951991633 0.45832184749038596 0.0029048493205559088
-0.076093010039501238 0.47356874450275899 0.017977061121619949
-0.059340507753269919 0.48079244018191158 0.016262829548883931
-0.036320950479975717 0.48069590918857702 -0.0026376788687906632
0.0041693859591509655 0.47175368763811265 -0.01025165169267408
-0.17588680336746607 0.19531497077367416 -0.033291531280354406
-0.23055102668378347 0.22572691103214229 -0.03112473507251436
-0.19864377335532027 0.21980973049335195 -0.055082238726375875
-0.22334440739380262 0.22422588231122612 -0.043230443401408782
-0.18327460979969792 0.19884992445941213 -0.045924531087877245
-0.17470496401298113 0.21202063899609677 -0.038005723548200407
-0.21921992514162844 0.2392547176644706 -0.03408820431024432
-0.19431594699312671 0.19973523544088831 -0.055830515212928332
-0.22389012605035663 0.20864390904379435 -0.04943450526218212
-0.2123722225201603 0.19677567744223665 -0.0046606563963984072
-0.2375332335913902 0.2054214512637971 -0.010466487587614207
-0.20075065099336284 0.20700780144749359 -0.0012697230011545512
-0.22617752551678638 0.20012168199064548 -0.0039486395154249331
-0.18591192403645246 0.17900365222327008 -0.014682359771447884
-0.18007748434909185 0.18115644659843033 -0.030003580406821707
-0.19866211988914118 0.19061269367229861 -0.0045916149622559051
-0.20905919133006362 0.20680852986476192 -0.057799294861916262
-0.12698433923914199 0.40979562843257361 -0.027548461363627048
-0.05195830608631509 0.41046303904313081 -0.05957698326454379
-0.018289977040794166 0.38504232371320429 -0.056181206182760943
-0.0093833800235842164 0.26123709094609854 -0.052461174276719841
-0.01421049419904663 0.15937334489953406 -0.048484578191809152
-0.022573469306424798 0.22230348814321438 -0.046335795860858078
-0.0019491629090932648 0.32288273489000169 -0.061841222752152931
-0.0024178866066780951 0.36497742530920085 -0.059416204121040227
-0.094377629349013475 0.32069469904108444 0.071165799737187174
-0.06433800276095257 0.32891467198979046 0.097025924632637373
-0.11985707374819299 0.33599457923025006 0.031673605462535108
-0.11910791017648883 0.34212409569673463 0.033012559694015904
-0.12061785007097514 0.32919837795015072 0.029430812266521552
-0.11811504012035913 0.34113660863459433 0.026363554066033353
-0.11698757505347317 0.34818264535107679 0.02104513584366827
-0.11758889782022283 0.35418764731989338 0.025512002722890212
-0.11740589618561587 0.33781624891148243 0.014905760635383273
-0.1183233035207657 0.33478927244129547 0.02312564285947153
-0.11934736268439081 0.32821234248189501 0.022284141787877482
-0.11791492177452811 0.33138109128815729 0.015997157626438992
0.0068298551344695597 0.51524352106874749 0.1497332582651546
0.0058415213092297483 0.49324316415176994 0.14181854341379169
0.012854030239180306 0.46782349719520461 0.090504377012144657
0.013320092681309782 0.48597890448794956 0.10603937508858427
0.011920897303612689 0.45553656140200671 0.07995749906621534
-0.02040031229482599 0.32529342911201581 0.10456969676337306
0.0034098797810180664 0.42500978393843547 0.076114242968181561
0.016861860793895452 0.50882545999562045 0.14901576766557417
-0.0011879430437353197 0.30675859130662314 0.09751519241589629
-0.0013990289878065742 0.28980203927445625 0.097944077925755657
-0.01119914252414669 0.269241824779341 0.10112786685754578
-0.10109314620235318 -0.012617022684524904 -0.058737463013771592
-0.11766242508268972 0.064772084346486292 -0.026119830887711783
-0.076352300997161296 -0.0043981384312323348 -0.07253956040723554
-0.11302605437588621 0.088552579230771936 -0.028044220997314909
-0.097436016697983893 0.09318897009860154 -0.046248347409816155
-0.056170287192096664 0.0047046052096517349 -0.082838266201441371
-0.030603263295205123 0.10833594906524235 -0.068987061588467236
-0.045129685876123447 -0.01289238198004781 -0.078122894513564037
-0.025514499322019917 -0.014879896262610545 -0.078859250793389443
-0.011358152537603262 -0.02029901881072891 -0.076829443718164317
-0.070828562884211452 0.052538131730081164 -0.079634089431929872
-0.055859000947926694 0.082816605995258766 -0.078077441480048387
-0.084888277870162704 0.069701616534926833 -0.066053864131541754
-0.056751872314219257 -0.02411949294918277 -0.069026582240030332
-0.024832935671086593 0.039245805883497964 -0.087208239188857506
-0.044027825312481943 0.059579652376700078 -0.08603314873788534
-0.040808653779751514 0.12945720459680612 -0.059921716651141134
-0.033841567641777398 0.1779545530651333 -0.045627851507172329
-0.085345429138721965 -0.13855642103860363 0.039267124925362176
-0.090179216613848812 -0.1172916996447656 0.045021142279303553
-0.060457025382941933 -0.17888577168370859 0.019165039508575576
-0.027686728926414748 -0.15812124534931735 -0.017596101838112735
-0.030135184750457938 -0.11902716077806577 0.0091395357800917836
-0.022716673075358695 -0.10454311667417107 0.0045857647975347969
-0.12889441502015955 -0.11793261866692657 0.010563398173316219
-0.10325702914191076 -0.19080743000463485 0.010441645736234512
-0.019321294173842915 -0.088513326693300046 -0.036698563255000455
-0.021589187847446564 -0.10124255507876478 -0.040893185717243784
-0.029656178929523044 -0.10414493640717895 -0.05293965591097418
-0.028571193144791576 -0.1351187241431426 -0.052629453321961173
-0.10815968668245757 -0.093731443810435397 -0.058104462234641628
-0.10406113150994675 -0.13999055547466516 -0.0668776083793306
-0.13050485763013733 -0.11873865649347559 -0.013821050491635109
-0.12530698218328323 -0.1628446108840737 -0.015352159463607094
-0.032531786415174346 -0.10618841769840866 0.019028851776751232
-0.031853629977664909 -0.14824290703141119 -0.0026254814479536926
-0.035181912984064263 -0.1704289469994773 -0.0056289300005922735
-0.046563921117315818 -0.12255392908717604 0.027016136241837629
-0.044873177140075708 -0.16269509671394664 0.011509918030265359
-0.024019639875113883 -0.14364264472249039 -0.039132251127369171
-0.016798363519102567 -0.095745772257813291 -0.0034779299567617608
-0.012951680046618624 -0.08681314735580925 -0.01201726364062169
-0.0156471286023541 -0.10168871858805767 -0.015033826940788288
-0.06506019087963219 -0.084152899951778604 -0.068629798124100999
-0.066541582761052126 -0.10503996500327255 -0.072431230173330988
-0.086401504011915833 -0.14307519247971776 -0.078512445861352434
-0.12262217864936927 -0.11445278522675599 -0.038489184955920415
-0.12014565867688798 -0.16010928381856068 -0.038672327717710606
-0.029954824210280128 -0.086121664479996834 -0.051474710386657935
-0.044655901760968203 -0.098306383870478201 -0.064202799674143718
-0.041198406737801611 -0.37553410249434666 -0.083302221816335301
-0.050896505481687074 -0.38169404194933204 -0.11228610366800595
-0.11462099315673403 -0.36428858450831209 -0.099848562489139092
-0.11896002904948184 -0.37975525686703859 -0.091250781990392563
-0.10924328135638277 -0.4126804101656299 -0.054332067103362781
-0.09862342049569349 -0.43241236938334948 -0.050416629491359458
-0.093630098820429539 -0.41546700672071069 -0.04579476464289018
-0.047354313987551654 -0.37438687962180728 -0.066829287439841317
-0.041541668369488076 -0.39655358516576977 -0.0775454877641166
-0.058581969304393501 -0.41723446340255349 -0.057790499614246621
-0.075275178012638791 -0.41601558824298179 -0.04824465189979197
-0.082308835859048787 -0.43175560379461347 -0.048190217129114567
-0.063369527546496843 -0.39398448576108452 -0.12226744970890599
-0.079263170117595941 -0.35919437705805934 -0.12204869879469514
-0.1023524038973571 -0.40830145544105206 -0.11415292144723292
-0.12028285446002115 -0.39272464339632157 -0.080034870471298758
-0.12059823339250511 -0.37738218311987048 -0.067864717422230145
-0.048779013063362374 -0.39897284782390913 -0.11167988429202361
-0.10466541794754444 -0.36289049798705481 -0.042895387307376312
-0.043479969587153215 -0.35542638207074362 -0.086520239130317173
-0.062374459938513947 -0.34680262408976831 -0.1142488438295898
-0.11632316843581617 -0.32044585247547847 -0.071150516106218475
-0.11411289497502589 -0.32701338739668057 -0.090177938183676115
-0.049303683608587806 -0.33459419533250306 -0.062768136011145059
-0.073956183197073033 -0.34952383843695772 -0.039185798812894801
-0.11017778524173058 -0.37868506927552092 -0.049153631925999829
-0.089131024701890063 -0.35533402440982759 -0.036944941075394228
-0.11377001640283685 -0.32874025993282935 -0.052904101941311364
-0.10826942314793798 -0.34604382354755148 -0.10574324836297264
-0.078787450543927884 -0.30535379214414338 -0.10839870248302977
-0.055527997220155723 -0.35638713561217361 -0.056092180131420658
-0.06648418431952674 -0.36562620811206531 -0.046666204838356803
-0.069034050105239372 -0.32458128216486659 -0.11182306285967479
-0.089293764505189277 -0.47845638305929866 -0.057816804713150829
-0.097098863857228906 -0.46334704472852994 -0.057740167612396205
-0.04038103841454125 -0.41542148312360333 -0.088863837457214795
-0.058248122871931513 -0.44548748033390367 -0.11477794476031758
-0.11612319121716849 -0.42000247149149922 -0.09031051709181484
-0.10710490211493902 -0.42698875092639366 -0.10726468760276457
-0.10430514040976481 -0.44815746551357771 -0.059306704547617412
-0.10949926590574982 -0.4308791233426027 -0.06030674184855285
-0.045801108530889874 -0.417290732826613 -0.071302832658984308
-0.063869097614132092 -0.47123778811976869 -0.062641842302916945
-0.060779460674587719 -0.45515527705544517 -0.061824393335551821
-0.066467208735485894 -0.43333878869720022 -0.055285905412814057
-0.0728692014707501 -0.448344842090865 -0.054491560981447557
-0.058616182565815467 -0.4137102353827416 -0.11915473343464562
-0.078707310464874947 -0.40714945440530875 -0.12451967448497787
-0.09603760760030762 -0.4610618125724143 -0.1138559936338932
-0.11457893725612912 -0.43676013500043182 -0.075683727882331756
-0.11311611367981803 -0.44070859133305623 -0.092857235237315594
-0.050388447622031339 -0.46147208945511248 -0.10469354689417888
-0.059614536421065213 -0.0061590427795676413 0.057738616786507199
-0.050227804565454448 -0.0031619046281225463 0.057226748492904066
-0.0099953074901029844 -0.037223030946646266 0.015925344051197166
-0.1285369801870708 0.037296154008095266 0.029295118479838508
-0.12406072835016359 0.019425742981385757 -0.024233625761687569
-0.022534256110510936 -0.033951662517144029 0.035501468617082914
-0.027379716819794252 -0.031693667907393225 0.039641313571203859
-0.13168937840110367 0.025067201326181954 -0.0020656299120497303
-0.13191963748106902 0.022212077443126182 0.019893588431014058
-0.078313646267746395 -0.020767319126763908 0.060766601308002995
-0.072457190739800698 -0.0067575026806002232 0.060112174398303603
-0.040348841255736852 -0.024825774018209072 0.049075968186036809
-0.045352767630769855 -0.019066252704121368 0.052174032434523218
-0.0024686722316174833 -0.034548307925820802 -0.0033221759490327874
-0.11073957223614744 0.038810972870916366 -0.039196968021396758
-0.10247232168105681 0.065042000164941452 -0.045006881820413354
-0.053130347182078118 0.031721872202520221 -0.086105738512634963
-0.034138055692733607 0.018696962207146301 -0.08576423089022589
-0.038811583170780914 0.00012676196183952673 0.074076648696595609
-0.031863085498941839 -0.010632814810255213 0.068885184456065882
-0.013530079726605304 0.00588023496807406 0.086059858630439703
-0.026978028534247273 -0.036746545253983638 -0.056751969874083104
-0.018102177081957091 -0.040535044004921174 -0.037800262530432484
-0.024026313174778494 -0.0040628605659119334 0.079364039099674641
-0.04275770082436884 0.15197731276862197 -0.050764447514961855
-0.10878076725486056 0.14384556447046559 -0.026405815044029907
-0.063552367892894396 0.089046443727999205 0.073417383140613829
-0.094203861464395466 0.14078173364442748 -0.041293996998151943
-0.040706437377035047 0.090932628692997258 0.082138438233918476
-0.096963462405425513 0.09929485784240695 0.065352670254495329
-0.090690258305378732 0.23036999536066263 -0.030968970984272304
-0.10687020760921469 0.21653493468939952 0.021732142971669456
-0.077451399500216511 0.19912379183899789 0.067112506068443364
-0.037916514252635036 0.18022258786592021 0.097277756010611879
-0.10421300452013676 0.20915753134667489 -0.0054334285297557173
-0.10875433614954283 0.20208455949922019 0.0098928726842146143
-0.080229830839695607 0.20641119636086921 -0.031460587527080822
-0.10648964807910109 0.11707365716616905 -0.033643452072783804
-0.12498813555429691 0.094909108852007318 0.010957909133544127
-0.12396421751785511 0.11722220360703972 0.0064463250982620792
-0.11370207374462098 0.10790095476445138 0.051669220500081992
-0.082644557266945015 0.084507793515074661 0.069818881900366545
-0.022761571680654496 0.081719120374297669 0.082297952273029412
-0.012824242200155 0.060361174395418112 0.083068607498638078
-0.05825118734791046 0.10958811007903187 -0.066236699437682747
0.0061956094119732076 0.48867798202839674 0.11966036598390199
0.0032724622265968705 0.51978168741704367 0.02248965320821085
0.017513626448139526 0.56077381163668527 0.16566567048959172
0.021689136257567191 0.56005736941046613 0.024391624256705359
0.011450500240855217 0.67704172380143202 0.10916951552971808
0.0056593462766960862 0.59092664238672898 0.16185920826433067
0.0080620567323441417 0.58024484685362443 0.15911325633802226
0.0146780184384229 0.4884441141247457 0.11340464149355059
0.0091959330055543798 0.48747130428966207 0.13340079079829101
0.013141828887854404 0.50688475961584012 0.016655163118284782
-0.0075788673756285287 -0.03644723465936258 0.012827138675527506
0.0070769285102664017 0.44198399702953323 0.072754891820443729
-0.0033263827682577583 -0.034919754672102406 0.00076107700460980459
-0.052677792627487195 -0.53644328461673829 -0.085160937383167462
-0.054503837251399692 -0.55504613564393834 -0.081107104406973371
-0.054907299707250154 -0.5074605796649706 -0.11220325949131715
-0.067015003977736048 -0.54063504421326447 -0.11783398208967422
-0.082111338446620635 -0.5147651714616579 -0.11542121254202811
-0.092721138955247709 -0.54742504597781461 -0.093414165944552194
-0.091794659158318498 -0.52527580996303425 -0.10592599042436755
-0.095343120731594816 -0.54254423290913034 -0.080554964463582068
-0.091313879167079948 -0.52109010875487427 -0.066943358525949737
-0.096036276972579923 -0.53108657052515029 -0.075528553504105367
-0.059203049876796365 -0.54068731167362793 -0.07404603260521947
-0.057158096830655959 -0.53029731675289349 -0.11547089435078431
-0.054868933274435677 -0.54225782537126255 -0.11482290636882014
-0.048716211466821625 -0.52938775205692645 -0.097584585094870252
-0.051039951182935112 -0.56711673354574588 -0.089913944666660375
-0.052524226091098296 -0.56019466697922471 -0.11474495628123574
-0.051119042888626808 -0.57015496994905257 -0.11326591063923709
-0.050528183694462867 -0.5513080192974168 -0.10766908250607567
-0.069573962386254407 -0.55493151012961017 -0.11630917973870319
-0.058374451861955501 -0.57000255259115584 -0.11908753547433414
-0.078398282255636692 -0.56332773076915377 -0.11238244565172013
-0.087081676552043061 -0.55648191320363338 -0.1051811261914955
-0.085470004119468548 -0.57306129275808426 -0.10660424010662313
-0.090885558165953548 -0.56501765822483374 -0.094867821294209426
-0.092393663407057847 -0.57110830423284931 -0.082465040244599649
-0.092832891523345798 -0.55686860168570462 -0.081548651041271791
-0.051642282000993654 -0.57674469207956214 -0.076972264427600856
-0.058661766646001236 -0.55134497445839881 -0.1176732672094416
-0.061055525606026756 -0.56129961217987112 -0.11844108099042355
-0.050858441464265255 -0.55659476454765811 -0.096455897765772264
-0.049983775504610306 -0.5801460184838001 -0.0910841057467323
-0.11827292111634982 -0.65285590380693326 0.050040189423969199
-0.13715227053705181 -0.66308734233730016 0.038843682892570557
-0.15337776359902133 -0.66161946464373933 -0.0039070977209876203
-0.10939767449484485 -0.64804579293692277 0.034873009109099289
-0.11605470421124585 -0.64944099013111622 0.038391148499005767
-0.10641114104316864 -0.65723311586281097 0.040565212756782591
-0.11273248967372565 -0.66178613143691845 0.041539433863698627
-0.10423294377502562 -0.65969565416363873 0.031568203617682797
-0.1108645101153652 -0.66231007429510536 0.034603698121429445
-0.11970185400765769 -0.65768737087395357 0.031182976810009224
-0.11952359021420231 -0.65314190308402098 0.034044209483996606
-0.12089911654716776 -0.65131603360902324 0.04020602391441646
-0.13693439032715898 -0.66005138791014384 0.031599795945701906
-0.13912579306744788 -0.6571966281856233 0.034335566553790858
-0.13413601973279102 -0.6535008361333674 0.033891590515838163
-0.12288386876914437 -0.65980728639561181 0.029925906586345689
-0.12865657539435169 -0.66163044610268495 0.035880616875364119
-0.12751540082966537 -0.66315700246293341 0.030378985327617195
-0.1390564794594519 -0.65359927612386814 0.022401630167922945
-0.1350019761291375 -0.65641091897378123 0.023078546702322515
-0.1341470074920573 -0.6612957812585667 0.023404369046366068
-0.13865565809803077 -0.66441414829044521 0.024154762440667086
-0.14372551102866185 -0.66197069177086176 0.019638087746275321
-0.14400335013040466 -0.65533123931912662 0.0242787829931937
-0.1511950905830669 -0.65690567559641677 0.0033402166003312244
-0.14973196459136318 -0.66425467457338661 0.010582551148184282
-0.14470215145871915 -0.65337328236100323 0.0081098416096503784
-0.14796771351268248 -0.65547336321309602 0.0117693299540824
-0.14738951544295759 -0.66389107960175275 0.013911529709986752
-0.14104314697891526 -0.6619584792292551 0.006501294136133132
-0.14504803402380861 -0.6629526644773267 0.0098843647311680129
-0.1523375554534285 -0.65111890665545114 -0.01041871603608824
-0.15279202530550626 -0.65313430111708815 -0.0054566943539637565
-0.14917795975305051 -0.66208219547629299 -0.0044214155792712366
-0.14800261224899453 -0.66085743581720591 -0.014762600655631602
-0.11478498294365617 -0.65139657816866381 0.046345661216041729
-0.12119346752934929 -0.65122370240945415 0.046158143511571159
-0.11000371494171994 -0.64651148592217345 0.02759266094638985
-0.10142219431058502 -0.64479762354822934 0.023599306008469663
-0.11083660725513644 -0.6564061685319883 0.046105845809668561
-0.10349996950734137 -0.64742391726405002 0.030073505458986086
-0.12062974507641949 -0.66093349580858629 0.041182926437814016
-0.10999573117535388 -0.66217598141990719 0.027269640984984838
-0.10134703400499794 -0.65973218027278246 0.022320068736524649
-0.12447586404017034 -0.65557133571980231 0.043200984675034533
-0.11579686484747058 -0.661403414046972 0.0237934768515785
-0.13884367982815574 -0.6587145587768285 0.040134210339174616
-0.13117551416590903 -0.65913754088621046 0.021302944965904232
-0.12947823801618766 -0.6623602850157827 0.024576158129301758
-0.12925634576208578 -0.65086676656176323 0.024002022506351531
-0.12904275985076849 -0.65002026303554905 0.018104932430146301
-0.12336424553985929 -0.65025859030617761 0.027772154562441996
-0.13139653949588551 -0.65902386798036894 0.039927559820862199
-0.13548055856852281 -0.66023461383616699 0.04118474093016989
-0.12279141030309745 -0.65549355322074787 0.029933487132188061
-0.11645179578282433 -0.64892406394007096 0.024839340165013917
-0.1332950630089037 -0.66310192946977109 0.03863110503256225
-0.12304838274274718 -0.66287542223077078 0.024664816241914248
-0.12109104951637113 -0.66306340426887544 0.017251758124395927
-0.14559419622293848 -0.65785365019741093 0.030387079979627144
-0.14136021943759797 -0.652383897642274 0.017411252002480671
-0.13270503041681314 -0.64704514828507376 0.005285916914603163
-0.13310613403260085 -0.64875995066686332 0.012970685181906427
-0.13960729885562881 -0.66209781208116303 0.029513613601029824
-0.13575813557692515 -0.65665927383480438 0.028965173205941875
-0.13477921695090991 -0.65174398793148602 0.019549550599819835
-0.14317049813904037 -0.66440041044120191 0.029743721473298929
-0.13337302569712947 -0.66323049286852431 0.018369928958214436
-0.13880991010930954 -0.66354322944651489 0.017990155708121805
-0.1476632618563864 -0.65954385234707247 0.026428069349799268
-0.1364541748446535 -0.66318835506375051 0.011667093390339776
-0.14543298865762866 -0.65694535879625349 0.018412075583437031
-0.15102831857453231 -0.65569697293461549 0.0079031608497986405
-0.1454730082945897 -0.66223159750071214 -0.0021018290345502142
-0.14188315613457231 -0.66262561892602312 -0.0057083442827027524
-0.14892088650826987 -0.65963493230295456 0.000542410514696077
-0.1526503940966141 -0.65987176009726112 0.012304000368291587
-0.14826147982510476 -0.65217636885925889 0.0039443619107455783
-0.14387379537619235 -0.64832918766144132 -0.0047433367647495249
-0.14664789209504345 -0.65957254715761071 0.014482358924643975
-0.15045423335414757 -0.66407982397865972 0.01544003790958199
-0.1417950322891533 -0.6500067601882672 0.0034746906449304804
-0.13205399055951134 -0.66319637852213686 0.0042864743639399617
-0.14011505429989179 -0.66301041510677816 -0.00011754051617577499
-0.1361845412805647 -0.66305320089953379 -0.0051383416701187698
-0.14341507154759134 -0.66222054043791823 -0.012836496858803451
-0.15029665477354956 -0.65584826127504625 -0.020153074385552677
-0.14755112622879094 -0.64885545092773467 -0.010230432212622971
-0.15184076760740561 -0.66198005089723222 -0.001384550125744596
-0.15333881249644757 -0.65929373717645123 -0.00042067162525727067
-0.1507411852397221 -0.66125718423401536 -0.0092710697819992534
-0.14575427477078232 -0.66126868105919256 -0.0081189477800990232
-0.14660638054214542 -0.66249439269673449 0.030037739798548395
-0.116740804093069 -0.65997361360150641 0.047040087601675939
-0.15349453626263732 -0.65599248947612276 -0.0021383406529564201
-0.10928576063853744 -0.65094766897961842 0.041317420643439476
-0.10316384487892143 -0.65359779176831589 0.035538121362672349
-0.12176670598663471 -0.65769671235942617 0.034667739621079996
-0.12352954579348292 -0.6560472669842452 0.038341713662820257
-0.11811016115202433 -0.66194362055296285 0.035212218374524235
-0.13511449481623036 -0.66376506373766664 0.034505977627550387
-0.13280208559682821 -0.6623596893204623 0.029008731102996854
-0.12697706110869211 -0.6528118292835825 0.032739004810335814
-0.12860145514878424 -0.65641009741196443 0.037255578699596642
-0.12539393668918392 -0.65846032760670681 0.033847004406448125
-0.13672650998624997 -0.66070651982572737 0.026588168058669297
-0.13897014994536286 -0.65631282298078963 0.026197195358535406
-0.14230942071102864 -0.66076434290886654 0.014894651909959842
-0.14679299100043808 -0.65896038342906649 0.022007965970794418
-0.15125015034555581 -0.66032495539446523 0.0060038107347071242
-0.14644640279943238 -0.66314137357243796 0.0042726136584433473
-0.1503348195961022 -0.65773367445076103 0.015157037585137961
-0.15307373532427485 -0.65620624423603424 -0.013063872912025577
-0.15033532362175669 -0.65545365959020052 -0.00012349809941103031
-0.14956686594800123 -0.65558707644098979 -0.0041530521598316609
-0.11532606456418952 -0.65624261976751375 0.049534067022826381
-0.099318713805453249 -0.65352898470610277 0.028114055324861567
-0.12161164753430882 -0.65632692183840791 0.048406279379521626
-0.11563305650978387 -0.66195598808245815 0.029885564372965863
-0.11799141270784298 -0.6538296649904396 0.026983606426101293
-0.11591998823433237 -0.64939151245274995 0.031544474089872619
-0.13913047042552093 -0.66077062621868099 0.036524237475032736
-0.13176391371487928 -0.65236586738455127 0.028228156652509134
-0.13051243817597968 -0.65481848898062833 0.0202912445113256
-0.13279446472893347 -0.65714977081062809 0.024989055945402929
-0.13644552576442362 -0.65612987426887648 0.039493875986772814
-0.11908238631734885 -0.65841337635693342 0.027156598111211443
-0.14377230477041833 -0.66107947801894018 0.031976988584443804
-0.14192067580428727 -0.65754491810324467 0.029166218958977117
-0.12843462265717109 -0.66210419745617255 0.018437297027184194
-0.14497249065872403 -0.66386091933662428 0.024814441297685556
-0.14432328545480441 -0.65599518097311738 0.014591480478825984
-0.13964804428953204 -0.6507760205228772 0.010658054191216352
-0.14795977006836883 -0.65092368113866039 -0.0016410891033314691
-0.14914578275527229 -0.65214355048883543 -0.0070989208217092569
-0.15014714060342227 -0.66142632012286917 0.017093937611483884
-0.14387752516603514 -0.6579848606758979 0.010569819460153633
-0.15482026486094622 -0.65706896415764726 -0.0069140744532071386
-0.1513869832302179 -0.650136968915766 -0.015981465734690191
-0.15021574857550204 -0.65860904352620375 -0.0019162971911580655
-0.1476320727488909 -0.65864347981897797 -0.0055071876440235829
-0.063919056636998303 -0.55218080020112414 -0.067980981019935313
-0.069365013510957946 -0.53685442842356212 -0.065393141941418653
-0.07280448457672245 -0.56181726668798704 -0.063136961824023702
-0.050053411689024954 -0.52013641157260626 -0.087975618247712509
-0.051186300071952552 -0.52140844127769292 -0.10841649710875906
-0.049791862696433299 -0.53815689119766286 -0.10586377853784243
-0.069708396108801418 -0.52677890518913362 -0.11790322765420677
-0.089339691322820061 -0.54046400814769358 -0.105063766337992
-0.097262954449282055 -0.51195775864704951 -0.10137671535064791
-0.09688045946065553 -0.5295815600015642 -0.091457286341265126
-0.099960560234818363 -0.51639025097663993 -0.081168272960393834
-0.05768556975851992 -0.52419880794466889 -0.075135720949306664
-0.050836062725208978 -0.50561731752470307 -0.082642840334452961
-0.064625035290631849 -0.51497996703454552 -0.11764430463527448
-0.048246177302535338 -0.50992169661345299 -0.098968495894597053
-0.067274859444129032 -0.52059106287391943 -0.066265968207434939
-0.077257168174029001 -0.54928774334731667 -0.063617076501398376
-0.085838628322085372 -0.53686550690744628 -0.06524278604844852
-0.078698862994906846 -0.52606129362339604 -0.063022018773533139
-0.059402543230816014 -0.56632617938730057 -0.069376693580360346
-0.081810132715539122 -0.57086348889198424 -0.062717123574661179
-0.06952974925584865 -0.57522752445719139 -0.060862319246907326
-0.091032693334991935 -0.58003946746045565 -0.095263252101256635
-0.086251848714605339 -0.58718485771393758 -0.10696918240183448
-0.074055859310491107 -0.57923162522206384 -0.11275197206025844
-0.063931899210672952 -0.5777803942358043 -0.11697028624838778
-0.057808511696146134 -0.58413995809147945 -0.12088855018424827
-0.05931790724292571 -0.58305002277482165 -0.06461458359354863
-0.071008036339237385 -0.58934012685506099 -0.056453732854106035
-0.082332363776597056 -0.58334628905448993 -0.059638610481309771
-0.090001315718864619 -0.57741435064453805 -0.070294272284232628
-0.087195324256601758 -0.56167848826429889 -0.069140754131269647
-0.089315578735512671 -0.54833084056188652 -0.069412968306708997
-0.098977609403567701 -0.63558392369978112 0.0070374766273055269
-0.097245172424194073 -0.63036266398269025 -0.0030635906272889648
-0.10904152996743148 -0.63900863437425592 0.0095069805626773578
-0.10937213047467882 -0.63439038842998541 -0.002333005441206655
-0.12022047624502999 -0.63768760581517459 -0.0075785919565080446
-0.11523209402117943 -0.6313690595672562 -0.016380704455556564
-0.12730133105371993 -0.63839599875169284 -0.017346306723781995
-0.13318264512694181 -0.63983520116570958 -0.027352566752780024
-0.13707721103659554 -0.64323584209505758 -0.037895714908866618
-0.14375040989599019 -0.65291341439416672 -0.036976735013675072
-0.089756843115444573 -0.64735510390151607 0.010253291349177638
-0.089170520152170557 -0.63823986420459478 0.0022024492490688606
-0.090702496048268147 -0.65689084086134308 0.003925299660495386
-0.092526262476222684 -0.65932926216463883 -0.0073267504980203532
-0.13926665815734529 -0.65059740895172036 -0.045037960042264916
-0.13630901545618043 -0.65933576976586949 -0.043853993699518395
-0.10680476491824482 -0.66212041889182793 -0.0084218167958402205
-0.11780242324846146 -0.66274714108638411 -0.013999747747153297
-0.13617329142795814 -0.66336618098491873 -0.021102477269245044
-0.13090930797627032 -0.66284013381962459 -0.03440547837918885
-0.12609568152732037 -0.6616845192349553 -0.044527684469729739
-0.10258187669730148 -0.62696287485669833 -0.013311944258618171
-0.092019333634032904 -0.62327687476284366 -0.016339082017014527
-0.09783385422753095 -0.61972550496154122 -0.022751114943314769
-0.11031915435728233 -0.62367743403092457 -0.026561589212785064
-0.12221260740258727 -0.63232977026650561 -0.028260165748694759
-0.11617308975695598 -0.62478232882900564 -0.039678685500352473
-0.12799976948356337 -0.63616701585861046 -0.039056425507918179
-0.12359101676229609 -0.63377261930613205 -0.049241735610392502
-0.13214207408287779 -0.6430709123002899 -0.048835863911913961
-0.12562760298257322 -0.64058992414038207 -0.057689195497964682
-0.11610909865987086 -0.6257499169583095 -0.054989467764423254
-0.11842033853975471 -0.63526548785170311 -0.065073645119338136
-0.12333158467745295 -0.64600479019184875 -0.06743665347418748
-0.11208876826892604 -0.63539052149579522 -0.076327076308146988
-0.11676501748550733 -0.6450067866344289 -0.075768605802536138
-0.10450479505199371 -0.63572040376648509 -0.087121587098349565
-0.084750013552642084 -0.63175490128622813 -0.11326971981312038
-0.083672729279910263 -0.64148551976533674 -0.1195202893810912
-0.091443534726423012 -0.63014417642188392 -0.10298868263823029
-0.097195233562354072 -0.63979337711690576 -0.099711674161655064
-0.098175906197646767 -0.62720180065779141 -0.091760926516257599
-0.10520791083991021 -0.62384337943738599 -0.079469222640368972
-0.097957380834916327 -0.61135010058152495 -0.084468879918109016
-0.07460234408603994 -0.61796301797265096 -0.11887957448932032
-0.084208831126977926 -0.61926875691350547 -0.10946943694238248
-0.064381631221599081 -0.63514086750864773 -0.13283499821944714
-0.059268028864164268 -0.6449762477200276 -0.13254697244421257
-0.051959011722231302 -0.63651502289183315 -0.13153605905719484
-0.065992779467493129 -0.61279915921721395 -0.12431848130443877
-0.066890912861617802 -0.62391971916300448 -0.12882860933561166
-0.054396378981877283 -0.62535004568524677 -0.13175592418311799
-0.05815901113623001 -0.61614764861209892 -0.12947338730418925
-0.045938888983782171 -0.62688430229743064 -0.12312313658254372
-0.049349408815956869 -0.61624123105535522 -0.1250233051092916
-0.045319985802206343 -0.6273442635090134 -0.11192385791004579
-0.046679262348073361 -0.61633630037429199 -0.11587043170685092
-0.047224255207685001 -0.6320519664465587 -0.098751742182041843
-0.044319716649469855 -0.63952201222469407 -0.12128601599487522
-0.044202460121225494 -0.63905589433974264 -0.10819663607804438
-0.091487727695802601 -0.62764060791265808 -0.0094490109990358288
-0.084899527722769402 -0.63503988092852803 -0.0083415154285779551
-0.080390796472691359 -0.64493761163348806 -0.01433830177922746
-0.11174593001878932 -0.62415996299118393 -0.066959502467660817
-0.10692117468338977 -0.61367806403262248 -0.049211504151640377
-0.10064708349819126 -0.61436746024222555 -0.034327435046858416
-0.087184276014256906 -0.6193112613969427 -0.02330337585286316
-0.087971745535697143 -0.61384962428487411 -0.031079040106684622
-0.076809674037008446 -0.61245297423673173 -0.039079308272628864
-0.077666074106947272 -0.62315831280815437 -0.028910258037766152
-0.084114195270103845 -0.62780334771595725 -0.017413352216332993
-0.077111101539378016 -0.63579482567448842 -0.022085690193835918
-0.071527787594075659 -0.63778952988301152 -0.034186953016458355
-0.066511905730519919 -0.63970427546171738 -0.048801126463811309
-0.084445078031717857 -0.64879421433085083 -0.0029744385695350947
-0.078598985271226954 -0.6491630401437295 -0.027882952948926575
-0.07844937029596874 -0.6508345568023175 -0.042683373956100931
-0.059031499705057874 -0.64038963946608507 -0.068406116578925785
-0.048087348738314425 -0.64343049680279474 -0.096143164967974065
-0.049695835728753086 -0.62150271958005354 -0.089596030485134717
-0.053006135099802724 -0.6248917830401195 -0.073950257650366516
-0.058991943771699029 -0.62668074145637997 -0.057791255652728246
-0.067419111586424121 -0.62520312976736814 -0.042230254892777035
-0.064643724561897736 -0.61287083166527245 -0.051961931825759922
-0.13043830608272763 -0.64880595434840638 -0.058432063789245231
-0.13549946961107659 -0.65129326929034126 -0.051713275809408189
-0.11826233657760697 -0.654197293742389 -0.07159405364185184
-0.10330642365604388 -0.64532923200658787 -0.092192054940279142
-0.11019455921550972 -0.64471873597292773 -0.083735814925806978
-0.09078209177961416 -0.6414434033816534 -0.10962184926002266
-0.095746401738209752 -0.6509490613504888 -0.098895701989457394
-0.076910620295075782 -0.65003754859536733 -0.12432554459395341
-0.067609189741219128 -0.65283712507111358 -0.12721713914333097
-0.051095111750554943 -0.64610296682894508 -0.12942303325121646
-0.053619231905839657 -0.65219286183873559 -0.12712192680711473
-0.047068208865076483 -0.64958740076327626 -0.12287283744255854
-0.044452093947346803 -0.64732888952722967 -0.1134814231886183
-0.048321841633776903 -0.65323090645420678 -0.10886326040858076
-0.046041790861388605 -0.64850876570179061 -0.1052578464564831
-0.055281105293594576 -0.64649152776632246 -0.083954103396479879
-0.084841484128406364 -0.59546542462681806 -0.053327165954862192
-0.090738503641019902 -0.60552754077883897 -0.043893166573379945
-0.073987755364065863 -0.60213158224782048 -0.049056808597785669
-0.061940130951586916 -0.59878529544504522 -0.059665540572025444
-0.056075893267536855 -0.61066062372781715 -0.065593628225977446
-0.050371976063644859 -0.60882145931612008 -0.080072294376139469
-0.049301546539813133 -0.60835076487822648 -0.095375397809365159
-0.048763025369604161 -0.60568189359524871 -0.11906511263303314
-0.04934725158615591 -0.59985661205402874 -0.11011591788763994
-0.055181449341202539 -0.59892194184021508 -0.12391369200105309
-0.05023056662604073 -0.5956621004774294 -0.11762120513953239
-0.054468898193035346 -0.60739853945086941 -0.12623094049676969
-0.061806281898798977 -0.60361372008720904 -0.12360943691476226
-0.063822586126742215 -0.59557363893482218 -0.1186180292769209
-0.069181749783010685 -0.6040534169473557 -0.11771054620690669
-0.088705082701852525 -0.60271473992998481 -0.10414538371320094
-0.086376786593823099 -0.65546054710076818 -0.016997047186807952
-0.10023275424923152 -0.66058558139007739 -0.019402610427660012
-0.10364186280957381 -0.65995519776415801 -0.033213447625971608
-0.11289474561239667 -0.66181092193873114 -0.024859000632666176
-0.10936771520994618 -0.66006794263276314 -0.045833332685966427
-0.11832612606443038 -0.66184698371424078 -0.036795084167821963
-0.11906518896202008 -0.66038072772322309 -0.05255405612431642
-0.12999361432834564 -0.65798556631181415 -0.053856584421752236
-0.11181363074469115 -0.65322100991048215 -0.079522533433837014
-0.12459725357878089 -0.65570201949148033 -0.06276327720383644
-0.11494917434084016 -0.65888482872340481 -0.062102907831671432
-0.096615140356168708 -0.65753393664429904 -0.067710404927872808
-0.10394540721969182 -0.65874175285098058 -0.057463931312234581
-0.08742620832837858 -0.65590057535778268 -0.056806132470907107
-0.094563917230887168 -0.65760645774555326 -0.044657662605491664
-0.089632167329567192 -0.65696314334146966 -0.030547635778716137
-0.10337305584755831 -0.65359485707894305 -0.087121123394747479
-0.10228474349350763 -0.6569666059977155 -0.077995663317618688
-0.10885564530608119 -0.65761752173869981 -0.070275835025793931
-0.091157167510607581 -0.65702004405766135 -0.079645964276348027
-0.081498342445714592 -0.65567971131601566 -0.070625911084328127
-0.07199227747616338 -0.64925491267995317 -0.05887190681683168
-0.067158832738481444 -0.65193723388751912 -0.075236077497358306
-0.078073871183425611 -0.65621234546658103 -0.085614691518815927
-0.092089494005128184 -0.65617586786990645 -0.08995866182272054
-0.083967584287746186 -0.65586958408035656 -0.097938133890163412
-0.089082436628803927 -0.65128041789621771 -0.10709339952436636
-0.083141949943753221 -0.65111297049330619 -0.11572714099349163
-0.077603554764772861 -0.65499568423969634 -0.10829067718464612
-0.071254383918091857 -0.65580889939156428 -0.097594307749744022
-0.062901489323802073 -0.65421863040840478 -0.088787432208261199
-0.071452264390017395 -0.65459475325269523 -0.11801251301672647
-0.060659905789359231 -0.65213896511544434 -0.12925064450679541
-0.05316954021696578 -0.65404072195303564 -0.12078083360157794
-0.048249403066723741 -0.65309708386276577 -0.1147632272112085
-0.051121038830218145 -0.65375241171832243 -0.10365876458475595
-0.065164302418809231 -0.65496883983334186 -0.109161119409317
-0.055599931761554658 -0.65475222976809822 -0.11085826955262469
-0.095344733613688976 -0.65802306267034272 0.013772045650382508
-0.1008946407386163 -0.66147596286963717 0.0021438411459727361
-0.1033250524442314 -0.66136257284819433 0.013141398671058593
-0.11136865673594266 -0.66238603757656322 0.016997698953028773
-0.11086644557387815 -0.66262687615501492 0.0060680437641064547
-0.11659147137217733 -0.66281251226871429 -0.0012151269422677237
-0.11848293852603371 -0.66295395541303404 0.010041439286111627
-0.12792868170526395 -0.66323884142345768 0.012093317644743883
-0.12372256745809973 -0.66307548576381192 0.0043948600406664741
-0.12595786075237558 -0.66315094344453518 -0.0053705966916756699
-0.13097227086102051 -0.66336791798333017 -0.015687628858676212
-0.13418174494015997 -0.66306580500607071 -0.011021601282366624
-0.13821211552214083 -0.66296630624667963 -0.015426644374817333
-0.13968616879003243 -0.66264892475726755 -0.010060515084004783
-0.12506932400671109 -0.66316597537964617 -0.025179399660668116
-0.14316461111939674 -0.66204405900518326 -0.019116293614409984
-0.14066855511255005 -0.66123068004497765 -0.031369973794929125
-0.14727911366361335 -0.65513904299651904 -0.027791623500345607
-0.14840821177361974 -0.64839156839656054 -0.022399546968843477
-0.14374172049370804 -0.64616588687151466 -0.028524053420323089
-0.14558256331083438 -0.64679102989069226 -0.01603882385416322
-0.13424523201159072 -0.64353377417951374 -0.010706978388364329
-0.13952449752112051 -0.64412643778552048 -0.01863049352765345
-0.14118820556225739 -0.64590021494906968 -0.010905907233650954
-0.13741773076872194 -0.64640084095045103 -0.0037709200696763156
-0.12733657252747707 -0.64318900299099224 -0.002081355512467659
-0.11882182521503983 -0.64166255877645195 0.0043630661023856326
-0.12547292758974468 -0.6458104252988629 0.010804221630998263
-0.12304679002167923 -0.64777696203368873 0.020428016912909044
-0.11818528113555918 -0.6447783420468195 0.014627145334132747
-0.10917380646017746 -0.64308620695877328 0.019024910296133686
-0.098198426063886249 -0.64134932699325586 0.016438109510465149
-0.095010967825331888 -0.65118030454054443 0.020053062148072748
-0.050084741923703845 -0.59030080983289934 -0.10926328036921146
-0.050671206014161106 -0.57986097181519924 -0.10980563465452223
-0.053727355489225914 -0.57761009404768882 -0.11851402106300299
-0.051121058991244389 -0.58628314069740994 -0.11720951068468116
-0.056360546796127405 -0.59165765193485542 -0.12204009381671004
-0.048698913306361967 -0.59373777085090484 -0.086535687516625159
-0.052134130395603169 -0.59429134222715474 -0.071464030143781027
-0.10388817006637592 -0.61057873467974355 -0.066977264331722589
-0.097020316499244058 -0.60207872507744153 -0.057409930003619991
-0.095976721301253648 -0.599819631691764 -0.075593527451216683
-0.092301547678455956 -0.61636077586007065 -0.098026449265330939
-0.093614675635404251 -0.59667727870902365 -0.092050030591376578
-0.093143613258782926 -0.58606160126126594 -0.081182708255136432
-0.09195221757789028 -0.59108266954880584 -0.065765752986961981
-0.11916448201594089 0.35398684349917237 0.039153053839253764
0.014164900161196833 0.45070606017414677 -0.02139176783385615
-0.069333965530645678 -0.30836730104884419 -0.028207777322174315
-0.078385500165040603 -0.32036932122011136 -0.028787749562202748
-0.07061338425182638 -0.3295972043504749 -0.036891030491397428
-0.091095494931532683 -0.32524308801014673 -0.029763613792752185
-0.091193759773118416 -0.31152653385075102 -0.024926923129855855
-0.079530243231360195 0.16521028455414061 0.07456170282538363
-0.079651350515604236 0.13192249487770696 0.077039130044042947
-0.067093511013668672 -0.062637456036405706 0.055483787457866147
-0.067770961815261863 -0.10911337937614081 0.04443594833349538
-0.10274483827188875 0.029642947827271768 0.058523767789937058
-0.065529156509531075 -0.15797850528398549 0.029196057277718818
-0.074461741089482836 -0.28193708281619212 -0.0075088549669624317
-0.065826914705136422 -0.26790061349342281 -0.0050550363099561664
-0.059268311118530689 -0.29754236222988417 -0.032527640079028003
-0.068794678241442142 -0.23685093965492954 0.0021533773113543934
-0.081991098086502096 -0.1986492627463686 0.015113933311171996
-0.086354790914264221 0.044085016674666376 0.064707577899915866
-0.057366965061847693 -0.22070236090782483 0.0020184093216137388
-0.079639052289636469 -0.2517005838075147 -0.0011168520201688475
-0.10355944453456292 0.0074084004302242927 0.056914675968713281
-0.069073424589362692 0.18120612336692996 0.076474621311092075
-0.093926103006757425 -0.071413107188597169 0.055536105320794928
-0.070252219628894899 0.059372235739393014 0.070021217959077078
-0.079723083446741352 0.1084614312921667 0.073287747742296794
-0.0652694220092951 -0.131914814507228 0.036975017859320072
-0.08227087264675785 -0.18027635830322822 0.023292485431597777
-0.10291489652769018 -0.045531430156164017 0.055622777572329099
-0.099424922091352688 0.12157892071974459 0.066212880758381498
-0.049397069481838786 0.069610246764293518 0.074598940240732145
-0.096295567930239981 0.17454379130064457 0.061186273228899558
-0.1081706542806978 0.055705832162982243 0.057678536928500418
-0.11088215101326988 -0.08690806546704978 0.044927595117843097
-0.12922021720317689 -0.096551689118205358 0.019561475846803449
-0.10290638857464354 -0.17065438759418641 0.021249306555760857
-0.11966135050606853 -0.15503922927766764 0.012145595185620318
-0.095249795341422402 -0.21334834435546524 0.0048323139866509775
-0.094341420145999833 -0.26228205807436344 -0.010561980288100681
-0.10182237051916863 -0.26911882333913073 -0.024404218284682665
-0.10124600710282587 -0.28554191461865897 -0.025875872390459249
-0.079686309734994909 -0.30581459255844062 -0.02067285588193021
-0.093025509967439218 -0.29687604031474052 -0.01870336555676955
-0.080769380222239437 -0.26845588847638463 -0.0041423567354448593
-0.11281442408410819 0.15619024144263377 0.045287106536628048
-0.087496529987683397 -0.23220688759715277 0.0010648028639634825
-0.11666020031041406 -0.008743484725173568 0.047790198741610536
-0.13322359217110691 -0.041999016759724311 0.013048889802446235
-0.12708320891151303 -0.051334660575002904 0.031346734745130507
-0.11815086626387535 0.04064941652592774 0.047800601831117735
-0.099900500537837625 0.21489866580488934 0.038837493457534261
-0.10498343797445758 -0.1488577780077518 0.030191951487774919
-0.12141650896194346 -0.13374926627905637 0.019939857986089878
-0.11781621339036639 -0.17397079575616778 0.0041755887199674217
-0.1199615683468675 0.018546238375448412 0.044111134040760676
-0.10769882578508187 0.19778921255019755 0.030409156303290819
-0.10950557630694321 0.084927788012390135 0.057107415378963508
-0.10093937805570273 -0.31465931538631386 -0.034356799581484937
-0.063734442120297177 -0.31508185017292756 -0.038035531625402824
-0.082198071181233331 0.24296587871899392 0.054214106512328913
-0.065678993256077095 0.22756454824610656 0.071137533978487266
-0.09708888414927147 0.23354390538962624 0.039175110001891236
-0.06288675161366683 -0.01536997048691649 0.05822701764564063
-0.052939079526738757 -0.014814695503954745 0.0553812283177047
-0.13307907793547147 0.0029597893602055243 0.010546563716458674
-0.12815607791951222 0.001670048193622218 0.032176129120505388
-0.0017547904557227161 -0.03422847340655185 -0.0079484560622347933
-0.093681529598206567 0.042185444788286945 -0.06266208397319846
-0.0067381929061076573 -0.037716613189507031 0.00065829609316039905
-0.0086079063127193125 -0.044781480304438855 0.00046092972740246639
-0.0095168460168747627 -0.040237628546760731 0.010875238845706193
-0.11183848928996713 0.012834297083138029 -0.04533502268246719
-0.026194671862147231 -0.039485219049842028 0.03604265104274721
-0.030867332416069006 -0.037911005803904031 0.040401868122697998
-0.12189140193353822 -0.0060956161912154106 -0.037674306519392846
-0.13107410420423959 -0.0016929722608797562 -0.011696713404923422
-0.083513094274642236 -0.035278540293944914 0.060744262890999039
-0.011943003745966409 -0.04244610767622136 0.015717423388235622
-0.014615690503148177 -0.042209417228905519 0.020921014486010747
-0.037591034646036629 -0.041347251105480237 0.044619958019411092
-0.043647749646996671 -0.035475634485849471 0.048837362441234204
-0.0063124726773580511 -0.037332827895205249 -0.0047196273979655933
-0.095930431585151674 0.01459096761597623 -0.062705016878441988
-0.017340170936578168 0.007037800447042112 -0.082943426113979632
-0.0064890026225623036 0.024826075453107308 -0.084988580770381864
-0.10030160415362535 -0.02064929647952489 0.057808998928890423
-0.11752208417947291 -0.034169320955748962 0.045840063001579591
-0.062278352326729174 0.43306854932183181 -0.047910876030921715
-0.059768486016951332 -0.044099755365295951 -0.0636891219284412
-0.053281635522508884 0.30213066806978772 -0.065090595502096296
-0.062395891109339956 -0.064758839532782539 -0.065716287909237184
-0.0800538654032244 -0.16112894787847923 -0.083227686502559628
-0.099177163240665833 -0.22966087256743997 -0.078326788011546702
-0.097042735560352741 -0.27709275112437481 -0.093097274935105029
-0.10791126251790686 -0.29031128761515096 -0.088534144196145345
-0.079287302865929499 -0.48428866551685834 -0.11860750270112834
-0.022735846211252939 -0.030669487777610992 0.042208316229166834
-0.087016193539020792 -0.19614417459979464 -0.084205355144951893
-0.098343948350830476 -0.30794577431353926 -0.10366201555022697
-0.017169931231541261 -0.034050814443881673 0.045593513812463286
-0.018622875905025673 -0.033859970170091978 0.038016092929038563
-0.097765125289294083 -0.042219860640465165 -0.059842004993894554
-0.07633084966530912 0.31279367352649551 -0.064276962008935123
-0.02025462871967227 -0.061089371480392909 0.022078942863449837
-0.015955047955152544 -0.064329611285478164 0.012947187505897371
-0.10861851131618955 0.33506047856542598 -0.0471852504572789
-0.012828072795128558 -0.069209668315680761 0.0020038732217401945
-0.0148978440644927 -0.08274086200040684 -0.00025096618741393835
-0.018108608449307478 -0.11519325939617799 -0.024074061320011157
-0.020740630416690602 -0.12710314367781711 -0.017279825739963943
-0.092306970994497473 -0.1216491022323606 -0.072153738849289856
-0.098263344568175592 -0.1829424120827978 -0.076224885106713255
-0.10125951499036438 -0.3622832478786091 -0.11475988174092726
-0.096315668473338195 -0.44198476412902249 -0.11524679194418765
-0.0078423719877594913 -0.039759852548422563 0.0055765078654026407
-0.010316775052492301 -0.047580677500880145 0.0081049525608023545
-0.035981700892498587 0.24894475199788541 -0.054256034833393467
-0.015979341991695595 -0.036803762246273339 0.028299234350295608
-0.12608943160920555 0.36862802264108901 -0.032074319405442323
-0.028211822853189811 -0.1721800530890906 -0.043394775925776001
-0.032836419520706116 -0.18190242570849288 -0.056596724932265086
-0.043770832711806054 -0.23663900694775897 -0.079517921599099067
-0.037305655320503832 -0.2517334059581306 -0.076028562074059988
-0.049439064899365087 -0.28220982117831211 -0.087079944498781342
-0.049633558318892892 -0.29802009790617012 -0.087042641560097694
-0.049899401610060304 -0.35067729106658563 -0.10226447085654812
-0.045133052767494887 -0.36960482533985012 -0.10066834005502762
-0.043277189985866847 -0.43474875006287572 -0.083842824612496952
-0.051554117833522414 -0.47881367676520403 -0.10616874934056258
-0.12837974434391783 0.43978862256708762 0.0027752643248045092
-0.12837474440942601 0.36417646806124843 -0.025258471205333567
-0.13668802258727833 0.35160001993215145 -0.028860591349779564
-0.13097132329279024 0.36130086057559702 -0.025818554593038563
-0.17458260674511411 0.3664808733532583 -0.001344117187746983
-0.14104754208262188 0.3423373993536854 -0.030820364060322993
-0.045266357472576069 0.27812485355695016 -0.061963700986177067
-0.065586433984899425 0.13440843004941297 -0.056138459767009548
-0.076213048789358043 0.33665819956788617 -0.067428735231156542
-0.083869823471814722 0.43105212412773142 -0.0413120310360671
-0.16671658077196819 0.32478658091393064 -0.030780546033623783
-0.17113167413596808 0.34194304968166683 -0.021430083864105186
-0.15659291300702943 0.39257883787451642 -0.011234632765463919
-0.07629058809603402 0.02335964305311046 -0.078313164198107701
-0.07786353119732288 0.094142828569079046 -0.063772759945535717
-0.023725571147298972 -0.1425304415524202 -0.020141774130380569
-0.025425911772999136 -0.15781241875034097 -0.034727087068761396
-0.014417447132751582 -0.090418906565480156 -0.023495167694883204
-0.017118621419921192 -0.10287773526786145 -0.028887345031516198
-0.089067073926857199 -0.10000172456168657 -0.069362646385371665
-0.063373721039941641 -0.14368816831959763 -0.079837110965530395
-0.092065824960396586 -0.39341169084637506 -0.12179253657628494
-0.044172279065038809 -0.41310272318095564 -0.10474749780022805
-0.093443468201110658 -0.34402546289493818 -0.11633580741402619
-0.050123914797565304 -0.31511555940869518 -0.08921114137464968
-0.077637183356435838 -0.44681506374662061 -0.12041879827432848
-0.046196808991662168 -0.44511996498772644 -0.098268457183300864
-0.021024033961658178 -0.038334508319774238 0.031190809368679039
-0.074976472248803022 0.15538847775363426 -0.045476321234427394
-0.085424077301837709 0.11845057460994061 -0.052107706125531381
-0.050480845604999686 -0.54507818156467636 -0.094896964057548008
-0.068604620247673304 -0.56855642234451909 -0.11508499970911873
-0.078415882831489023 -0.54703725871981668 -0.11365408977718136
-0.050434011541190947 -0.56323512109541063 -0.10505289954488269
-0.050885437078315943 -0.57333070455088508 -0.10205238442155283
-0.080480170301733128 -0.53222814831036014 -0.11428563644229835
-0.065924131173361003 -0.58723427238909698 -0.11616433662632826
-0.0746804277404228 -0.59346744173141297 -0.1132846339322347
-0.074844276400161766 -0.63999051667111917 -0.12759918680918919
-0.076703828649580197 -0.62995914104376138 -0.1224627533496732
-0.051311096823986983 -0.63546526598021746 -0.08511475855270946
-0.047635540141692072 -0.619475659444645 -0.10376797686355577
-0.067638261940966088 -0.64616442267698848 -0.13143619078399593
-0.052918777373378544 -0.65166988859990149 -0.095726572643826016
-0.04882592777127584 -0.60865578608351201 -0.10772437664049385
-0.079071721013020874 -0.60642736769916261 -0.11278261429991891
-0.061409734674927184 -0.65434164038949427 -0.12106756749605702
-0.059270609475514859 -0.65517772444536748 -0.10077045313248491
-0.050713947389656032 -0.58545378160383088 -0.1008890982514072
-0.050010428381216096 -0.59677281677181904 -0.1005223742255075
-0.022985480037374207 -0.045031517351083669 0.031116737758505431
-0.018113527739694598 -0.04160829607241754 0.026310722096937099
-0.077346279909730475 0.36917108004218768 0.086213586455037933
-0.09608786903856649 0.45606607059351467 0.041109600785608859
-0.045316699554939541 0.14923662287014583 0.094059874783556735
-0.044786867787012893 0.22596102086810738 0.091679482583886432
-0.034245251868915715 0.033521848619586223 0.078646145279570659
-0.0739151756698294 0.38686125149487649 0.08021160864014798
-0.038167256935196063 0.29596276500946261 0.10059148275611166
-0.049639788075981552 0.007203241827849074 0.071124691404812562
-0.042131721122604888 0.018022454915374721 0.077805027267474
-0.068629337665765983 0.43449788543366319 0.057160963064489138
-0.09413837845137317 0.42678967997342926 0.063625979167582031
-0.057589240375447083 0.2093608351346419 0.081358327487032756
0.0075905306521207878 0.42905723090958797 -0.03299659562841379
-0.084426892786106295 0.4667146407554798 -0.001789534739071349
-0.059596391497506049 0.111746468897417 0.081675500750846383
-0.030710842530884495 0.45778564483818746 -0.027343605176644428
-0.090550038368319055 0.46698955650842677 0.013315176636189684
-0.028951571225669551 0.012752362672755488 0.080801500105055241
-0.021645880653055782 -0.01790203408651499 0.069225038874328418
-0.053759310715716123 0.18970843132621609 0.086417696684051984
-0.0095700711259814868 -0.0066897616326461575 -0.079801078171495884
0.001686696712659512 0.0045007772350041299 -0.081442634285120996
-0.017161080541049614 0.57806124643046597 0.14219363930581128
-0.02918654798576031 0.58612565690119178 0.12756328663495145
-0.036374457843449025 0.60276011637915794 0.10799263578767267
-0.038919767237245696 0.60221173646714854 0.088073239509587287
-0.03943480081195859 0.61116040954598938 0.087223290968025183
-0.039331838451273589 0.61374303699923927 0.078612415882776829
-0.040663333103068938 0.59108365645859406 0.07572916736820437
-0.040587567966696485 0.58848498082850731 0.078607617558546686
-0.036638365676103582 0.58050823049959821 0.073330993143446085
-0.038428362385211974 0.58321093702475735 0.071474767463346814
-0.038824203973167555 0.58503647762301569 0.073998726330422288
-0.039149461808478149 0.58943085553261876 0.074392531654733959
-0.038314513070391583 0.5826604603660257 0.067927072009065156
-0.038175885854399773 0.58406028073553429 0.07814340993082558
-0.038871763833918674 0.58715048218381161 0.070713245182596252
-0.031196017625829606 0.55670652621577488 0.072317377391380666
-0.040463900232127981 0.55903931823264164 0.074681620609083316
-0.033028554100171185 0.55766062661856641 0.076693953114869651
-0.042400427279489471 0.56165541298934507 0.072113367967497399
-0.041258325307599188 0.56739638615934984 0.073396093096971121
-0.056159420398987393 0.37396609786397661 0.086977931279453261
-0.11742815395851501 0.35318838621846571 0.065055194313256445
-0.056721005783142646 0.2692315023339385 0.081949529418641684
-0.052436021601574817 0.28735311974681099 0.091374708351171535
-0.11923119485155992 0.35080575614488979 0.059667865703418956
-0.12578282272310848 0.3466991970449867 -0.011545828285016144
-0.12451628689765477 0.34618742955651449 -0.0050515182108883091
-0.12545802859140009 0.35479546193707184 -0.027785403823770052
-0.12750421146013727 0.35806429007727603 -0.023921422190826491
-0.025684819671161759 0.35238863863208381 0.097916396836814953
-0.10837526853536622 0.42581211213616799 -0.030288748041579671
-0.12770112420280616 0.35486457393480603 -0.015698374685628437
-0.12700462123147582 0.35049938919110696 -0.017174817035122015
-0.11471314920738825 0.43461441616496516 0.065626739244343021
-0.11254622195287797 0.336031514230206 0.033762701075489746
-0.11887847769859665 0.34873860580892863 0.053631452855819002
-0.11231878541657732 0.33750657554940655 0.042299423906459702
-0.12306199143541646 0.3461638008338353 0.0012711408863701941
-0.12148011699953135 0.34102806166965827 0.004722033173463867
-0.06593479635620858 0.25110585271583036 0.070015109168145434
-0.12031688627220756 0.37361997336657304 -0.038276415566163416
-0.11633205944836018 0.33713996744940727 0.018930002265406354
-0.11730150239207236 0.34129442914750635 0.019956006968057539
-0.15317917749117971 0.42920730958844822 0.030354378795168398
-0.12606793995530097 0.42551130962560985 -0.016583423573764428
-0.1163767766044204 0.45545978821432542 0.03384161133194577
-0.12337978969104155 0.41945961472016774 0.074126002888676379
-0.1293254375987937 0.44753279529802081 0.046642552487521513
-0.10669468571531943 0.41265139746846707 0.072895696427262582
-0.12349494947256359 0.38023109642636926 0.072909688179429236
-0.043510634507968091 0.33599304699226068 0.10161034037498316
-0.10609273795675828 0.33408274943995508 0.062692301884307702
-0.10214149940252137 0.32359772552233629 0.055885233811098861
-0.10749120753751296 0.32135380330885693 0.034512781973885021
-0.1166811476166118 0.34189982444154382 0.023514498651856931
-0.11409400409349824 0.33231091781543193 0.022544934741987648
-0.089645070386320289 0.2621422403773328 0.047359478578369002
-0.14080232352123323 0.43604955865233558 0.017408308492658855
-0.12415818675070227 0.35871468478173996 -0.031499881367099435
-0.11805086757403832 0.3878028520614385 -0.038821015285764607
-0.11076066066952842 0.31093047213133912 0.02172644748177446
-0.11047558375938828 0.31954721407520481 0.025689984261979149
-0.11288262883566437 0.31061749236097019 0.013499317368775611
-0.11480403511339324 0.31697055428570325 0.009700697782697304
-0.11444982604449282 0.31080595763367097 0.0063092099592335256
-0.11635750266339541 0.31412978505328537 -0.0056879211631856415
-0.11603754717796932 0.31638838449382151 0.0018751652306274369
-0.11838529867625938 0.3182134412274516 -0.011874241320923367
-0.12034456736114842 0.32252104608038967 -0.017344522472965345
-0.12158787768444637 0.32912458859434357 -0.022311624733686398
-0.12222083310126744 0.32967296850635291 -0.016319293969821982
-0.12243167711302459 0.3351771705849374 -0.025591773290088663
-0.1243309264229852 0.34078483904986129 -0.022029763507221436
-0.11457321152469499 0.3457766284871357 -0.042152030111210992
-0.1039846002545796 0.35585036747074761 -0.051643997483208109
-0.094153116161508441 0.41022425184909272 -0.045488589218855985
-0.11231104358252547 0.40565479558817014 -0.037316609592963811
-0.11944224047357885 0.45254208450601685 0.013803698461480036
-0.079738123572269212 0.31622628984335993 0.086116490952970359
-0.0058857847193518904 0.35986894385241497 0.094244469139231693
-0.12192624018677184 0.36454912446910059 -0.035906426456000333
-0.14094226120392653 0.42265166967269047 -0.00289686902131979
-0.064774247045366384 0.35046527673481565 0.093707278596750418
-0.11047431361473919 0.35988805650523065 0.073886227804355623
-0.099938221817814463 0.33627554329105025 0.075502275179610556
-0.093256031140744808 0.38335089426107438 0.077188220832620516
-0.084273326249717562 0.33530676566120188 0.087506049360155033
-0.099611633354776116 0.2505372311335396 0.034430152008099325
-0.029101710387608275 0.20068981970830807 -0.044156771990641795
-0.015208122257353877 0.1293755121187376 0.098932492395100186
-0.0046423937519493386 0.18266739454422545 0.10200952869328411
-0.0053879888220203049 0.16818669717067605 0.098094459020008476
-0.011456941565869719 0.33963428960800268 0.10066621968014912
-0.0016024739029567895 0.32333563218203765 0.098365604661060563
-0.01379806008654747 0.10890731254709318 0.092637836963201367
-0.015848315482572508 0.13268224298815395 -0.056518318701463448
-0.0095079348433046336 -0.029022210972808223 0.065169628297836082
-0.020523637291949639 0.19298725933540387 0.10320507754556926
-0.016675179649162254 0.02397898977726225 0.080947324807392168
0.0065711488465687515 0.075138642074290177 -0.082409809113388244
3 15 0 1
3 70 0 71
3 1 0 70
3 2383 16 28
3 16 1 28
3 131 20 47
3 133 40 122
3 98 40 133
3 96 2 3
3 96 3 118
3 37 5 107
3 104 3 7
3 7 3 140
3 3 2 140
3 63 4 114
3 106 6 64
3 114 6 106
3 144 7 140
3 118 58 68
3 55 7 144
3 147 11 138
3 821 8 138
3 1622 821 913
3 62 9 809
3 69 62 809
3 809 10 69
3 69 11 68
3 69 10 11
3 11 10 138
3 913 138 914
3 1622 12 821
3 1618 12 1622
3 2382 70 71
3 66 15 115
3 21 15 16
3 15 1 16
3 122 40 147
3 147 17 122
3 24 18 139
3 23 18 24
3 94 18 23
3 139 48 122
3 122 17 139
3 135 20 131
3 49 46 2384
3 41 21 50
3 50 46 49
3 50 21 46
3 54 22 29
3 25 22 53
3 50 22 25
3 1335 23 791
3 94 23 1335
3 790 23 24
3 790 24 59
3 86 26 784
3 110 26 86
3 36 27 90
3 70 13 28
3 28 20 2383
3 2385 49 2384
3 54 29 2386
3 787 87 784
3 784 84 787
3 784 26 84
3 35 30 31
3 123 30 791
3 31 30 123
3 36 31 60
3 60 27 36
3 786 33 119
3 786 119 789
3 119 32 44
3 33 32 119
3 1620 201 817
3 506 33 786
3 90 34 36
3 36 34 35
3 35 34 75
3 74 30 35
3 789 119 141
3 35 31 36
3 111 27 60
3 140 2 107
3 107 2 37
3 1332 150 151
3 109 38 116
3 116 38 39
3 98 96 118
3 131 95 135
3 124 41 51
3 45 41 124
3 45 21 41
3 103 42 1780
3 42 25 1780
3 85 43 88
3 92 27 111
3 115 15 45
3 45 15 21
3 21 16 46
3 46 16 2383
3 2384 46 2383
3 133 47 73
3 133 122 132
3 122 48 132
3 132 48 101
3 101 48 79
3 2385 29 49
3 29 22 49
3 49 22 50
3 42 41 50
3 51 41 42
3 50 25 42
3 52 22 54
3 1780 53 83
3 1780 25 53
3 53 22 52
3 84 54 2386
3 1780 83 128
3 912 55 822
3 820 12 56
3 817 142 1620
3 113 57 4126
3 62 58 912
3 59 24 121
3 59 19 130
3 789 123 790
3 141 123 789
3 60 31 141
3 143 60 141
3 61 60 143
3 4280 61 2537
3 144 4 815
3 120 63 106
3 815 4 63
3 1778 6 4279
3 106 64 2594
3 120 106 2594
3 1621 65 142
3 66 0 15
3 109 0 66
3 1781 67 2542
3 1781 38 67
3 68 58 69
3 68 40 98
3 28 1 70
3 2382 71 108
3 133 73 98
3 145 2 96
3 108 71 116
3 72 14 39
3 117 37 149
3 150 37 145
3 98 73 96
3 20 13 47
3 74 35 75
3 804 74 75
3 75 34 805
3 174 80 2394
3 81 80 174
3 802 795 807
3 807 76 802
3 155 153 807
3 155 77 82
3 82 77 2385
3 807 77 155
3 164 78 89
3 82 78 164
3 170 101 137
3 101 79 137
3 1334 80 1335
3 1335 80 81
3 84 52 54
3 84 26 52
3 110 43 83
3 83 53 110
3 52 26 110
3 53 52 110
3 83 43 128
3 128 43 85
3 2601 85 2561
3 128 85 2601
3 125 86 126
3 126 86 784
3 126 87 134
3 784 87 126
3 88 86 125
3 127 88 125
3 1779 88 127
3 89 78 135
3 125 90 92
3 90 27 92
3 91 34 90
3 91 90 134
3 805 34 91
3 127 93 136
3 127 92 93
3 1335 81 94
3 205 95 100
3 205 89 95
3 68 11 40
3 17 8 97
3 121 17 97
3 118 68 98
3 819 56 1621
3 820 56 819
3 117 99 4279
3 205 100 170
3 170 100 101
3 2576 99 117
3 117 72 2576
3 102 51 4281
3 124 51 102
3 1780 128 2577
3 2577 103 1780
3 104 55 912
3 104 7 55
3 912 58 104
3 913 105 1622
3 106 63 114
3 6 5 4279
3 107 5 6
3 114 4 107
3 107 6 114
3 3405 57 113
3 108 14 1333
3 116 71 109
3 71 0 109
3 110 86 88
3 88 43 110
3 93 92 111
3 111 60 61
3 112 32 276
3 44 32 112
3 113 62 912
3 3405 113 912
3 143 44 1777
3 109 66 67
3 67 38 109
3 67 66 115
3 116 39 108
3 39 14 108
3 149 37 150
3 117 5 37
3 4279 5 117
3 815 55 144
3 822 55 815
3 822 146 2538
3 118 3 104
3 104 58 118
3 151 145 148
3 119 44 143
3 815 63 120
3 73 47 148
3 139 17 121
3 121 24 139
3 130 19 508
3 141 31 123
3 818 19 121
3 121 19 59
3 136 93 2624
3 126 90 125
3 134 90 126
3 125 92 127
3 2577 128 2601
3 173 129 208
3 142 65 1620
3 486 130 508
3 47 13 148
3 132 95 131
3 132 131 133
3 131 47 133
3 2382 13 70
3 1337 134 1336
3 1337 91 134
3 134 87 1336
3 1333 1331 1332
3 1333 14 1331
3 95 89 135
3 149 72 117
3 149 14 72
3 1779 127 136
3 79 18 94
3 81 79 94
3 137 79 81
3 138 8 147
3 138 10 914
3 48 18 79
3 139 18 48
3 914 9 113
3 147 8 17
3 141 119 143
3 2537 143 1777
3 819 142 818
3 1621 142 819
3 1621 56 4284
3 2537 61 143
3 140 4 144
3 107 4 140
3 815 120 146
3 37 2 145
3 40 11 147
3 100 95 132
3 101 100 132
3 145 96 148
3 96 73 148
3 1331 14 149
3 1331 149 150
3 1331 150 1332
3 150 145 151
3 2624 93 111
3 2624 111 4280
3 2392 2390 2391
3 200 152 2388
3 2388 152 153
3 200 173 2392
3 2388 173 200
3 153 152 163
3 2388 153 155
3 785 154 156
3 156 154 163
3 785 156 198
3 169 157 170
3 198 176 785
3 198 158 176
3 188 158 203
3 176 158 188
3 203 159 188
3 785 76 154
3 162 76 785
3 154 153 163
3 154 76 153
3 2388 155 164
3 155 82 164
3 2388 164 173
3 164 129 173
3 164 89 129
3 168 166 167
3 166 165 196
3 167 166 195
3 165 157 196
3 168 165 166
3 169 137 174
3 170 137 169
3 137 81 174
3 170 157 165
3 171 75 805
3 804 75 171
3 183 171 805
3 2392 173 208
3 2395 174 2394
3 175 162 785
3 176 175 785
3 808 175 176
3 808 176 188
3 178 177 804
3 2396 177 178
3 179 178 180
3 2397 178 179
3 180 178 804
3 180 172 179
3 180 171 182
3 804 171 180
3 182 171 183
3 182 172 180
3 181 172 182
3 182 161 181
3 184 161 182
3 184 182 183
3 184 160 161
3 186 184 806
3 186 160 184
3 184 183 806
3 806 185 186
3 187 160 186
3 186 185 189
3 2398 172 181
3 2398 181 190
3 179 172 2398
3 188 159 189
3 808 188 189
3 187 186 189
3 189 159 187
3 189 185 808
3 161 160 204
3 788 191 194
3 192 191 788
3 2395 192 788
3 194 157 788
3 2398 190 193
3 193 190 206
3 2398 193 194
3 195 193 206
3 196 193 195
3 194 193 196
3 207 199 793
3 204 187 197
3 199 197 203
3 207 197 199
3 199 158 198
3 203 158 199
3 2387 152 200
3 2387 200 2391
3 1625 201 4123
3 513 201 1625
3 794 202 2387
3 794 199 202
3 198 156 202
3 199 198 202
3 202 156 163
3 163 152 202
3 202 152 2387
3 204 160 187
3 197 159 203
3 187 159 197
3 170 165 205
3 205 165 168
3 129 89 205
3 168 129 205
3 793 206 207
3 206 190 207
3 207 190 204
3 181 161 190
3 190 161 204
3 167 129 168
3 208 129 167
3 2389 167 195
3 497 211 823
3 497 210 211
3 2399 211 569
3 889 211 2399
3 2459 230 2428
3 494 212 2460
3 1468 502 1469
3 502 213 1469
3 2455 1401 2429
3 2244 568 2243
3 574 214 215
3 574 215 1480
3 311 215 770
3 215 214 770
3 2463 224 2459
3 263 216 725
3 228 217 591
3 659 218 1571
3 834 218 659
3 2461 233 2400
3 566 219 220
3 1540 219 565
3 221 219 243
3 220 219 221
3 2443 220 221
3 566 220 2440
3 223 222 1543
3 770 223 1537
3 223 214 222
3 770 214 223
3 2461 224 2463
3 2460 224 2461
3 2401 304 568
3 2413 445 860
3 2413 556 2414
3 556 227 2414
3 860 556 2413
3 2194 225 2193
3 1404 1402 1403
3 569 230 2399
3 570 231 569
3 1472 231 570
3 503 232 1471
3 1471 209 503
3 504 232 503
3 2414 233 562
3 2402 233 2414
3 2216 225 2194
3 1469 213 2362
3 2362 213 235
3 2422 883 2270
3 843 236 845
3 1495 236 843
3 642 217 467
3 467 217 466
3 471 238 239
3 469 238 471
3 1516 294 1566
3 2457 234 240
3 2445 241 2444
3 242 241 2445
3 1545 241 242
3 242 221 243
3 2445 221 242
3 2404 244 245
3 2416 244 2404
3 2416 2404 2405
3 2405 475 2410
3 2404 475 2405
3 2404 245 475
3 500 246 1581
3 1583 1582 2374
3 1511 459 1606
3 1606 459 1482
3 843 247 1495
3 1495 248 2313
3 1495 247 248
3 2407 249 2406
3 476 249 2407
3 250 249 476
3 2407 237 2409
3 2409 476 2407
3 1499 251 1546
3 2449 251 1499
3 2446 251 2449
3 868 252 253
3 2186 252 868
3 868 862 2186
3 2186 848 894
3 2186 894 1613
3 254 252 1613
3 1613 252 2186
3 1614 254 1613
3 1558 255 2317
3 1381 256 257
3 1523 256 1617
3 258 256 1523
3 1375 257 258
3 1360 257 1375
3 257 256 258
3 2362 259 2363
3 262 260 261
3 850 260 487
3 901 260 900
3 261 260 901
3 1370 261 905
3 262 261 1370
3 1341 216 263
3 561 264 560
3 1349 264 561
3 560 265 1371
3 265 264 655
3 560 264 265
3 266 238 469
3 1476 266 469
3 268 267 467
3 466 217 228
3 828 272 275
3 1631 269 580
3 1633 269 1631
3 271 269 1633
3 579 271 1770
3 579 269 271
3 798 273 500
3 500 272 798
3 683 273 797
3 460 273 683
3 274 269 579
3 590 269 274
3 590 274 1737
3 275 270 799
3 799 32 828
3 276 32 799
3 2604 112 2188
3 2188 112 276
3 466 228 1505
3 279 278 1637
3 689 278 801
3 1639 278 689
3 285 278 279
3 1768 1644 4998
3 1646 1644 1768
3 1507 268 280
3 1506 228 310
3 1505 228 1506
3 456 281 297
3 456 297 312
3 2285 282 2274
3 2466 283 302
3 2217 305 2234
3 801 278 285
3 801 285 286
3 2220 281 287
3 287 281 2232
3 2218 287 2232
3 2232 648 2218
3 2195 288 289
3 289 288 299
3 449 291 450
3 585 291 449
3 450 290 480
3 291 290 450
3 586 291 585
3 1637 292 1632
3 2381 292 1639
3 2319 268 1507
3 2319 293 2326
3 484 295 2272
3 1673 484 2272
3 296 282 313
3 297 281 2220
3 1676 297 1662
3 1662 297 2220
3 2196 298 299
3 299 288 2196
3 299 298 318
3 1664 300 322
3 523 300 524
3 531 300 1664
3 1735 301 634
3 582 301 2197
3 634 301 582
3 792 302 2367
3 2193 303 2365
3 1764 1383 2364
3 2372 304 519
3 1394 230 1624
3 1737 274 2233
3 2233 274 305
3 679 307 588
3 308 307 679
3 308 306 307
3 482 306 308
3 1657 306 482
3 1657 482 1679
3 305 274 309
3 309 274 579
3 769 311 770
3 1481 311 769
3 2464 311 1481
3 312 297 313
3 313 297 1676
3 1649 314 2236
3 2213 314 1650
3 408 315 316
3 1665 315 407
3 2293 315 1652
3 316 315 2292
3 2302 317 2327
3 348 317 2302
3 409 317 348
3 2219 318 319
3 318 298 319
3 2237 320 2221
3 1654 320 326
3 326 320 2237
3 2274 282 296
3 2274 296 321
3 2290 322 523
3 1653 322 2290
3 322 300 523
3 324 323 1659
3 592 323 324
3 1658 323 592
3 595 325 1660
3 1660 325 2330
3 1677 326 1663
3 1663 326 2237
3 1655 327 328
3 328 327 345
3 602 328 345
3 1663 328 329
3 329 328 602
3 346 329 602
3 330 329 346
3 1661 329 330
3 1675 331 2275
3 1661 331 1675
3 1661 330 331
3 596 332 604
3 2275 332 596
3 1680 667 1670
3 1680 333 667
3 670 334 432
3 354 334 670
3 2276 359 432
3 338 336 2277
3 337 336 338
3 430 336 337
3 339 337 352
3 430 337 339
3 361 339 340
3 340 339 352
3 341 340 511
3 361 340 341
3 361 341 428
3 2225 341 511
3 2305 342 412
3 412 355 2305
3 344 343 599
3 2199 343 344
3 602 345 635
3 635 345 600
3 347 333 604
3 2303 333 347
3 410 348 426
3 2227 2202 2206
3 2227 349 2202
3 2229 349 2223
3 2223 349 2227
3 512 350 423
3 352 350 512
3 512 340 352
3 350 338 351
3 352 337 338
3 352 338 350
3 2277 353 425
3 2277 335 353
3 2276 335 2277
3 605 334 354
3 605 354 2304
3 411 355 412
3 669 355 411
3 2200 356 2228
3 2226 356 2200
3 2192 358 2189
3 358 357 2189
3 2199 357 358
3 606 359 360
3 359 336 360
3 431 339 361
3 431 361 370
3 370 361 428
3 428 369 370
3 429 369 428
3 2226 362 2224
3 363 362 373
3 2224 362 363
3 2307 364 433
3 672 365 607
3 672 607 608
3 606 366 607
3 367 366 606
3 606 360 367
3 1711 366 367
3 370 368 2279
3 2278 370 2279
3 1707 369 374
3 1707 368 369
3 369 368 370
3 436 371 372
3 436 372 2241
3 1708 371 439
3 372 371 1708
3 374 369 429
3 429 373 374
3 2241 372 374
3 374 373 2241
3 1722 375 1716
3 1721 375 1722
3 1687 375 1721
3 1716 375 617
3 1704 376 673
3 376 364 1714
3 413 364 376
3 1713 377 608
3 1701 377 1713
3 2335 377 1701
3 608 377 672
3 1684 379 438
3 379 378 1702
3 438 379 1702
3 2333 380 1681
3 415 380 2333
3 2310 415 2333
3 1682 381 611
3 674 381 1682
3 1696 382 1683
3 1720 382 615
3 1683 382 1695
3 614 383 384
3 1699 383 1697
3 385 383 1699
3 384 383 385
3 610 385 1706
3 386 385 610
3 386 384 385
3 2338 387 417
3 2338 417 1717
3 1725 387 395
3 1733 675 1727
3 675 388 1727
3 1731 389 390
3 1730 389 622
3 1731 390 1719
3 390 389 1730
3 403 391 392
3 403 392 404
3 1716 391 623
3 392 391 1716
3 1716 623 1722
3 1798 394 1797
3 1798 393 394
3 624 393 404
3 394 393 624
3 1954 545 676
3 2311 396 397
3 2311 397 1963
3 626 396 1718
3 397 396 626
3 626 619 2280
3 398 397 2280
3 1730 399 2337
3 622 400 1730
3 402 399 400
3 2341 399 402
3 400 399 1730
3 403 400 622
3 401 400 403
3 1960 401 1798
3 402 401 1960
3 402 400 401
3 403 393 401
3 404 393 403
3 401 393 1798
3 677 405 2264
3 682 677 2264
3 2253 405 2299
3 2264 405 2253
3 2263 2253 2299
3 532 407 408
3 407 315 408
3 1666 409 533
3 1666 317 409
3 534 409 410
3 409 348 410
3 638 411 537
3 537 411 412
3 537 412 538
3 538 342 434
3 412 342 538
3 539 364 413
3 433 364 539
3 1704 414 541
3 1700 414 1704
3 416 380 415
3 416 415 1689
3 1724 417 1725
3 417 387 1725
3 545 418 676
3 418 395 676
3 1725 395 418
3 644 419 420
3 644 420 2261
3 420 419 1743
3 1745 420 1743
3 485 421 451
3 2228 422 2227
3 2225 422 2228
3 511 422 2225
3 635 423 424
3 423 350 424
3 2277 425 637
3 637 425 2294
3 426 411 638
3 669 411 426
3 536 427 535
3 598 427 536
3 535 427 2205
3 2202 427 598
3 428 341 363
3 429 363 373
3 428 363 429
3 430 339 431
3 2278 430 431
3 431 370 2278
3 670 432 2306
3 432 365 2306
3 671 342 2305
3 433 342 671
3 2201 434 539
3 434 433 539
3 434 342 433
3 1712 435 437
3 437 371 436
3 437 436 1705
3 1697 438 439
3 1708 438 1702
3 439 438 1708
3 1711 440 1710
3 2282 440 1711
3 2283 440 2282
3 441 440 2334
3 1713 440 441
3 1694 441 2334
3 533 442 2203
3 444 443 783
3 446 445 517
3 685 446 517
3 871 446 685
3 582 448 634
3 814 448 582
3 4995 449 450
3 2928 449 4995
3 4995 450 2473
3 451 421 2281
3 2930 2281 2284
3 2930 451 2281
3 1763 1392 2318
3 2318 1384 1763
3 452 294 1516
3 1552 452 2366
3 2188 270 501
3 2252 453 520
3 477 454 455
3 2256 454 477
3 2255 477 2262
3 2256 477 2255
3 2232 281 456
3 509 456 649
3 2232 456 509
3 2285 277 2271
3 457 277 2285
3 650 277 457
3 754 458 552
3 1358 458 1342
3 829 459 1511
3 1468 246 500
3 1468 273 460
3 500 273 1468
3 2424 2408 2423
3 2408 684 2423
3 2312 461 2434
3 2434 1485 2312
3 2286 459 829
3 1548 829 2320
3 2286 829 1548
3 1403 463 2470
3 1491 464 1382
3 312 282 465
3 313 282 312
3 649 465 2254
3 465 282 2285
3 810 280 466
3 466 280 467
3 280 268 467
3 1503 468 1387
3 1393 468 1503
3 1476 469 571
3 571 469 470
3 572 470 1542
3 470 469 471
3 1542 470 471
3 2448 472 2446
3 2444 472 2448
3 1546 251 473
3 472 251 2446
3 473 251 472
3 473 241 1545
3 472 241 473
3 2444 241 472
3 475 474 2409
3 475 245 474
3 2409 474 476
3 2410 475 2409
3 477 455 478
3 478 455 692
3 2262 477 478
3 2261 478 645
3 2262 478 2261
3 645 478 692
3 481 479 664
3 480 479 481
3 480 290 479
3 1751 481 664
3 2304 347 605
3 2303 347 2304
3 483 482 525
3 1679 482 483
3 482 308 525
3 1679 483 484
3 483 295 484
3 1755 295 483
3 2966 453 485
3 485 451 2967
3 2966 485 2967
3 651 262 2442
3 487 260 262
3 850 487 488
3 487 262 651
3 850 488 851
3 779 489 841
3 2420 489 779
3 853 489 490
3 841 489 853
3 842 841 853
3 849 492 896
3 896 491 857
3 492 491 896
3 853 492 849
3 853 490 492
3 2411 843 897
3 2411 493 843
3 857 491 2411
3 897 857 2411
3 887 494 2400
3 2402 227 887
3 2460 212 495
3 495 212 890
3 2426 889 2462
3 231 230 569
3 1624 230 231
3 2369 496 497
3 497 496 1470
3 1470 210 497
3 498 210 1470
3 570 498 499
3 570 499 1472
3 1581 272 500
3 2366 501 1583
3 4697 501 2366
3 502 496 2369
3 2369 213 502
3 683 209 1473
3 796 209 683
3 503 209 796
3 1623 504 513
3 738 505 1341
3 1341 263 738
3 828 32 33
3 828 33 506
3 507 505 738
3 726 507 738
3 796 486 508
3 796 508 816
3 816 201 513
3 817 201 816
3 510 509 2257
3 2247 510 2257
3 511 340 512
3 636 422 511
3 636 511 512
3 1764 1478 2476
3 2474 1764 2476
3 3001 447 1629
3 513 504 816
3 1765 514 661
3 515 302 792
3 555 516 657
3 867 516 555
3 1765 303 2193
3 2208 1765 2193
3 685 517 1399
3 517 445 518
3 1629 447 519
3 520 453 2966
3 1559 881 2316
3 678 521 522
3 588 521 678
3 522 405 678
3 522 521 2287
3 2299 405 522
3 2288 523 524
3 524 454 2288
3 455 454 524
3 526 525 528
3 526 483 525
3 1755 483 526
3 1754 526 528
3 528 525 527
3 680 527 677
3 681 527 680
3 528 527 681
3 1754 528 681
3 3110 529 530
3 681 529 629
3 530 529 663
3 531 288 691
3 691 300 531
3 583 300 691
3 2198 532 1668
3 2211 532 2198
3 532 408 1668
3 1667 407 532
3 534 442 533
3 533 409 534
3 2205 534 535
3 534 410 535
3 536 535 638
3 537 536 638
3 599 536 537
3 599 537 538
3 434 344 538
3 2201 344 434
3 538 344 599
3 2201 539 540
3 2190 413 541
3 540 413 2190
3 539 413 540
3 541 414 1712
3 609 416 543
3 542 416 609
3 1726 544 1724
3 1690 544 1726
3 544 417 1724
3 1723 544 1689
3 1689 544 1690
3 616 418 546
3 546 418 545
3 546 545 625
3 1345 660 1356
3 1345 507 660
3 549 547 1361
3 548 547 549
3 1348 548 549
3 1346 548 1348
3 1347 550 551
3 1342 458 551
3 551 550 1342
3 1351 552 1358
3 910 552 1351
3 1359 552 910
3 1356 739 910
3 910 739 1359
3 1357 553 554
3 1357 554 1354
3 1354 776 1357
3 554 216 1354
3 725 216 554
3 587 555 1366
3 878 555 587
3 1378 557 1344
3 774 558 775
3 1353 558 774
3 1377 558 1353
3 775 558 1368
3 1369 559 561
3 561 559 1343
3 1369 560 1371
3 561 560 1369
3 876 516 867
3 658 516 876
3 1397 518 562
3 2419 652 2415
3 652 564 2415
3 564 244 2416
3 2415 564 2416
3 778 565 567
3 778 567 2438
3 567 565 566
3 567 566 2439
3 565 219 566
3 2455 443 1401
3 1401 443 444
3 569 211 570
3 570 210 498
3 211 210 570
3 1623 232 504
3 2455 226 2401
3 2401 443 2455
3 1543 222 573
3 573 572 1543
3 573 470 572
3 222 214 574
3 1479 571 574
3 574 571 573
3 573 222 574
3 571 470 573
3 657 516 575
3 575 516 658
3 2323 576 577
3 2323 577 1492
3 1492 577 903
3 903 846 1492
3 2451 2289 2320
3 2316 578 1488
3 874 654 1488
3 874 587 654
3 580 269 590
3 2194 1509 2216
3 582 581 814
3 692 455 583
3 524 300 583
3 583 455 524
3 586 585 2300
3 584 290 291
3 665 290 584
3 584 291 586
3 1738 584 586
3 1739 586 2300
3 878 587 874
3 2291 521 588
3 2291 588 589
3 588 307 589
3 589 306 2328
3 307 306 589
3 1740 590 1737
3 1740 580 590
3 310 228 591
3 2239 310 591
3 593 324 1669
3 592 324 593
3 2329 593 2293
3 2329 592 593
3 639 594 1674
3 640 594 639
3 2331 594 2330
3 1674 594 2331
3 595 326 1677
3 1677 325 595
3 596 333 1680
3 604 333 596
3 597 442 2205
3 2222 442 597
3 599 343 598
3 598 536 599
3 2276 334 335
3 432 334 2276
3 600 327 601
3 345 327 600
3 2223 600 2229
3 2229 600 601
3 424 346 602
3 635 424 602
3 332 331 2294
3 603 332 2294
3 604 332 603
3 603 347 604
3 353 335 605
3 335 334 605
3 606 365 432
3 432 359 606
3 607 365 606
3 607 366 608
3 1713 608 1710
3 608 366 1710
3 609 435 542
3 610 435 609
3 610 609 1691
3 1691 386 610
3 609 543 1691
3 1682 611 1693
3 1728 612 2332
3 1692 612 1728
3 1693 612 1682
3 2334 613 1694
3 1709 613 2334
3 1693 613 2296
3 1696 614 615
3 615 614 1685
3 615 382 1696
3 1724 616 617
3 1715 616 624
3 616 546 624
3 617 616 1715
3 620 619 626
3 1727 618 1733
3 1733 618 620
3 2280 619 2337
3 619 618 2336
3 620 618 619
3 2297 621 1729
3 2297 1729 2332
3 2336 618 1729
3 1729 621 2336
3 622 389 391
3 623 389 1731
3 391 389 623
3 622 391 403
3 546 394 624
3 625 394 546
3 1951 394 625
3 2280 397 626
3 628 627 2288
3 2298 627 628
3 628 454 2256
3 2288 454 628
3 681 629 1754
3 630 629 3110
3 629 529 3110
3 800 629 630
3 1754 629 800
3 800 286 1754
3 631 509 510
3 2269 631 2249
3 631 510 2249
3 2268 301 632
3 632 301 1735
3 1734 633 1751
3 1751 664 1734
3 1735 633 1734
3 634 633 1735
3 636 423 635
3 635 600 636
3 512 423 636
3 637 346 424
3 424 351 637
3 424 350 351
3 605 347 603
3 603 353 605
3 535 410 638
3 638 410 426
3 639 323 640
3 1659 323 639
3 2208 225 1766
3 448 284 2368
3 2368 284 643
3 2368 643 1753
3 1753 1752 2368
3 2360 421 485
3 645 644 2261
3 646 644 645
3 646 645 692
3 647 644 646
3 647 646 2195
3 647 419 644
3 2209 647 2195
3 2209 648 2269
3 648 631 2269
3 648 289 2218
3 2209 289 648
3 649 312 465
3 456 312 649
3 285 279 690
3 690 279 650
3 1523 488 651
3 488 487 651
3 839 488 1615
3 851 488 839
3 1615 488 1523
3 2422 2270 2301
3 2301 830 2422
3 1362 264 1349
3 655 264 1362
3 1374 265 655
3 656 655 1361
3 1374 655 656
3 1361 655 1362
3 1368 575 658
3 1368 658 1367
3 891 837 866
3 837 659 866
3 660 507 726
3 1373 654 1366
3 654 587 1366
3 1366 557 1373
3 1765 661 2367
3 2204 662 2217
3 2197 662 2204
3 2207 662 2197
3 664 479 666
3 2245 664 666
3 666 479 665
3 479 290 665
3 1670 667 2302
3 2302 667 668
3 426 348 668
3 668 348 2302
3 2304 669 2303
3 669 354 355
3 2305 354 670
3 2307 433 671
3 2307 671 2306
3 2305 670 671
3 2307 365 672
3 2309 673 2308
3 2308 673 2335
3 2309 381 674
3 2310 388 675
3 2333 388 2310
3 2311 395 396
3 1953 676 2311
3 396 387 1718
3 395 387 396
3 676 395 2311
3 678 405 677
3 678 677 679
3 527 525 679
3 679 588 678
3 525 308 679
3 677 527 679
3 682 663 680
3 680 529 681
3 663 529 680
3 680 677 682
3 1473 460 683
3 2408 235 684
3 684 235 2371
3 2433 686 847
3 847 685 2433
3 871 685 847
3 847 686 894
3 859 687 876
3 687 658 876
3 1367 658 687
3 801 688 689
3 689 688 3170
3 690 650 2272
3 650 457 2272
3 690 295 1755
3 2272 295 690
3 691 646 692
3 692 583 691
3 1345 693 1489
3 1356 693 1345
3 694 687 695
3 1367 687 694
3 1612 694 695
3 695 253 1612
3 695 687 870
3 705 696 697
3 697 696 730
3 1434 698 1431
3 1431 698 742
3 1440 699 1432
3 782 740 761
3 782 761 1429
3 751 701 1418
3 1419 755 922
3 922 755 1405
3 1411 701 919
3 1411 919 1406
3 1427 703 752
3 1419 703 1427
3 762 704 947
3 1433 704 1441
3 1441 704 762
3 1431 934 945
3 1431 945 1440
3 743 705 1438
3 1438 705 750
3 1420 707 744
3 922 707 1419
3 707 703 1419
3 1418 701 1421
3 1421 701 702
3 1422 708 1426
3 751 708 1422
3 745 709 1408
3 923 741 1415
3 1428 710 1416
3 1416 710 924
3 1416 924 1407
3 712 711 920
3 719 712 767
3 719 711 712
3 1587 749 1599
3 1595 749 1587
3 915 713 925
3 781 718 764
3 1589 759 1584
3 1584 714 1589
3 766 724 780
3 1590 715 1585
3 915 716 916
3 925 716 915
3 734 717 1593
3 909 732 916
3 1594 718 747
3 1413 717 1598
3 1588 720 908
3 720 714 746
3 1589 714 720
3 763 724 766
3 748 724 763
3 758 721 766
3 722 715 723
3 723 715 1590
3 735 723 1590
3 908 720 754
3 763 553 748
3 725 721 760
3 763 721 725
3 726 722 723
3 723 660 726
3 756 660 723
3 727 720 746
3 754 720 727
3 551 458 727
3 1597 728 780
3 1436 729 1435
3 947 704 946
3 1427 730 1421
3 1432 699 731
3 731 697 1432
3 1413 711 1593
3 1412 711 1413
3 1587 732 1586
3 768 733 1592
3 1591 732 909
3 1585 715 734
3 737 735 1586
3 756 735 737
3 1586 735 1587
3 736 722 760
3 736 715 722
3 734 715 736
3 739 737 1359
3 1588 911 1591
3 760 722 738
3 738 722 726
3 756 737 739
3 739 660 756
3 911 908 1359
3 908 552 1359
3 740 709 1423
3 741 700 1596
3 1415 741 781
3 781 741 1596
3 1597 700 728
3 742 698 1429
3 729 708 743
3 1435 729 743
3 707 706 744
3 1426 709 745
3 1426 745 1422
3 746 724 748
3 780 724 746
3 916 716 917
3 747 718 781
3 1596 747 781
3 753 553 1357
3 748 553 753
3 767 749 1595
3 750 705 1430
3 1449 750 1430
3 1439 708 751
3 1423 729 1436
3 752 703 1434
3 1440 752 1434
3 753 551 727
3 748 727 746
3 753 727 748
3 727 458 754
3 1421 755 1427
3 1427 755 1419
3 1414 1413 1598
3 758 734 736
3 1589 720 1588
3 760 721 736
3 736 721 758
3 738 263 760
3 760 263 725
3 761 740 1423
3 1441 762 1437
3 554 553 725
3 725 553 763
3 1414 700 741
3 1598 700 1414
3 764 716 925
3 718 716 764
3 765 758 766
3 765 728 1598
3 1590 1585 1595
3 1585 719 1595
3 766 721 763
3 756 723 735
3 767 712 768
3 768 749 767
3 1592 749 768
3 4889 452 1516
3 1536 769 1538
3 1537 769 770
3 1538 769 1537
3 772 652 653
3 772 653 771
3 653 652 2419
3 774 547 1353
3 773 547 774
3 1380 773 774
3 1380 774 775
3 1380 775 1381
3 1353 547 548
3 1353 548 776
3 776 548 1346
3 778 777 1536
3 2438 777 778
3 895 686 873
3 894 686 895
3 873 779 895
3 746 714 780
3 781 764 1407
3 744 710 1425
3 924 710 744
3 1425 710 782
3 1536 444 783
3 783 769 1536
3 1481 769 783
3 803 787 802
3 803 87 787
3 204 197 207
3 506 486 797
3 786 486 506
3 786 130 486
3 787 84 795
3 802 787 795
3 2395 169 174
3 788 157 169
3 788 169 2395
3 789 130 786
3 789 59 130
3 790 59 789
3 790 123 791
3 1335 791 1334
3 791 30 1334
3 791 23 790
3 2367 661 792
3 792 661 4990
3 2389 195 206
3 195 166 196
3 2391 794 2387
3 2390 794 2391
3 795 77 807
3 2386 77 795
3 797 486 683
3 683 486 796
3 797 273 798
3 798 506 797
3 828 506 798
3 798 272 828
3 799 270 276
3 276 270 2188
3 800 630 688
3 800 688 801
3 801 286 800
3 802 76 162
3 802 162 803
3 803 162 175
3 803 175 1336
3 177 74 804
3 806 183 805
3 806 805 1339
3 1339 185 806
3 153 76 807
3 1338 185 1339
3 808 185 1338
3 1338 175 808
3 1336 175 1338
3 2472 1647 1757
3 113 9 62
3 1758 810 1769
3 1769 1636 1758
3 1769 810 811
3 1769 811 1770
3 1770 811 1771
3 812 309 1771
3 2234 305 309
3 2234 309 812
3 2210 581 813
3 2210 813 1772
3 2380 814 2210
3 2475 2370 4275
3 816 503 796
3 504 503 816
3 816 508 817
3 508 19 817
3 817 19 818
3 818 142 817
3 818 97 819
3 121 97 818
3 819 97 820
3 97 8 820
3 820 8 821
3 821 12 820
3 821 138 913
3 815 146 822
3 2369 823 2371
3 2369 497 823
3 1581 824 1474
3 1474 824 1580
3 1534 1483 2457
3 2454 826 1485
3 2421 1600 2403
3 2403 2312 2421
3 1573 827 1486
3 834 827 1573
3 828 275 799
3 1549 829 1511
3 2320 1561 2451
3 866 831 891
3 1570 831 866
3 886 831 885
3 1496 832 882
3 2424 833 2408
3 1486 880 1574
3 1515 835 1556
3 836 832 883
3 882 832 836
3 837 555 878
3 875 837 878
3 875 659 837
3 865 838 2423
3 2423 838 879
3 851 840 852
3 851 839 840
3 840 839 1609
3 840 229 852
3 895 840 1614
3 895 229 840
3 841 229 779
3 842 229 841
3 849 842 853
3 845 236 1493
3 1493 844 845
3 2314 846 1493
3 1493 236 2314
3 903 844 846
3 846 844 1493
3 848 847 894
3 871 847 848
3 855 851 852
3 855 850 851
3 855 852 856
3 852 229 842
3 856 842 849
3 852 842 856
3 899 854 898
3 900 854 899
3 854 260 850
3 900 260 854
3 898 854 855
3 898 856 896
3 854 850 855
3 898 855 856
3 870 859 892
3 892 861 870
3 876 858 859
3 859 858 892
3 870 687 859
3 863 860 864
3 861 860 863
3 861 556 860
3 864 862 863
3 872 862 864
3 860 445 864
3 1576 838 865
3 1576 865 884
3 866 659 1571
3 1570 866 1571
3 867 555 837
3 867 837 891
3 863 862 868
3 869 863 868
3 869 861 863
3 870 861 869
3 869 695 870
3 869 253 695
3 868 253 869
3 871 848 2187
3 872 446 871
3 864 446 872
3 872 871 2187
3 864 445 446
3 779 229 895
3 875 874 1487
3 878 874 875
3 1487 827 875
3 891 858 867
3 867 858 876
3 882 877 2315
3 875 827 834
3 834 659 875
3 1577 826 879
3 1487 578 880
3 880 578 1556
3 1574 835 2458
3 2458 835 2421
3 1558 877 1557
3 2317 877 1558
3 882 836 1557
3 1557 877 882
3 1514 883 2422
3 1575 884 2427
3 2427 494 885
3 885 494 887
3 886 885 887
3 887 227 886
3 893 886 888
3 893 831 886
3 886 227 888
3 888 227 556
3 823 211 889
3 858 831 893
3 891 831 858
3 888 861 892
3 888 556 861
3 893 888 892
3 892 858 893
3 856 849 896
3 896 857 898
3 898 857 899
3 897 843 845
3 897 845 899
3 899 857 897
3 899 845 900
3 900 844 901
3 845 844 900
3 902 901 903
3 905 261 902
3 902 261 901
3 901 844 903
3 577 576 905
3 902 577 905
3 903 577 902
3 904 576 906
3 905 576 904
3 906 576 1365
3 1382 906 1365
3 1369 906 1382
3 754 552 908
3 1588 908 911
3 1591 757 1588
3 2317 255 1492
3 1351 693 910
3 1352 693 1351
3 1359 737 911
3 911 737 1586
3 1591 911 1586
3 69 58 62
3 4126 913 914
3 10 9 914
3 809 9 10
3 914 113 4126
3 912 822 3405
3 1592 915 916
3 1592 733 915
3 1599 732 1587
3 1592 916 1599
3 1409 745 1408
3 918 745 1409
3 1410 918 1409
3 1406 918 1410
3 919 918 1406
3 1406 712 920
3 1406 920 1411
3 755 702 921
3 921 702 1411
3 1405 755 921
3 923 922 1405
3 922 706 707
3 923 706 922
3 924 706 1415
3 1416 764 925
3 1416 925 1417
3 925 713 1417
3 1464 943 1456
3 943 926 1456
3 1456 1455 1464
3 1455 927 1015
3 1015 927 928
3 1015 928 1021
3 928 927 939
3 1016 928 1463
3 1463 928 939
3 938 929 936
3 1444 929 938
3 1460 930 1466
3 1466 930 1467
3 1452 931 1459
3 1459 931 948
3 1052 932 1465
3 1448 731 949
3 1448 949 1442
3 1453 933 1458
3 937 934 1437
3 935 934 937
3 1444 938 1458
3 1458 935 1444
3 936 929 1050
3 1467 936 1050
3 1446 943 1464
3 1464 942 1446
3 1462 942 1464
3 1437 762 937
3 937 762 1066
3 1445 937 1066
3 938 936 1463
3 1458 939 1457
3 1457 1453 1458
3 940 750 1449
3 1447 750 940
3 942 931 1446
3 1461 940 1446
3 1446 931 1461
3 1020 941 1455
3 1455 941 1462
3 1464 1455 1462
3 1462 932 942
3 1442 926 944
3 944 926 943
3 944 943 1446
3 1443 699 945
3 935 933 1443
3 1454 1450 1452
3 1454 1452 1459
3 1451 946 1447
3 947 946 1451
3 1450 947 1451
3 1466 948 1460
3 731 699 949
3 949 933 1442
3 1451 1447 1461
3 1316 950 967
3 972 951 957
3 953 952 985
3 1311 953 1044
3 1159 954 995
3 995 984 1159
3 1160 954 994
3 994 954 989
3 1260 955 1261
3 1069 956 1322
3 1322 976 1069
3 1061 956 1069
3 957 951 958
3 958 951 1315
3 977 959 1067
3 1067 959 973
3 1325 960 1327
3 1053 960 1325
3 967 950 1309
3 985 978 1310
3 978 961 1310
3 1304 1296 1306
3 1293 962 1022
3 997 963 990
3 1051 958 1314
3 964 958 1051
3 1314 958 1315
3 964 957 958
3 1321 957 964
3 1322 965 966
3 1322 966 976
3 1031 978 1309
3 1064 1031 1309
3 985 952 967
3 985 967 1309
3 1064 950 992
3 1014 968 1307
3 1047 968 1014
3 1307 968 1300
3 1298 969 1305
3 1261 955 1312
3 970 960 1053
3 1067 970 1053
3 1028 959 1318
3 1308 972 1320
3 1308 971 972
3 972 957 1320
3 973 959 1028
3 1033 973 1061
3 1067 973 974
3 974 973 1033
3 974 970 1067
3 1001 960 1018
3 976 975 1069
3 1021 966 1010
3 976 966 1021
3 1330 1259 1263
3 1330 1263 1329
3 1319 959 977
3 1319 977 1324
3 1100 1060 1092
3 1060 993 1027
3 1060 1027 1092
3 1295 962 1038
3 1058 980 1046
3 1046 980 984
3 984 980 1159
3 982 963 969
3 969 963 1305
3 1302 982 1299
3 982 969 1299
3 1064 992 1296
3 1311 984 1063
3 1044 984 1311
3 1056 986 1065
3 1026 1025 1100
3 1026 961 1025
3 1099 988 1057
3 1099 987 1030
3 1030 987 1043
3 1030 988 1099
3 999 994 996
3 1303 989 998
3 997 989 1303
3 990 963 982
3 990 982 996
3 996 982 1024
3 1147 991 1058
3 1306 992 1013
3 1095 993 1060
3 1025 961 1055
3 1296 992 1306
3 1292 1007 1012
3 1037 1011 1095
3 1097 1037 1095
3 1301 1211 1295
3 994 989 990
3 1063 984 995
3 994 990 996
3 999 996 1326
3 1228 963 997
3 1328 1000 1327
3 989 954 998
3 1160 994 999
3 1002 999 1000
3 1292 1000 1328
3 1000 999 1326
3 1040 1001 1019
3 1045 1002 1292
3 1160 1002 1006
3 1006 995 1160
3 1159 980 1003
3 1005 1004 1042
3 987 983 1005
3 1063 995 1006
3 993 983 1027
3 1027 983 987
3 1105 979 1055
3 1055 981 1105
3 1328 1007 1292
3 1292 1012 1045
3 1063 1008 1313
3 1063 1006 1008
3 1009 964 1029
3 965 964 1009
3 1029 964 1051
3 1010 966 1009
3 966 965 1009
3 1029 1008 1045
3 1054 1008 1051
3 1051 1008 1029
3 1034 1011 1083
3 1048 1010 1012
3 1010 1009 1012
3 971 951 972
3 1316 951 971
3 1329 951 1316
3 1307 1013 1318
3 1319 1014 1307
3 1047 1014 1324
3 1048 941 1020
3 1020 1015 1021
3 1021 1010 1020
3 1021 975 976
3 1016 975 1021
3 1021 928 1016
3 1033 1016 1017
3 1017 1016 1463
3 1068 974 1017
3 1017 974 1033
3 1018 930 1460
3 1052 1001 1018
3 1052 1018 1460
3 1040 941 1048
3 1019 941 1040
3 1465 941 1019
3 1020 1010 1048
3 1034 993 1011
3 1085 1034 1083
3 1262 1023 1264
3 1062 1023 1262
3 1024 982 1302
3 1323 1024 1302
3 1055 961 978
3 1310 961 1026
3 1046 1026 1098
3 1092 1027 1099
3 1147 1096 1157
3 1308 1028 1318
3 1045 1012 1029
3 1032 1031 1064
3 1093 988 1030
3 1093 979 988
3 1093 1030 1037
3 1036 1003 1158
3 1152 1036 1158
3 1032 981 1031
3 1011 993 1095
3 1033 975 1016
3 1018 960 970
3 1071 983 1034
3 1034 983 993
3 1071 1034 1085
3 1058 1046 1098
3 1039 1036 1152
3 1305 963 1228
3 1038 962 1032
3 1103 1022 1070
3 1070 1039 1152
3 1103 1070 1152
3 990 989 997
3 1048 1007 1040
3 1083 1011 1042
3 1083 1042 1072
3 1059 1004 1005
3 1041 1004 1059
3 1043 1005 1042
3 1042 1004 1072
3 1037 1030 1043
3 1096 979 1105
3 1157 1096 1105
3 1310 1026 1044
3 1044 1026 1046
3 1006 1002 1045
3 1008 1006 1045
3 1005 983 1059
3 1059 983 1071
3 1046 984 1044
3 1323 1047 1324
3 1302 1047 1323
3 1325 1049 1053
3 1050 929 1454
3 1467 1050 1466
3 1068 930 974
3 970 930 1018
3 1019 1001 1052
3 1465 1019 1052
3 1324 977 1049
3 1049 977 1053
3 1264 1023 1263
3 1263 1023 1315
3 1013 992 1317
3 1312 1062 1261
3 1312 1054 1062
3 1293 981 1032
3 1056 997 1303
3 1294 1039 1210
3 1055 978 981
3 981 978 1031
3 1098 1057 1058
3 1058 1057 1147
3 991 980 1058
3 1094 1060 1100
3 1061 973 1028
3 1061 975 1033
3 1069 975 1061
3 1061 1028 1320
3 1320 956 1061
3 1261 1062 1262
3 1311 1063 1313
3 1043 987 1005
3 1296 1032 1064
3 1038 1032 1296
3 1042 1037 1043
3 1301 1065 1211
3 1065 986 1211
3 1053 977 1067
3 1042 1011 1037
3 974 930 970
3 1210 986 1294
3 1303 986 1056
3 1294 986 1303
3 1204 1039 1070
3 1078 1059 1071
3 1078 1041 1059
3 1078 1071 1077
3 1077 1071 1085
3 1072 1004 1041
3 1073 1041 1078
3 1075 1074 1076
3 1089 1074 1081
3 1076 1074 1082
3 1079 1074 1075
3 1091 1074 1079
3 1077 1076 1078
3 1090 1076 1077
3 1090 1075 1076
3 1076 1073 1078
3 1082 1073 1076
3 1080 1075 1090
3 1079 1075 1080
3 1088 1079 1080
3 1090 1077 1084
3 1084 1077 1085
3 1088 1081 1091
3 1082 1074 1089
3 1083 1072 1084
3 1085 1083 1084
3 1090 1084 1086
3 1086 1080 1090
3 1086 1041 1073
3 1072 1041 1086
3 1086 1082 1087
3 1086 1073 1082
3 1088 1087 1089
3 1087 1080 1086
3 1084 1072 1086
3 1088 1080 1087
3 1087 1082 1089
3 1089 1081 1088
3 1091 1079 1088
3 1081 1074 1091
3 1100 1092 1098
3 1098 1026 1100
3 1093 1037 1097
3 1095 1094 1097
3 1094 1025 1097
3 1100 1025 1094
3 1095 1060 1094
3 1147 1057 1096
3 1057 988 1096
3 1097 979 1093
3 1025 979 1097
3 1055 979 1025
3 1092 1057 1098
3 988 979 1096
3 1099 1057 1092
3 1027 987 1099
3 1115 1101 1123
3 1121 1102 1112
3 1154 1102 1121
3 1116 1112 1122
3 1120 1115 1123
3 1104 981 1293
3 1105 981 1104
3 1105 1104 1150
3 1157 1105 1150
3 1113 1106 1156
3 1107 1104 1293
3 1293 1022 1107
3 1148 1124 1153
3 1153 1120 1123
3 1123 1122 1153
3 1113 1108 1109
3 1109 1108 1119
3 1108 1101 1119
3 1116 1101 1108
3 1120 1110 1111
3 1111 1110 1139
3 1138 1111 1139
3 1120 1111 1115
3 1116 1108 1156
3 1156 1112 1116
3 1121 1112 1156
3 1148 1106 1113
3 1113 1109 1148
3 1114 1103 1106
3 1107 1103 1114
3 1114 1106 1148
3 1115 1111 1125
3 1124 1120 1153
3 1123 1101 1116
3 1139 1110 1118
3 1126 1118 1119
3 1118 1117 1119
3 1124 1109 1117
3 1118 1110 1117
3 1148 1109 1124
3 1125 1111 1138
3 1155 1152 1158
3 1158 1121 1155
3 1119 1101 1115
3 1119 1115 1125
3 1151 1102 1150
3 1112 1102 1151
3 1122 1112 1151
3 1123 1116 1122
3 1117 1109 1119
3 1117 1110 1124
3 1124 1110 1120
3 1126 1119 1125
3 1126 1125 1130
3 1130 1125 1138
3 1140 1118 1126
3 1139 1118 1140
3 1140 1126 1136
3 1128 1127 1145
3 1145 1129 1146
3 1141 1128 1146
3 1146 1128 1145
3 1132 1128 1136
3 1136 1130 1132
3 1132 1130 1131
3 1132 1127 1128
3 1131 1127 1132
3 1136 1128 1141
3 1136 1126 1130
3 1145 1127 1134
3 1134 1133 1145
3 1134 1127 1144
3 1144 1127 1131
3 1131 1130 1138
3 1142 1141 1146
3 1143 1137 1146
3 1139 1135 1138
3 1144 1131 1135
3 1140 1135 1139
3 1135 1131 1138
3 1140 1136 1141
3 1144 1140 1141
3 1144 1141 1142
3 1144 1135 1140
3 1146 1137 1142
3 1143 1129 1137
3 1142 1134 1144
3 1137 1134 1142
3 1137 1133 1134
3 1137 1129 1133
3 1133 1129 1145
3 1146 1129 1143
3 1157 1102 1154
3 1154 1147 1157
3 1150 1104 1149
3 1151 1149 1153
3 1150 1149 1151
3 1153 1122 1151
3 1155 1103 1152
3 1149 1104 1107
3 1149 1107 1114
3 1149 1114 1148
3 1149 1148 1153
3 1154 991 1147
3 1158 991 1154
3 1154 1121 1158
3 1106 1103 1155
3 1107 1022 1103
3 1121 1106 1155
3 1156 1106 1121
3 1156 1108 1113
3 1150 1102 1157
3 1003 991 1158
3 1003 980 991
3 1003 998 1159
3 1036 998 1003
3 998 954 1159
3 995 954 1160
3 1160 999 1002
3 1173 1169 1178
3 1162 1161 1172
3 1180 1168 1204
3 1178 1162 1173
3 1209 962 1295
3 1163 962 1209
3 1180 1022 1163
3 1022 962 1163
3 1170 1164 1179
3 1167 1164 1212
3 1173 1162 1172
3 1205 1165 1173
3 1212 1161 1167
3 1176 1166 1184
3 1172 1161 1212
3 1178 1169 1174
3 1174 1169 1184
3 1170 1168 1212
3 1212 1168 1172
3 1204 1168 1170
3 1179 1164 1171
3 1205 1164 1167
3 1171 1164 1205
3 1179 1171 1208
3 1182 1162 1178
3 1182 1174 1183
3 1184 1169 1176
3 1177 1166 1176
3 1177 1176 1181
3 1176 1169 1181
3 1184 1166 1197
3 1167 1165 1205
3 1181 1165 1167
3 1177 1161 1162
3 1182 1166 1177
3 1178 1174 1182
3 1210 1170 1179
3 1179 986 1210
3 1177 1162 1182
3 1206 1168 1180
3 1173 1172 1206
3 1172 1168 1206
3 1181 1161 1177
3 1167 1161 1181
3 1169 1165 1181
3 1173 1165 1169
3 1175 1166 1182
3 1183 1175 1182
3 1197 1166 1175
3 1193 1185 1188
3 1188 1185 1186
3 1194 1186 1201
3 1188 1186 1194
3 1191 1186 1187
3 1186 1185 1187
3 1193 1188 1189
3 1189 1175 1183
3 1190 1185 1193
3 1187 1185 1190
3 1198 1175 1188
3 1188 1175 1189
3 1202 1187 1190
3 1191 1187 1202
3 1192 1190 1193
3 1193 1189 1192
3 1192 1183 1196
3 1189 1183 1192
3 1198 1188 1194
3 1195 1194 1201
3 1183 1174 1196
3 1196 1184 1197
3 1196 1174 1184
3 1199 1192 1196
3 1200 1192 1199
3 1199 1197 1198
3 1197 1175 1198
3 1198 1194 1200
3 1199 1198 1200
3 1199 1196 1197
3 1200 1195 1202
3 1200 1194 1195
3 1202 1195 1201
3 1200 1190 1192
3 1202 1190 1200
3 1202 1201 1203
3 1203 1191 1202
3 1203 1186 1191
3 1201 1186 1203
3 1208 1171 1209
3 1205 1173 1206
3 1207 1205 1206
3 1180 1163 1207
3 1206 1180 1207
3 1208 986 1179
3 1171 1163 1209
3 1207 1171 1205
3 1207 1163 1171
3 1204 1170 1210
3 1210 1039 1204
3 1211 986 1208
3 1212 1164 1170
3 1070 1022 1180
3 1204 1070 1180
3 1222 1065 1214
3 1223 1215 1220
3 1254 1219 1231
3 1301 1216 1230
3 1219 1217 1218
3 1252 1216 1256
3 1219 1218 1229
3 1218 1213 1229
3 1229 1213 1223
3 1243 1220 1224
3 1224 1220 1231
3 1214 1213 1221
3 1222 1214 1221
3 1221 1213 1218
3 1222 1221 1251
3 1254 1217 1219
3 1255 1217 1252
3 1220 1215 1231
3 1223 1220 1227
3 1231 1215 1254
3 1223 1213 1215
3 1229 1225 1226
3 1233 1225 1238
3 1226 1225 1233
3 1233 1224 1226
3 1226 1224 1231
3 1229 1223 1225
3 1227 1220 1243
3 1228 997 1251
3 1255 1228 1251
3 1225 1223 1227
3 1238 1225 1227
3 1253 1214 1230
3 1214 1065 1230
3 1253 1213 1214
3 1215 1213 1253
3 1226 1219 1229
3 1231 1219 1226
3 1238 1227 1232
3 1232 1227 1243
3 1242 1233 1238
3 1245 1233 1242
3 1242 1236 1246
3 1238 1236 1242
3 1240 1235 1236
3 1237 1235 1240
3 1250 1235 1241
3 1237 1234 1241
3 1241 1235 1237
3 1236 1232 1240
3 1238 1232 1236
3 1249 1234 1237
3 1249 1237 1240
3 1249 1240 1244
3 1239 1234 1249
3 1240 1232 1244
3 1244 1232 1243
3 1241 1234 1239
3 1236 1235 1246
3 1248 1235 1250
3 1246 1235 1248
3 1245 1224 1233
3 1243 1224 1245
3 1244 1243 1245
3 1247 1242 1246
3 1247 1246 1248
3 1247 1244 1245
3 1245 1242 1247
3 1249 1247 1248
3 1250 1239 1248
3 1241 1239 1250
3 1249 1244 1247
3 1248 1239 1249
3 1222 1056 1065
3 1252 1217 1254
3 1254 1215 1253
3 1254 1230 1252
3 1253 1230 1254
3 1230 1216 1252
3 1255 1252 1256
3 1251 1056 1222
3 1251 997 1056
3 1251 1221 1255
3 1221 1217 1255
3 1218 1217 1221
3 1230 1065 1301
3 1261 1257 1260
3 1330 1258 1259
3 1259 1258 1284
3 1260 1258 1330
3 1267 1258 1260
3 1282 1258 1267
3 1262 1257 1261
3 1260 1257 1267
3 1265 1257 1262
3 1264 1259 1266
3 1263 1259 1264
3 1266 1259 1284
3 1266 1262 1264
3 1265 1262 1266
3 1274 1265 1277
3 1277 1265 1266
3 1277 1266 1284
3 1274 1257 1265
3 1267 1257 1274
3 1285 1267 1274
3 1282 1267 1286
3 1274 1268 1285
3 1273 1269 1281
3 1281 1269 1270
3 1270 1269 1291
3 1280 1270 1278
3 1281 1270 1280
3 1275 1269 1271
3 1272 1271 1277
3 1277 1271 1274
3 1275 1271 1272
3 1291 1269 1275
3 1273 1268 1271
3 1271 1269 1273
3 1271 1268 1274
3 1289 1270 1291
3 1288 1275 1283
3 1291 1275 1288
3 1283 1272 1276
3 1275 1272 1283
3 1291 1288 1289
3 1276 1272 1277
3 1284 1276 1277
3 1290 1273 1281
3 1281 1280 1290
3 1279 1273 1290
3 1279 1268 1273
3 1284 1258 1282
3 1282 1276 1284
3 1286 1276 1282
3 1283 1276 1286
3 1286 1267 1285
3 1287 1268 1279
3 1285 1268 1287
3 1286 1285 1287
3 1289 1279 1290
3 1287 1283 1286
3 1288 1283 1287
3 1288 1279 1289
3 1287 1279 1288
3 1290 1278 1289
3 1280 1278 1290
3 1278 1270 1289
3 1002 1000 1292
3 1211 1208 1209
3 1032 962 1293
3 1294 1036 1039
3 1294 998 1036
3 1303 998 1294
3 1211 1209 1295
3 1295 1035 1301
3 1304 1038 1296
3 1304 1035 1038
3 1305 1256 1297
3 1256 1216 1297
3 1305 1297 1298
3 1299 969 1298
3 1300 968 1299
3 1299 1298 1300
3 1300 1298 1306
3 1298 1297 1304
3 1297 1035 1304
3 1301 1035 1216
3 1306 1013 1300
3 1302 968 1047
3 1299 968 1302
3 1038 1035 1295
3 1216 1035 1297
3 1256 1228 1255
3 1305 1228 1256
3 1306 1298 1304
3 1300 1013 1307
3 1318 959 1319
3 1309 950 1064
3 992 950 1317
3 1309 978 985
3 1310 953 985
3 1044 953 1310
3 1260 952 955
3 1330 952 1260
3 955 953 1311
3 955 952 953
3 1312 1311 1313
3 1312 955 1311
3 1313 1054 1312
3 1313 1008 1054
3 1054 1051 1314
3 1062 1054 1314
3 1315 1023 1314
3 1314 1023 1062
3 971 950 1316
3 1317 950 971
3 1317 971 1308
3 1317 1308 1318
3 1318 1013 1317
3 1319 1307 1318
3 1324 1014 1319
3 1320 1028 1308
3 957 956 1320
3 1321 956 957
3 1322 956 1321
3 1321 964 965
3 1321 965 1322
3 1012 1009 1029
3 1324 1049 1323
3 1325 1024 1323
3 1323 1049 1325
3 1326 996 1024
3 1327 1000 1326
3 1326 1325 1327
3 1326 1024 1325
3 1327 960 1001
3 1327 1001 1328
3 1040 1007 1328
3 1328 1001 1040
3 1012 1007 1048
3 1329 1263 1315
3 1315 951 1329
3 1316 967 1330
3 1329 1316 1330
3 967 952 1330
3 151 148 2382
3 2382 108 151
3 151 108 1333
3 1332 151 1333
3 1624 231 1626
3 177 80 1334
3 1334 74 177
3 1334 30 74
3 1336 87 803
3 1339 1337 1338
3 1337 1336 1338
3 805 91 1339
3 1339 91 1337
3 1354 216 1340
3 1354 1340 1372
3 1372 1340 1376
3 1344 1340 1341
3 1340 216 1341
3 1376 1340 1344
3 1342 907 1358
3 1343 907 1342
3 1343 559 907
3 1341 505 1344
3 1344 505 1378
3 1355 505 507
3 1378 505 1355
3 1355 1345 1489
3 1347 551 753
3 1346 550 1347
3 1348 550 1346
3 1350 550 1348
3 1350 1348 1349
3 1349 549 1362
3 1348 549 1349
3 1343 550 1350
3 1342 550 1343
3 1350 561 1343
3 1349 561 1350
3 1358 907 1351
3 1351 907 1352
3 907 464 1352
3 910 693 1356
3 1353 776 1377
3 1377 776 1354
3 1377 1354 1372
3 1510 1355 1489
3 1355 507 1345
3 1356 660 739
3 1357 776 1346
3 1357 1346 1347
3 1347 753 1357
3 552 458 1358
3 1360 773 1380
3 1361 773 1360
3 1380 257 1360
3 1375 656 1360
3 1361 547 773
3 1362 549 1361
3 1360 656 1361
3 1363 265 1374
3 1371 265 1363
3 2442 1363 1374
3 1370 1363 2442
3 2442 262 1370
3 1382 1365 1491
3 1365 576 2323
3 1366 555 657
3 657 557 1366
3 1367 694 1379
3 1379 775 1368
3 1368 1367 1379
3 1371 904 906
3 1371 906 1369
3 1370 904 1363
3 905 904 1370
3 1363 904 1371
3 1376 575 1372
3 657 575 1376
3 1378 1355 1510
3 1510 1373 1378
3 1510 654 1373
3 1555 654 1510
3 2442 1374 1375
3 1374 656 1375
3 651 258 1523
3 2442 258 651
3 1375 258 2442
3 1376 557 657
3 1344 557 1376
3 1368 558 575
3 1372 575 1377
3 575 558 1377
3 1373 557 1378
3 1616 1610 1617
3 1381 1379 1616
3 1616 694 1610
3 1379 694 1616
3 1616 256 1381
3 1617 256 1616
3 1381 775 1379
3 1381 257 1380
3 1382 559 1369
3 559 464 907
3 1382 464 559
3 1502 1393 1503
3 1503 1390 1502
3 1387 267 1503
3 2231 1385 1391
3 1385 641 1391
3 2364 1478 1764
3 2215 1386 2243
3 1766 1386 2215
3 2231 1386 1766
3 2231 1766 2239
3 642 641 1385
3 1475 641 1387
3 1387 468 1475
3 1389 641 1475
3 1476 1393 1502
3 1477 1390 2318
3 2364 2243 2372
3 1391 641 1389
3 1391 1389 2464
3 2318 1392 2273
3 1479 468 1393
3 1480 468 1479
3 1475 468 1480
3 1394 463 2428
3 2428 1395 2459
3 1396 233 2461
3 562 233 1396
3 1397 562 1396
3 2412 1397 1398
3 2412 1398 1518
3 1400 1399 1518
3 1400 771 2432
3 771 653 2432
3 2433 1399 1400
3 2431 444 777
3 1401 444 2431
3 2430 1401 2431
3 2429 1401 2430
3 2430 1396 2429
3 2377 463 1402
3 1402 463 1403
3 1628 1403 1627
3 1404 1403 1628
3 1786 231 1472
3 1626 231 1786
3 1629 519 1628
3 1628 519 1404
3 1414 1405 1413
3 1413 1405 1412
3 768 712 1406
3 1415 706 923
3 744 706 924
3 1407 764 1416
3 1408 713 1409
3 1417 713 1408
3 733 713 915
3 1409 713 733
3 1410 733 768
3 1409 733 1410
3 1410 768 1406
3 702 701 1411
3 921 920 1412
3 920 711 1412
3 1411 920 921
3 1405 921 1412
3 1414 923 1405
3 1414 741 923
3 1415 781 1407
3 1407 924 1415
3 1428 1416 1417
3 1428 1417 1424
3 1417 1408 1424
3 782 710 1428
3 1439 751 1418
3 1418 696 1439
3 1420 698 1434
3 1434 703 1420
3 1420 703 707
3 1421 730 1418
3 730 696 1418
3 1422 745 918
3 1423 709 1426
3 1426 729 1423
3 1421 702 755
3 1424 709 740
3 1408 709 1424
3 1425 698 1420
3 1420 744 1425
3 1429 698 1425
3 1426 708 729
3 1422 701 751
3 919 701 1422
3 1422 918 919
3 752 730 1427
3 1428 740 782
3 1424 740 1428
3 1425 782 1429
3 705 697 1430
3 1430 731 1448
3 1430 697 731
3 1431 742 1437
3 1437 934 1431
3 1432 752 1440
3 1432 730 752
3 1429 761 1433
3 1434 1431 1440
3 1439 705 743
3 743 708 1439
3 1447 946 1438
3 1438 946 1435
3 1436 761 1423
3 1433 761 1436
3 1436 704 1433
3 1432 697 730
3 1437 742 1441
3 1435 743 1438
3 1438 750 1447
3 1439 696 705
3 1435 704 1436
3 946 704 1435
3 945 699 1440
3 1441 1429 1433
3 1441 742 1429
3 1453 926 1442
3 949 699 1443
3 1443 933 949
3 1445 929 1444
3 1444 937 1445
3 1444 935 937
3 1443 934 935
3 945 934 1443
3 1454 929 1445
3 1446 940 944
3 1447 940 1461
3 1448 944 1449
3 1442 944 1448
3 1449 1430 1448
3 944 940 1449
3 1458 933 935
3 1066 762 947
3 1066 947 1450
3 1452 1451 1461
3 1461 931 1452
3 1452 1450 1451
3 1442 933 1453
3 1445 1066 1450
3 1454 1445 1450
3 1456 927 1455
3 1455 1015 1020
3 1457 927 1456
3 1457 926 1453
3 1456 926 1457
3 939 927 1457
3 939 938 1463
3 1458 938 939
3 1463 936 1068
3 1459 1050 1454
3 1466 1050 1459
3 948 932 1460
3 1460 932 1052
3 942 932 948
3 948 931 942
3 1068 936 1467
3 1462 941 1465
3 1068 1017 1463
3 1465 932 1462
3 1459 948 1466
3 1467 930 1068
3 1468 460 502
3 824 246 1469
3 1469 246 1468
3 1583 1552 2366
3 1473 209 496
3 1470 209 1471
3 496 209 1470
3 1471 498 1470
3 498 232 499
3 1471 232 498
3 1472 499 1623
3 499 232 1623
3 1473 496 502
3 502 460 1473
3 1535 1474 2373
3 1535 825 1474
3 2373 1474 1580
3 1480 215 1475
3 1475 215 1389
3 1502 266 1476
3 1501 1477 2273
3 1389 215 311
3 1389 311 2464
3 2364 447 1478
3 1479 1393 1476
3 1476 571 1479
3 1479 574 1480
3 2464 1481 2418
3 2273 1392 1482
3 1482 459 2273
3 2321 1552 2374
3 2374 1551 2321
3 2373 1483 1534
3 1484 1483 2376
3 2434 1484 1579
3 2454 1485 2434
3 1486 827 880
3 880 827 1487
3 874 578 1487
3 1488 578 874
3 1488 654 1555
3 1510 1490 1555
3 1510 1489 1490
3 1489 693 1490
3 1490 693 1352
3 1490 1352 2322
3 1352 464 2322
3 1491 1365 2323
3 1492 255 2323
3 2317 846 2314
3 1492 846 2317
3 2315 1494 2313
3 2314 236 1494
3 1494 236 1495
3 2313 1494 1495
3 1496 248 1497
3 2313 248 1496
3 1498 248 2406
3 1497 248 1498
3 2289 1499 1547
3 2450 1499 2289
3 239 238 1500
3 1547 239 1500
3 1500 238 1501
3 1501 238 266
3 1501 266 1477
3 1477 266 1502
3 1502 1390 1477
3 2340 1390 1503
3 2326 267 268
3 2326 268 2319
3 810 466 1505
3 1507 280 1758
3 1506 811 1505
3 2375 1759 2365
3 1508 283 2466
3 1507 1504 2319
3 1506 310 2235
3 2375 283 1508
3 1758 280 810
3 1757 293 2319
3 1647 293 1757
3 2319 1504 1757
3 2322 464 1491
3 1549 1511 1565
3 2453 1513 1532
3 1562 1514 2422
3 1514 836 883
3 1568 836 1514
3 1556 881 1515
3 1515 881 1563
3 2453 234 2403
3 1607 1516 1566
3 1517 771 1400
3 1517 1400 1518
3 2437 1517 1518
3 1518 1398 2437
3 772 563 652
3 1519 563 772
3 772 771 1517
3 1519 1517 2441
3 1521 563 1519
3 1519 772 1517
3 1525 244 564
3 1520 563 1521
3 564 563 1520
3 652 563 564
3 1525 564 1520
3 245 244 1524
3 1528 245 1524
3 1528 1524 1527
3 1524 244 1525
3 1524 1364 1522
3 1525 1364 1524
3 1524 1522 1527
3 1529 474 1528
3 476 474 1529
3 2447 1526 1529
3 1528 1527 2447
3 1529 1528 2447
3 474 245 1528
3 1529 250 476
3 1526 250 1529
3 1530 250 1526
3 2435 250 1530
3 2435 1530 1531
3 2435 1531 2436
3 1532 830 2417
3 2452 1532 2417
3 1532 234 2453
3 1533 1512 1550
3 2373 1534 1535
3 1535 1534 1551
3 1582 825 2374
3 1538 778 1536
3 777 444 1536
3 1540 565 1538
3 1538 565 778
3 1538 1537 1540
3 1543 243 1539
3 1539 219 1540
3 243 219 1539
3 1539 223 1543
3 1540 223 1539
3 1537 223 1540
3 1545 1541 1542
3 1541 242 243
3 1545 242 1541
3 1541 572 1542
3 1543 572 1541
3 1541 243 1543
3 1544 473 1545
3 1546 473 1544
3 1545 1542 1544
3 1542 471 1544
3 1546 239 1547
3 1547 1499 1546
3 471 239 1544
3 1544 239 1546
3 2289 1547 1548
3 1547 1500 1548
3 2320 829 1549
3 2320 1549 1561
3 1561 1549 1567
3 1602 1550 1567
3 1602 294 1601
3 1534 240 1551
3 2321 452 1552
3 1474 825 1553
3 1553 825 1582
3 2322 1491 1554
3 2322 1554 1569
3 1569 1488 1555
3 1491 255 1554
3 2323 255 1491
3 2316 881 1556
3 1557 836 1568
3 1559 255 1558
3 1569 1554 1559
3 1558 881 1559
3 1565 1511 1560
3 1567 1512 1561
3 1561 1512 2452
3 2422 1513 1562
3 1564 1514 1562
3 1568 1514 1564
3 1568 1515 1563
3 1564 1515 1568
3 1564 1562 1600
3 1600 1513 2453
3 1567 1565 1602
3 1565 1560 1566
3 1602 1565 1566
3 1566 1560 1607
3 1533 1532 2452
3 2452 1512 1533
3 1550 1512 1567
3 1567 1549 1565
3 1563 1557 1568
3 1563 881 1558
3 1558 1557 1563
3 1569 1559 2316
3 1554 255 1559
3 1575 1570 1571
3 885 831 1570
3 1575 1571 1576
3 1571 218 1576
3 1576 218 1572
3 1577 1572 1573
3 1573 218 834
3 1572 218 1573
3 1573 1486 1578
3 1578 1486 1574
3 1576 884 1575
3 2427 1570 1575
3 2427 885 1570
3 1572 838 1576
3 879 838 1577
3 1577 838 1572
3 1578 826 1577
3 1577 1573 1578
3 1579 1484 2376
3 1579 259 833
3 1580 824 2363
3 1581 246 824
3 1581 1474 1553
3 275 272 1553
3 1553 272 1581
3 1582 275 1553
3 1582 270 275
3 1583 270 1582
3 501 270 1583
3 4081 501 4697
3 759 747 1584
3 780 728 765
3 780 765 766
3 1585 734 1593
3 1595 1587 1590
3 1587 735 1590
3 1588 757 1589
3 1589 757 759
3 765 717 758
3 758 717 734
3 1597 714 1584
3 780 714 1597
3 909 757 1591
3 1586 732 1591
3 728 700 1598
3 1593 717 1413
3 1593 719 1585
3 1593 711 719
3 1594 747 759
3 1598 717 765
3 1595 719 767
3 1596 700 1597
3 917 716 718
3 917 718 1594
3 1597 747 1596
3 1584 747 1597
3 917 909 916
3 916 732 1599
3 1599 749 1592
3 917 757 909
3 759 757 1594
3 1594 757 917
3 1564 835 1515
3 2421 835 1564
3 2421 1564 1600
3 2403 1600 2453
3 240 234 1533
3 1601 240 1533
3 1601 1533 1550
3 1601 1550 1602
3 1566 294 1602
3 1606 1482 4105
3 1603 1392 1763
3 2472 1604 1647
3 4103 1604 2472
3 1763 1384 1388
3 1560 1511 1606
3 1608 1395 2377
3 1608 226 2455
3 1611 1610 1612
3 1610 694 1612
3 1612 253 254
3 1612 254 1611
3 253 252 254
3 1613 894 895
3 1613 895 1614
3 1614 840 1609
3 1611 1609 1615
3 1617 1610 1611
3 1617 1611 1615
3 1609 254 1614
3 1611 254 1609
3 1615 1523 1617
3 1609 839 1615
3 4126 105 913
3 1776 12 1618
3 56 12 1776
3 4122 65 1621
3 1622 105 1784
3 3405 822 2538
3 1620 65 1619
3 4122 1621 4284
3 1785 1623 1625
3 1627 1403 2470
3 1785 1472 1623
3 1623 513 1625
3 4123 201 4121
3 2470 2456 2469
3 4128 1628 4127
3 1628 1627 4127
3 1629 1628 4128
3 1786 1472 1785
3 2271 1630 2254
3 2254 465 2271
3 1631 580 2250
3 1633 1631 1634
3 1630 277 2324
3 2271 277 1630
3 1635 1630 2324
3 1632 292 2266
3 1643 1632 2324
3 1769 271 1633
3 1636 1634 1641
3 1636 1633 1634
3 1634 1631 1642
3 2324 1632 1640
3 2265 1630 1635
3 1639 292 1637
3 1637 278 1639
3 1638 689 3170
3 1639 1638 2381
3 1639 689 1638
3 2265 1635 1748
3 1640 1635 2324
3 2251 1635 1640
3 2339 1646 2325
3 2325 1641 1642
3 1641 1634 1642
3 1775 1641 2325
3 1643 277 650
3 650 279 1643
3 1643 279 1637
3 1637 1632 1643
3 1749 1644 2339
3 1750 1644 1749
3 1645 1644 1750
3 2339 1644 1646
3 1775 1646 1774
3 1774 1757 1775
3 1604 293 1647
3 1648 293 1604
3 1648 462 2326
3 2326 293 1648
3 2212 314 1649
3 1649 298 2212
3 1668 533 1650
3 1650 533 2203
3 2327 317 1651
3 1651 316 2327
3 1653 1652 1665
3 1652 315 1665
3 1664 1653 1665
3 1664 322 1653
3 2219 320 1654
3 2219 319 320
3 2219 1654 2220
3 1656 1655 2221
3 2213 1656 2221
3 1656 327 1655
3 2329 1657 1658
3 2328 1657 2329
3 2328 306 1657
3 1658 1657 1679
3 1658 592 2329
3 1670 1659 1680
3 1660 296 313
3 2330 296 1660
3 1675 325 1661
3 1661 325 1677
3 2220 1654 1662
3 1662 326 595
3 1654 326 1662
3 2237 328 1663
3 1664 407 1667
3 1665 407 1664
3 1666 408 1651
3 408 316 1651
3 1668 408 1666
3 1651 317 1666
3 1667 532 2211
3 1667 531 1664
3 2211 531 1667
3 2196 531 2211
3 1666 533 1668
3 1669 324 1670
3 1670 324 1659
3 2293 1652 1671
3 1672 1652 1653
3 1671 1652 1672
3 640 321 594
3 1673 321 640
3 1678 484 1673
3 1673 640 1678
3 2275 596 1674
3 594 321 2330
3 2331 325 1675
3 1660 313 1676
3 1676 595 1660
3 1662 595 1676
3 1677 329 1661
3 1663 329 1677
3 1678 323 1658
3 640 323 1678
3 1678 1658 1679
3 1679 484 1678
3 1659 639 1680
3 1680 639 1674
3 1674 596 1680
3 1681 380 1688
3 2309 1688 1700
3 2309 1681 1688
3 1698 674 1682
3 1698 1682 1692
3 1692 388 1698
3 1696 1683 1684
3 1684 1683 2295
3 2295 379 1684
3 1721 1685 1686
3 1685 384 1686
3 614 384 1685
3 1686 386 1691
3 1686 384 386
3 1687 1686 1691
3 1721 1686 1687
3 1688 380 416
3 1688 414 1700
3 542 414 1688
3 1688 416 542
3 543 416 1689
3 1690 543 1689
3 1691 543 1690
3 1690 1687 1691
3 1682 612 1692
3 1693 611 1694
3 1694 613 1693
3 1695 382 2297
3 2296 1683 1695
3 2295 1683 2296
3 2332 1695 2297
3 1696 1684 1697
3 1696 383 614
3 1697 383 1696
3 1684 438 1697
3 1698 388 2333
3 1681 674 1698
3 1699 371 1706
3 439 371 1699
3 1706 385 1699
3 1697 439 1699
3 1704 673 1700
3 1700 673 2309
3 611 381 1701
3 1701 381 2308
3 1702 378 1703
3 1707 1702 1703
3 1703 368 1707
3 2279 368 1703
3 541 413 1704
3 413 376 1704
3 1712 437 1705
3 1705 541 1712
3 2190 541 1705
3 1706 371 437
3 1706 435 610
3 437 435 1706
3 1707 372 1708
3 374 372 1707
3 1708 1702 1707
3 1709 378 379
3 2283 378 1709
3 1710 366 1711
3 1710 440 1713
3 1712 414 542
3 542 435 1712
3 1713 441 1701
3 611 441 1694
3 1701 441 611
3 673 376 2335
3 2335 376 1714
3 624 404 1715
3 404 392 1715
3 1715 392 1716
3 1716 617 1715
3 1717 415 2310
3 1723 415 1717
3 1718 620 626
3 1733 620 1718
3 1720 1719 2297
3 2297 382 1720
3 1731 1719 1720
3 1732 1721 1722
3 1732 1685 1721
3 1722 623 1732
3 1723 417 544
3 1717 417 1723
3 1689 415 1723
3 1725 418 616
3 1725 616 1724
3 1724 617 1726
3 1726 375 1687
3 617 375 1726
3 1726 1687 1690
3 1728 388 1692
3 1727 388 1728
3 1729 1727 1728
3 1729 618 1727
3 1729 1728 2332
3 621 390 2336
3 1719 390 621
3 2337 390 1730
3 2336 390 2337
3 1732 623 1731
3 1731 1720 1732
3 1732 615 1685
3 1720 615 1732
3 2338 675 1733
3 1733 1718 2338
3 1734 664 2245
3 2246 1734 2245
3 1735 1734 2246
3 2246 632 1735
3 2263 406 1736
3 1736 406 2252
3 1741 1737 2233
3 2248 1737 1741
3 1747 580 1740
3 1747 1740 2257
3 1746 584 1738
3 1738 586 1739
3 1740 1737 2247
3 2257 1740 2247
3 2248 1741 2238
3 1741 662 2238
3 2268 632 1742
3 2268 1742 2214
3 1743 1742 2246
3 1742 632 2246
3 485 453 2360
3 1745 666 1744
3 2245 666 1745
3 666 665 1744
3 1744 420 1745
3 665 584 1746
3 1744 665 1746
3 2263 1787 4289
3 2263 1736 1787
3 2250 1747 2265
3 2250 580 1747
3 1642 1631 2250
3 1748 1642 2250
3 2251 1749 2339
3 1750 1749 2266
3 1749 1640 2266
3 2267 1750 2266
3 2267 1645 1750
3 4780 1645 2267
3 2378 1751 1752
3 2378 481 1751
3 2378 480 481
3 1753 643 4252
3 1756 1753 4252
3 2378 1753 1756
3 2378 1756 2473
3 526 286 1755
3 1754 286 526
3 1755 285 690
3 286 285 1755
3 2472 1757 1774
3 811 810 1505
3 1771 811 1506
3 2379 1759 2375
3 1761 1508 2471
3 1773 1761 2471
3 1760 1504 1507
3 1760 1507 1758
3 1771 1506 2235
3 2235 812 1771
3 2375 1508 1761
3 1762 1509 1759
3 1503 267 2340
3 1767 462 1388
3 1388 1384 1767
3 2231 591 1385
3 1764 514 1383
3 2208 1766 2215
3 1387 641 642
3 1383 514 1765
3 642 467 1387
3 467 267 1387
3 1385 217 642
3 591 217 1385
3 1388 462 1605
3 1605 462 1648
3 2340 267 2326
3 3299 1768 4998
3 1758 1636 1760
3 1769 1633 1636
3 1770 271 1769
3 1771 579 1770
3 1771 309 579
3 2234 812 1762
3 2379 1761 2380
3 2380 2210 2379
3 2380 1761 1773
3 2380 1773 2370
3 2370 1773 4275
3 1774 1646 1768
3 1760 1636 1641
3 1776 1618 4285
3 1783 45 2598
3 115 45 1783
3 2598 45 124
3 1777 44 112
3 1777 112 4286
3 64 6 1778
3 111 61 4280
3 2561 85 1779
3 1779 85 88
3 4281 42 103
3 51 42 4281
3 1782 38 1781
3 39 38 1782
3 1620 1619 4121
3 4121 201 1620
3 2576 72 1782
3 72 39 1782
3 4284 56 1776
3 2542 67 1783
3 1783 67 115
3 1784 1618 1622
3 4286 112 2604
3 1785 1625 4288
3 4287 1736 2252
3 2252 520 4287
3 1786 1785 4125
3 1788 1388 1605
3 2346 1789 1965
3 2342 1789 2346
3 1963 1790 2311
3 1964 1790 1963
3 1955 1790 1964
3 1792 1791 1801
3 1958 1791 1792
3 1956 398 2341
3 1809 1794 1796
3 1795 1794 1959
3 1796 1794 1795
3 1794 1793 1959
3 1796 1795 1983
3 1983 1795 1961
3 1981 1796 1983
3 1983 1961 1968
3 1961 1797 1968
3 1960 1798 1961
3 1798 1797 1961
3 1814 1799 2342
3 1799 1789 2342
3 1801 1791 1800
3 1964 1792 1801
3 1955 1802 2346
3 2346 1802 2345
3 2344 1803 1818
3 2345 1818 2342
3 1818 1814 2342
3 1818 1803 1814
3 2176 1803 2344
3 1806 1805 2173
3 1817 1805 1806
3 1806 1804 1817
3 2343 1808 1816
3 2343 1791 1958
3 1807 1791 2343
3 2175 1808 1977
3 1816 1808 2175
3 1816 1807 2343
3 2343 1809 1810
3 1809 1796 1812
3 1810 1809 1812
3 1811 1810 1812
3 1974 1810 1811
3 1813 1811 1812
3 1813 1812 1981
3 1812 1796 1981
3 1982 1813 1981
3 1814 1803 1815
3 1815 1803 1970
3 1817 1807 1816
3 1804 1800 1807
3 1800 1791 1807
3 1816 1805 1817
3 2175 1805 1816
3 1817 1804 1807
3 2345 1806 1818
3 1818 1806 2344
3 1907 1820 1852
3 1932 1863 1869
3 1908 1821 1903
3 1829 1822 1927
3 1823 1822 1829
3 1861 1829 1927
3 1824 1822 1823
3 1824 1823 1853
3 1910 1827 1856
3 1909 1825 1827
3 1909 1827 1910
3 1856 1826 1911
3 1827 1826 1856
3 1912 1828 1829
3 1912 1829 1861
3 1828 1823 1829
3 1860 1823 1828
3 1832 1830 1914
3 1866 1830 1832
3 1914 1831 1832
3 1864 1831 1914
3 1936 1832 1916
3 1833 1831 1935
3 1916 1831 1833
3 1832 1831 1916
3 1870 1835 1873
3 1835 1834 1873
3 1937 1834 1915
3 1915 1834 1835
3 1865 1834 1937
3 1836 1834 1865
3 1913 1834 1836
3 1873 1834 1913
3 1917 1876 1918
3 1918 1841 1881
3 1876 1841 1918
3 1882 1838 1839
3 1839 1838 1919
3 1883 1839 1919
3 1920 1839 1883
3 1840 1839 1920
3 1882 1839 1840
3 1882 1840 1906
3 1885 1876 1939
3 1921 1876 1885
3 1921 1841 1876
3 1942 1841 1921
3 1948 1943 1944
3 1943 1842 1944
3 1843 1842 1923
3 1943 1894 1923
3 1923 1842 1943
3 1847 1844 1896
3 1896 1844 1845
3 1946 1847 1896
3 1899 1847 1946
3 1846 1844 1847
3 1899 1889 1922
3 1922 1846 1847
3 1922 1847 1899
3 1902 1901 1924
3 1947 1902 1924
3 1925 1848 1902
3 1902 1848 1901
3 1850 1821 1949
3 1891 1850 1949
3 1904 1850 1891
3 1891 1851 1904
3 1852 1820 1861
3 1927 1852 1861
3 1855 1824 1853
3 1854 1853 1871
3 1855 1853 1854
3 1855 1854 2169
3 1926 1858 1907
3 1926 1856 1858
3 1910 1856 1926
3 2138 1857 2169
3 1857 1855 2169
3 1909 1855 1857
3 1909 1824 1855
3 1929 1858 1911
3 1858 1856 1911
3 2144 1859 1928
3 1862 1859 2144
3 1859 1825 1928
3 1827 1825 1859
3 1859 1826 1827
3 1862 1826 1859
3 1861 1820 1912
3 1860 1826 1931
3 1931 1826 1862
3 1863 1830 1866
3 1933 1863 1866
3 1880 1864 1865
3 1880 1865 1940
3 1933 1866 1936
3 1866 1832 1936
3 1871 1868 2166
3 1872 1868 1871
3 1868 1867 2166
3 1935 1868 1872
3 1935 1867 1868
3 1872 1833 1935
3 1873 1869 1870
3 1872 1871 1930
3 1931 1872 1930
3 1915 1872 1931
3 1915 1833 1872
3 1932 1873 1913
3 1932 1869 1873
3 1874 1865 1937
3 1940 1865 1874
3 1874 1862 1875
3 1937 1862 1874
3 1940 1874 2147
3 1917 1819 1939
3 1939 1876 1917
3 1877 1837 1941
3 1867 1837 1877
3 1941 1841 1942
3 1894 1878 1941
3 1878 1877 1941
3 1841 1837 1881
3 1941 1837 1841
3 1882 1879 1938
3 1938 1838 1882
3 1934 1837 1867
3 1881 1837 1934
3 1934 1880 1881
3 1906 1879 1882
3 2147 1884 1940
3 1888 1884 2146
3 1888 1883 1884
3 1920 1883 1888
3 2146 1887 1888
3 1884 1883 1940
3 1939 1819 1906
3 1906 1885 1939
3 1942 1886 1946
3 1921 1886 1942
3 1946 1886 1888
3 1888 1886 1920
3 1888 1887 1946
3 1846 1843 1945
3 1846 1842 1843
3 1948 1849 1949
3 1944 1849 1948
3 1889 1849 1944
3 1891 1849 1892
3 1949 1849 1891
3 1892 1849 1889
3 1898 1891 1892
3 1905 1891 1898
3 2161 1890 1925
3 2160 1890 2161
3 1893 1890 2160
3 1943 1890 1893
3 1943 1893 1894
3 1893 1878 1894
3 1945 1845 1895
3 1845 1844 1895
3 1895 1844 1846
3 1897 1889 1899
3 1892 1889 1897
3 1898 1892 1897
3 1899 1887 1897
3 1901 1848 1908
3 2154 1900 1924
3 1924 1851 2154
3 1848 1821 1908
3 2161 1947 2159
3 2161 1902 1947
3 1925 1902 2161
3 1903 1821 1850
3 1903 1850 1904
3 2154 1851 1905
3 1905 1851 1891
3 1907 1858 1929
3 1929 1820 1907
3 1869 1863 1933
3 1910 1824 1909
3 1910 1822 1824
3 1926 1822 1910
3 1911 1826 1860
3 1860 1828 1911
3 1864 1836 1865
3 1914 1836 1864
3 1914 1830 1913
3 1913 1836 1914
3 1915 1835 1916
3 1916 1833 1915
3 1916 1870 1936
3 1916 1835 1870
3 1918 1881 1919
3 1881 1880 1919
3 1917 1838 1938
3 1918 1838 1917
3 1919 1838 1918
3 1906 1840 1885
3 1921 1840 1886
3 1885 1840 1921
3 1886 1840 1920
3 1922 1842 1846
3 1922 1889 1944
3 1944 1842 1922
3 1923 1894 1946
3 1896 1843 1923
3 1946 1896 1923
3 1904 1851 1901
3 1901 1851 1924
3 1949 1848 1925
3 1926 1907 1927
3 1927 1822 1926
3 1907 1852 1927
3 1857 1825 1909
3 1928 1857 2138
3 1928 1825 1857
3 1929 1828 1912
3 1911 1828 1929
3 1912 1820 1929
3 1871 1853 1930
3 1853 1823 1930
3 1930 1860 1931
3 1930 1823 1860
3 1932 1830 1863
3 1913 1830 1932
3 1934 1867 1935
3 1935 1831 1864
3 1934 1864 1880
3 1935 1864 1934
3 1870 1869 1936
3 1936 1869 1933
3 1937 1915 1931
3 1931 1862 1937
3 1938 1819 1917
3 1879 1819 1938
3 1919 1880 1883
3 1883 1880 1940
3 1906 1819 1879
3 1946 1894 1941
3 1946 1941 1942
3 1895 1846 1945
3 1925 1890 1949
3 1948 1890 1943
3 1949 1890 1948
3 1845 1843 1896
3 1945 1843 1845
3 1946 1887 1899
3 1908 1903 1904
3 1904 1901 1908
3 1947 1900 2157
3 1924 1900 1947
3 1949 1821 1848
3 1966 1799 1967
3 1950 1799 1814
3 1967 1799 1950
3 1950 1814 1815
3 1967 1951 1966
3 1951 625 1966
3 1967 1952 1968
3 1954 676 1953
3 1954 1953 1965
3 1965 1789 1954
3 2345 1802 1804
3 1802 1800 1804
3 1801 1800 1802
3 1955 1801 1802
3 1964 1801 1955
3 1956 1792 1957
3 1793 1792 1956
3 1957 398 1956
3 1958 1793 1794
3 1958 1794 1809
3 1959 402 1960
3 2341 402 1959
3 1960 1795 1959
3 1961 1795 1960
3 1954 1789 1962
3 1962 545 1954
3 1962 1789 1799
3 1962 1799 1966
3 1957 1792 1964
3 1963 397 398
3 1963 398 1957
3 1963 1957 1964
3 1953 1790 1965
3 1966 625 1962
3 625 545 1962
3 1952 1950 1972
3 1967 1950 1952
3 1968 1951 1967
3 1968 1797 1951
3 1797 394 1951
3 1969 1815 1970
3 1978 1969 1970
3 1972 1971 1982
3 1982 1952 1972
3 1971 1969 1979
3 1972 1969 1971
3 1972 1815 1969
3 1950 1815 1972
3 1973 1811 2183
3 1974 1811 1973
3 2347 1974 2355
3 1974 1973 2355
3 1977 1975 2175
3 1976 1975 1977
3 2093 1975 1976
3 1977 1808 2347
3 1979 1978 2086
3 2088 1978 2178
3 2085 1979 2086
3 1980 1979 2085
3 1979 1969 1978
3 2185 1979 1980
3 2185 1971 1979
3 2184 1813 1982
3 1982 1971 2184
3 1981 1952 1982
3 1983 1952 1981
3 1968 1952 1983
3 1995 1984 2045
3 2168 1984 2171
3 1985 1984 2168
3 2045 1984 1985
3 1986 1985 2164
3 2007 1986 1987
3 2045 1986 2007
3 2045 1985 1986
3 1990 1987 1988
3 1988 1986 2164
3 1987 1986 1988
3 1992 1989 1990
3 1991 1989 1992
3 2009 1987 1990
3 1992 1990 2162
3 1990 1988 2162
3 2013 1991 1993
3 1994 1991 1992
3 2000 1993 2158
3 2068 1993 2000
3 2158 1993 1994
3 1993 1991 1994
3 1996 1984 1995
3 2171 1984 2170
3 2170 1984 1996
3 1998 1996 2046
3 2170 1996 2137
3 2137 1996 1998
3 2137 1997 2140
3 1998 1997 2137
3 2156 1999 2158
3 2158 1999 2000
3 2002 2001 2101
3 2001 1997 2101
3 2141 1997 2001
3 2140 1997 2141
3 2003 2002 2149
3 2141 2001 2003
3 2003 2001 2002
3 2005 2004 2102
3 2149 2002 2102
3 2149 2004 2155
3 2102 2004 2149
3 2107 2000 2005
3 2000 1999 2005
3 2004 1999 2153
3 2005 1999 2004
3 2008 2006 2007
3 2007 2006 2044
3 2045 2007 2044
3 2011 2008 2009
3 2049 2008 2011
3 2007 1987 2009
3 2008 2007 2009
3 2011 1989 2010
3 1990 1989 2009
3 2009 1989 2011
3 2015 2010 2013
3 2017 2010 2015
3 2013 2012 2015
3 2013 1989 1991
3 2010 1989 2013
3 2015 2014 2070
3 2014 2012 2068
3 2015 2012 2014
3 2012 1993 2068
3 2013 1993 2012
3 2020 2016 2017
3 2018 2016 2020
3 2026 2016 2018
3 2017 2015 2020
3 2017 2016 2048
3 2048 2010 2017
3 2022 2018 2019
3 2070 2019 2020
3 2019 2018 2020
3 2020 2015 2070
3 2074 2021 2072
3 2072 2021 2027
3 2027 2018 2022
3 2027 2022 2072
3 2024 2023 2349
3 2075 2023 2024
3 2076 2023 2075
3 2075 2024 2025
3 2025 2021 2074
3 2179 2026 2028
3 2026 2018 2027
3 2028 2026 2027
3 2027 2021 2028
3 2182 2028 2029
3 2025 2024 2029
3 2029 2021 2025
3 2028 2021 2029
3 2098 2029 2030
3 2030 2024 2349
3 2029 2024 2030
3 2078 2031 2348
3 2032 2031 2078
3 2034 2032 2078
3 2077 2033 2034
3 2034 2033 2039
3 2036 2035 2037
3 2349 2031 2037
3 2037 2035 2349
3 2038 2036 2037
3 2037 2032 2038
3 2094 2036 2038
3 2037 2031 2032
3 2094 2038 2042
3 2042 2038 2039
3 2039 2032 2034
3 2038 2032 2039
3 2041 2040 2042
3 2092 2040 2041
3 2041 2039 2043
3 2042 2039 2041
3 2042 2040 2094
3 2039 2033 2043
3 2082 2062 2080
3 2062 2043 2080
3 2043 2033 2080
3 2047 1995 2044
3 2044 2006 2052
3 2047 2044 2052
3 2044 1995 2045
3 2058 2046 2047
3 2046 1995 2047
3 1996 1995 2046
3 2011 2010 2048
3 2049 2011 2048
3 2049 2048 2084
3 2048 2016 2180
3 2084 2048 2180
3 2051 2049 2084
3 2052 2006 2050
3 2053 2051 2066
3 2053 2050 2051
3 2052 2050 2053
3 2050 2006 2008
3 2050 2008 2049
3 2050 2049 2051
3 2056 2047 2052
3 2054 2053 2066
3 2056 2053 2054
3 2056 2052 2053
3 2056 2055 2058
3 2056 2054 2055
3 2058 2047 2056
3 2114 2057 2060
3 2114 2055 2057
3 2055 2054 2057
3 2100 2046 2058
3 2100 1998 2046
3 2059 2055 2114
3 2058 2055 2059
3 2061 2060 2065
3 2060 2057 2065
3 2083 2061 2350
3 2350 2061 2064
3 2064 2063 2351
3 2350 2064 2351
3 2064 2061 2065
3 2089 2064 2065
3 2089 2063 2064
3 2088 2065 2087
3 2087 2054 2066
3 2065 2057 2087
3 2057 2054 2087
3 2107 2067 2068
3 2068 2000 2107
3 2067 2014 2068
3 2070 2014 2067
3 2069 2019 2108
3 2022 2019 2069
3 2108 2019 2070
3 2070 2067 2108
3 2116 2022 2069
3 2072 2022 2116
3 2072 2071 2074
3 2116 2071 2072
3 2125 2073 2074
3 2074 2071 2125
3 2073 2025 2074
3 2075 2025 2073
3 2075 2073 2127
3 2076 2075 2127
3 2348 2076 2131
3 2348 2023 2076
3 2132 2077 2078
3 2079 2077 2132
3 2132 2078 2352
3 2077 2034 2078
3 2079 2033 2077
3 2133 2080 2081
3 2082 2080 2133
3 2081 2033 2079
3 2080 2033 2081
3 2353 2082 2134
3 2353 2062 2082
3 2134 2082 2133
3 2130 2083 2350
3 2121 2060 2061
3 2121 2061 2083
3 2084 1980 2051
3 2066 2051 2085
3 2051 1980 2085
3 2086 1978 2088
3 2087 2086 2088
3 2086 2066 2085
3 2087 2066 2086
3 2089 2088 2178
3 2089 2065 2088
3 2354 2063 2089
3 2354 2089 2176
3 2172 2090 2359
3 2090 2040 2092
3 2091 2040 2090
3 2091 2090 2172
3 2093 2091 2172
3 2096 2091 2093
3 2094 2040 2091
3 2094 2091 2096
3 2096 2093 2095
3 2093 1976 2095
3 2096 2036 2094
3 2095 2036 2096
3 2097 2035 2036
3 2095 1976 2097
3 2097 2036 2095
3 2097 1976 2355
3 2098 1973 2182
3 2182 2029 2098
3 2101 1997 2100
3 2100 2058 2099
3 2100 2099 2101
3 2100 1997 1998
3 2103 2099 2111
3 2101 2099 2103
3 2105 2103 2111
3 2105 2102 2103
3 2103 2002 2101
3 2102 2002 2103
3 2109 2104 2105
3 2104 2005 2105
3 2105 2005 2102
3 2106 2067 2104
3 2104 2067 2107
3 2107 2005 2104
3 2108 2106 2110
3 2108 2067 2106
3 2110 2069 2108
3 2115 2069 2110
3 2110 2109 2119
3 2106 2104 2109
3 2110 2106 2109
3 2115 2110 2119
3 2109 2105 2111
3 2112 2109 2111
3 2119 2109 2112
3 2111 2099 2113
3 2120 2112 2113
3 2112 2111 2113
3 2099 2058 2059
3 2113 2059 2114
3 2099 2059 2113
3 2116 2115 2117
3 2117 2071 2116
3 2116 2069 2115
3 2117 2115 2119
3 2124 2071 2117
3 2118 2117 2119
3 2124 2117 2118
3 2118 2112 2120
3 2119 2112 2118
3 2121 2118 2120
3 2114 2060 2120
3 2120 2113 2114
3 2120 2060 2121
3 2121 2083 2122
3 2123 2121 2122
3 2123 2118 2121
3 2126 2123 2128
3 2124 2118 2123
3 2123 2122 2128
3 2125 2124 2126
3 2124 2123 2126
3 2125 2071 2124
3 2126 2073 2125
3 2127 2073 2126
3 2131 2076 2127
3 2135 2127 2128
3 2131 2127 2135
3 2127 2126 2128
3 2135 2128 2129
3 2128 2122 2129
3 2357 2129 2130
3 2129 2122 2130
3 2122 2083 2130
3 2356 2132 2352
3 2136 2132 2356
3 2136 2079 2132
3 2081 2079 2136
3 2133 2081 2358
3 2134 2133 2358
3 2357 2134 2358
3 2356 2131 2135
3 2356 2135 2358
3 2358 2136 2356
3 2358 2081 2136
3 2139 2138 2170
3 2170 2137 2139
3 2139 1928 2138
3 2144 2139 2140
3 1875 1862 2144
3 2144 1928 2139
3 2139 2137 2140
3 2143 2141 2142
3 2143 2142 2147
3 2143 2140 2141
3 2143 1875 2144
3 2147 1875 2143
3 2147 1874 1875
3 2144 2140 2143
3 2148 2003 2149
3 2145 2003 2148
3 2141 2003 2145
3 2152 2145 2148
3 2146 2145 2152
3 2152 1897 2146
3 1897 1887 2146
3 2146 2142 2145
3 2142 1884 2147
3 2146 1884 2142
3 2142 2141 2145
3 2155 2148 2149
3 2150 2148 2155
3 2151 2148 2150
3 2150 1905 2151
3 2151 1898 2152
3 1905 1898 2151
3 2152 2148 2151
3 1898 1897 2152
3 2155 2004 2153
3 2154 1905 2150
3 2154 2150 2155
3 2155 2153 2154
3 2153 1999 2156
3 2153 1900 2154
3 2156 1900 2153
3 2157 1900 2156
3 2156 1994 2157
3 2158 1994 2156
3 2159 1947 2157
3 2157 1992 2159
3 1994 1992 2157
3 2162 2160 2161
3 2162 1988 2160
3 2160 1878 1893
3 2161 2159 2162
3 2159 1992 2162
3 2163 1877 2165
3 2165 1877 1878
3 2164 2163 2165
3 2163 1867 1877
3 2165 1988 2164
3 2160 1988 2165
3 2165 1878 2160
3 2166 1854 1871
3 2167 2163 2164
3 2166 2163 2167
3 2166 1867 2163
3 2167 1854 2166
3 2168 1854 2167
3 2167 1985 2168
3 2164 1985 2167
3 2169 2168 2171
3 2169 1854 2168
3 2170 2138 2171
3 2171 2138 2169
3 2359 2173 2174
3 2173 1805 2174
3 2174 2172 2359
3 2172 1975 2093
3 2174 1975 2172
3 2174 1805 2175
3 2175 1975 2174
3 2176 2089 2178
3 2354 2176 2177
3 2177 2176 2344
3 1970 1803 2176
3 2178 1970 2176
3 1978 1970 2178
3 2180 2179 2181
3 2180 2016 2026
3 2180 2026 2179
3 2185 2180 2181
3 2185 1980 2180
3 2180 1980 2084
3 2181 2179 2182
3 2183 2181 2182
3 2182 1973 2183
3 2179 2028 2182
3 2183 1811 1813
3 2183 1813 2184
3 2184 2181 2183
3 2184 1971 2185
3 2185 2181 2184
3 2187 848 2186
3 2187 862 872
3 2186 862 2187
3 2188 501 4081
3 2192 2189 2242
3 2190 1705 2191
3 2242 2190 2191
3 2191 436 2241
3 1705 436 2191
3 2240 2191 2241
3 2240 362 2192
3 2240 2192 2242
3 2242 2191 2240
3 2193 225 2208
3 2194 2193 2365
3 2365 1759 2194
3 691 288 2195
3 2195 646 691
3 2196 288 531
3 2197 581 582
3 2204 581 2197
3 1668 1650 2198
3 2198 314 2212
3 1650 314 2198
3 2200 343 2199
3 2199 358 2200
3 2206 343 2200
3 357 344 2201
3 2199 344 357
3 540 357 2201
3 2202 349 597
3 597 427 2202
3 2203 442 2222
3 2222 1656 2203
3 813 581 2204
3 2205 442 534
3 2205 427 597
3 598 343 2206
3 2202 598 2206
3 2197 301 2268
3 2207 2197 2268
3 2195 289 2209
3 2258 647 2209
3 814 581 2210
3 1759 1509 2194
3 2211 2198 2212
3 2212 2196 2211
3 2212 298 2196
3 2213 1650 2203
3 2203 1656 2213
3 2258 2214 2259
3 2258 2209 2269
3 2269 2214 2258
3 2230 2214 2269
3 1772 1759 2379
3 1762 1759 1772
3 2210 1772 2379
3 1766 225 2216
3 2239 1766 2216
3 2216 310 2239
3 2234 813 2217
3 2217 813 2204
3 2218 299 318
3 2218 289 299
3 318 287 2218
3 2219 287 318
3 2220 287 2219
3 2221 320 2236
3 2236 314 2213
3 2236 2213 2221
3 601 327 1656
3 2222 601 1656
3 2227 422 2223
3 636 600 2223
3 2223 422 636
3 2225 356 2224
3 2228 356 2225
3 2224 341 2225
3 363 341 2224
3 2224 356 2226
3 2200 358 2226
3 2226 358 2192
3 2192 362 2226
3 2227 2206 2228
3 2206 2200 2228
3 2216 1509 2235
3 2235 310 2216
3 2229 601 2222
3 2222 597 2229
3 597 349 2229
3 2238 2230 2249
3 2238 2207 2230
3 2232 509 631
3 2232 631 648
3 2233 662 1741
3 2217 662 2233
3 2233 305 2217
3 1772 813 2234
3 319 298 1649
3 2236 319 1649
3 320 319 2236
3 2221 1655 2237
3 1655 328 2237
3 2238 662 2207
3 2235 1509 1762
3 1762 812 2235
3 2239 591 2231
3 2234 1762 1772
3 373 362 2240
3 2241 373 2240
3 2189 540 2242
3 2189 357 540
3 2242 540 2190
3 2418 2244 2464
3 2243 1386 2244
3 2244 1386 2231
3 2231 1391 2244
3 2244 1391 2464
3 1745 1743 2246
3 2245 1745 2246
3 2248 510 2247
3 2247 1737 2248
3 2249 510 2248
3 2248 2238 2249
3 2265 1748 2250
3 2251 1640 1749
3 2299 406 2263
3 2254 1747 2257
3 2262 1738 2255
3 2255 1738 1739
3 2255 1739 2361
3 2256 2255 2361
3 2257 509 649
3 2257 649 2254
3 2214 1742 2259
3 1742 419 2259
3 2259 419 647
3 1743 419 1742
3 2259 647 2258
3 2360 453 2260
3 2260 2252 2298
3 2252 406 2298
3 2260 453 2252
3 2261 420 1744
3 2261 1744 1746
3 2261 1746 2262
3 1746 1738 2262
3 4762 2253 4245
3 2264 2253 4762
3 4289 2253 2263
3 4245 2253 4289
3 3147 663 682
3 3147 682 2264
3 3147 2264 4762
3 1747 1630 2265
3 2254 1630 1747
3 1640 1632 2266
3 2267 2266 2381
3 2266 292 2381
3 4780 2267 4898
3 4898 2267 2381
3 2268 2214 2230
3 2230 2207 2268
3 2249 2230 2269
3 1497 832 1496
3 2270 832 1497
3 2321 1551 1601
3 1601 294 2321
3 2274 457 2285
3 2272 457 2274
3 2286 1501 2273
3 2273 459 2286
3 2274 321 1673
3 2274 1673 2272
3 2275 331 332
3 2277 336 2276
3 2276 336 359
3 637 351 2277
3 351 338 2277
3 360 336 430
3 2278 360 430
3 367 360 2278
3 2279 367 2278
3 1711 367 2279
3 2282 1711 2279
3 2341 398 399
3 399 398 2280
3 2337 399 2280
3 2281 421 2300
3 2300 585 2281
3 425 353 603
3 2294 425 603
3 1703 378 2283
3 2282 1703 2283
3 2279 1703 2282
3 2281 585 2284
3 2284 449 2928
3 585 449 2284
3 2271 465 2285
3 2403 461 2312
3 2286 1500 1501
3 1548 1500 2286
3 627 522 2287
3 2287 523 2288
3 2288 627 2287
3 2450 2289 2451
3 2290 521 2291
3 2287 521 2290
3 2290 523 2287
3 2291 1672 2290
3 2291 589 1672
3 1672 1653 2290
3 2292 593 1669
3 2293 593 2292
3 1669 316 2292
3 2292 315 2293
3 2330 325 2331
3 331 330 2294
3 2294 330 346
3 2294 346 637
3 1709 379 2295
3 2295 613 1709
3 2296 613 2295
3 1719 621 2297
3 2298 628 2260
3 2299 522 627
3 2299 627 2298
3 2298 406 2299
3 1767 1384 1390
3 2300 421 2361
3 2270 1497 2301
3 2301 1497 1498
3 2327 1670 2302
3 667 333 668
3 668 333 2303
3 669 426 2303
3 2303 426 668
3 2304 354 669
3 355 354 2305
3 2306 365 2307
3 671 670 2306
3 1714 364 2307
3 2307 672 1714
3 2335 1701 2308
3 2308 381 2309
3 2309 674 1681
3 2310 675 1717
3 1717 675 2338
3 2457 240 1534
3 2312 1485 2458
3 1496 882 2315
3 2313 1496 2315
3 1556 835 880
3 1494 877 2314
3 2314 877 2317
3 2315 877 1494
3 883 832 2270
3 1556 578 2316
3 1578 1574 2458
3 2340 462 1767
3 2326 462 2340
3 1390 1384 2318
3 2273 1477 2318
3 1757 1504 1775
3 2417 1531 2451
3 2289 1548 2320
3 1551 240 1601
3 2321 294 452
3 1569 1555 2322
3 1555 1490 2322
3 2316 1488 1569
3 880 835 1574
3 2324 277 1643
3 2325 1642 2339
3 2325 1646 1775
3 2327 1669 1670
3 2327 316 1669
3 1671 589 2328
3 1672 589 1671
3 2329 1671 2328
3 2293 1671 2329
3 321 296 2330
3 2331 1675 2275
3 2275 1674 2331
3 2296 612 1693
3 2332 612 2296
3 2296 1695 2332
3 2333 1681 1698
3 2283 1709 2334
3 2334 440 2283
3 672 377 1714
3 1714 377 2335
3 2337 619 2336
3 1718 387 2338
3 2361 421 2360
3 2361 1739 2300
3 2339 1748 2251
3 2339 1642 1748
3 1767 1390 2340
3 1760 1641 1775
3 1775 1504 1760
3 2341 1793 1956
3 1959 1793 2341
3 1965 1955 2346
3 2345 2342 2346
3 1958 1809 2343
3 1810 1808 2343
3 2347 1808 1810
3 2347 1810 1974
3 2344 1806 2173
3 2345 1804 1806
3 1958 1792 1793
3 2311 1790 1953
3 1965 1790 1955
3 2347 1976 1977
3 2355 1976 2347
3 2031 2023 2348
3 2349 2023 2031
3 2035 2030 2349
3 2097 2030 2035
3 2350 2062 2353
3 2351 2062 2350
3 2351 2063 2092
3 2351 2043 2062
3 2351 2041 2043
3 2092 2041 2351
3 2348 2131 2352
3 2352 2078 2348
3 2353 2130 2350
3 2092 2063 2354
3 2354 2090 2092
3 2177 2090 2354
3 2098 2030 2097
3 2098 2097 2355
3 2355 1973 2098
3 2352 2131 2356
3 2357 2130 2134
3 2134 2130 2353
3 2135 2129 2357
3 2358 2135 2357
3 2344 2173 2177
3 2177 2173 2359
3 2359 2090 2177
3 1748 1635 2251
3 2360 628 2256
3 2260 628 2360
3 2360 2256 2361
3 304 226 1402
3 2462 2399 2459
3 1404 304 1402
3 2362 235 2408
3 2408 259 2362
3 2363 1469 2362
3 2363 824 1469
3 2367 302 303
3 302 283 303
3 2364 1383 2215
3 2364 2215 2243
3 568 304 2372
3 303 283 2365
3 2365 283 2375
3 2370 284 448
3 2370 448 814
3 2462 889 2399
3 2367 303 1765
3 519 304 1404
3 1752 633 2368
3 1751 633 1752
3 634 448 2368
3 2368 633 634
3 2371 235 2369
3 235 213 2369
3 2370 814 2380
3 2371 823 889
3 2371 889 2426
3 2215 1383 2208
3 2372 447 2364
3 4697 452 4889
3 2366 452 4697
3 2376 1483 2373
3 2373 1580 2376
3 2374 1535 1551
3 519 447 2372
3 2374 825 1535
3 2374 1552 1583
3 2376 1580 2363
3 2363 259 1579
3 2363 1579 2376
3 2377 226 1608
3 1402 226 2377
3 2378 1752 1753
3 2473 480 2378
3 2473 450 480
3 2375 1761 2379
3 2208 1383 1765
3 4898 1638 4897
3 2381 1638 4898
3 4998 1644 1645
3 148 13 2382
3 28 13 20
3 2383 20 135
3 2383 135 2384
3 135 78 2384
3 2385 78 82
3 2384 78 2385
3 2386 29 2385
3 2385 77 2386
3 795 84 2386
3 2393 793 794
3 793 199 794
3 208 167 2389
3 2393 208 2389
3 2391 200 2392
3 2390 208 2393
3 2389 793 2393
3 2389 206 793
3 2392 208 2390
3 2393 794 2390
3 2394 80 177
3 2395 2394 2396
3 2394 177 2396
3 2396 192 2395
3 2396 178 2397
3 2397 192 2396
3 2397 191 192
3 2397 179 191
3 191 179 2398
3 194 191 2398
3 196 157 194
3 2399 230 2459
3 2459 224 2462
3 2400 494 2460
3 495 224 2460
3 2401 568 2418
3 2428 230 1394
3 2401 226 304
3 2400 233 2402
3 2414 227 2402
3 2402 887 2400
3 2403 234 2457
3 2405 490 2416
3 492 490 2405
3 2405 491 492
3 2410 491 2405
3 248 247 2406
3 493 247 843
3 493 237 2407
3 2407 247 493
3 2406 247 2407
3 1484 461 1483
3 1483 461 2457
3 2410 237 2411
3 2409 237 2410
3 2411 491 2410
3 2411 237 493
3 2425 865 2423
3 2423 684 2425
3 2412 518 1397
3 1518 1399 2412
3 1399 517 2412
3 2412 517 518
3 562 518 2413
3 518 445 2413
3 2414 562 2413
3 2416 490 2415
3 2419 489 2420
3 2415 489 2419
3 490 489 2415
3 2417 830 2436
3 2436 830 2301
3 2418 443 2401
3 783 443 2418
3 1481 783 2418
3 873 653 2420
3 2432 653 873
3 2420 653 2419
3 2420 779 873
3 2421 2312 2458
3 2422 830 1513
3 833 259 2408
3 2423 879 2424
3 879 826 2454
3 2454 833 2424
3 2424 879 2454
3 2425 684 2371
3 2425 2371 2426
3 884 865 2425
3 890 884 2425
3 2426 495 890
3 2426 890 2425
3 890 212 2427
3 2427 884 890
3 2427 212 494
3 2470 463 2456
3 2456 463 1394
3 2428 463 2377
3 2377 1395 2428
3 2463 1608 2429
3 2429 1396 2461
3 1397 1396 2430
3 2431 1397 2430
3 1398 1397 2431
3 1398 777 2437
3 2431 777 1398
3 2433 685 1399
3 2433 1400 2432
3 2432 686 2433
3 873 686 2432
3 2418 568 2244
3 2434 461 1484
3 2458 1485 1578
3 1485 826 1578
3 2435 249 250
3 2406 249 1498
3 2436 249 2435
3 1498 249 2436
3 1562 1513 1600
3 2441 2437 2438
3 2441 1517 2437
3 2437 777 2438
3 1521 1519 2439
3 2439 1519 2441
3 2440 1521 2439
3 2439 566 2440
3 2441 567 2439
3 2438 567 2441
3 2443 1364 1525
3 2445 1364 2443
3 1525 1520 2443
3 2443 221 2445
3 2440 220 2443
3 2440 1520 1521
3 2443 1520 2440
3 1527 1522 2444
3 1522 1364 2445
3 2444 1522 2445
3 2447 1527 2448
3 2448 2446 2447
3 2448 1527 2444
3 1530 1526 2449
3 2446 1526 2447
3 2449 1526 2446
3 2450 1530 2449
3 2449 1499 2450
3 1531 1530 2450
3 2451 1531 2450
3 2451 1561 2452
3 2452 2417 2451
3 1533 234 1532
3 1513 830 1532
3 1579 833 2454
3 2434 1579 2454
3 2429 1608 2455
3 2467 1394 1624
3 2456 1394 2467
3 2467 1624 2978
3 2469 2456 2467
3 2457 461 2403
3 2301 1498 2436
3 2436 1531 2417
3 2459 1395 2463
3 2461 2400 2460
3 2463 2429 2461
3 2462 495 2426
3 2462 224 495
3 2463 1395 1608
3 2243 568 2372
3 2468 792 4990
3 2465 1605 1648
3 1648 1604 2465
3 2466 515 4988
3 2466 302 515
3 4990 661 4989
3 2978 1624 1626
3 1763 1388 1788
3 4102 1763 1788
3 2468 515 792
3 1482 1392 1603
3 2470 2469 4992
3 4013 1516 1607
3 4992 1627 2470
3 1774 1768 3299
3 2472 1774 3299
3 4105 1482 1603
3 2471 1508 4993
3 4993 2466 4988
3 4993 1508 2466
3 1607 1606 4106
3 1607 1560 1606
3 2474 514 1764
3 4989 514 2474
3 661 514 4989
3 643 284 4997
3 4252 643 4997
3 2475 284 2370
3 4997 284 2475
3 2476 1478 3001
3 1478 447 3001
3 2541 2477 2478
3 2490 2477 2541
3 2478 2477 2488
3 2504 2477 2491
3 2543 2479 2516
3 2523 2479 2543
3 2574 2571 2582
3 2484 2480 2482
3 2539 2481 2617
3 2588 2481 2539
3 2580 2481 2588
3 2540 1778 2483
3 2483 2481 2540
3 2617 2482 2618
3 2484 2482 2617
3 2618 2482 2591
3 2544 2492 2611
3 2611 2487 2544
3 2579 2485 4120
3 3404 2486 2487
3 3404 3310 4119
3 2592 2486 2578
3 2487 2486 2544
3 2487 2485 3310
3 2611 2485 2487
3 4120 2532 4285
3 4120 2485 2532
3 2547 2488 3825
3 2547 2478 2488
3 2622 2489 2619
3 2621 2590 3823
3 2520 2490 2541
3 2521 2490 2520
3 2491 2477 2490
3 2491 2490 2522
3 2504 2491 2605
3 2605 2491 2522
3 2516 2479 2492
3 2492 2479 2493
3 2611 2572 3309
3 3309 2485 2611
3 2572 2493 2595
3 2595 2493 2612
3 2610 2494 2612
3 2612 2494 2595
3 2493 2479 2524
3 4900 2554 2608
3 2517 2497 2521
3 2527 2497 2517
3 2497 2496 2522
3 2505 2498 2528
3 2528 2526 2529
3 2528 2498 2526
3 2499 2494 2500
3 2500 2494 2610
3 3826 2500 2556
3 2595 2494 2534
3 2534 2494 2499
3 2526 2501 2529
3 2558 2502 2506
3 2506 2502 2562
3 2584 2502 2558
3 2584 2558 2559
3 2519 2503 2510
3 2519 2510 2565
3 4900 2504 2605
3 4901 2496 2525
3 4903 2505 4904
3 3828 2506 2562
3 3270 2506 3828
3 3277 2507 2606
3 2511 2503 2507
3 2513 2503 2519
3 3276 2508 3275
3 2535 2508 3276
3 2994 2509 3306
3 2987 2508 2536
3 2510 2503 2511
3 2511 2507 2551
3 3831 2511 2550
3 3831 2510 2511
3 2536 2508 2512
3 2614 2535 2606
3 2507 2503 2606
3 2585 2513 2519
3 2571 2484 2582
3 4282 2514 4283
3 2583 2514 4282
3 2589 2583 4282
3 2592 2515 2516
3 2592 2480 2515
3 4899 2549 2619
3 4900 2545 2546
3 2608 2545 4900
3 2529 2501 2518
3 2518 2501 4281
3 2584 2560 2564
3 2564 2560 2561
3 2568 2519 2565
3 2586 2512 4278
3 2542 2520 2589
3 2522 2490 2521
3 2521 2497 2522
3 2522 2496 2605
3 2605 2496 4901
3 2545 2543 2622
3 2524 2523 2620
3 2524 2479 2523
3 2612 2493 2524
3 2612 2524 2555
3 2525 2498 2505
3 2525 2505 4903
3 2525 2496 2498
3 2498 2496 2497
3 2498 2497 2526
3 2527 2501 2526
3 2526 2497 2527
3 4281 2501 2527
3 2517 102 2527
3 2530 2505 2528
3 2530 2528 2558
3 2559 2529 2531
3 2559 2528 2529
3 2558 2528 2559
3 4904 2505 2530
3 2529 2518 2531
3 4277 2532 3309
3 3307 2509 2615
3 2539 2533 2588
3 3311 57 3405
3 2595 2534 2597
3 3275 2603 2613
3 2606 2513 2614
3 2606 2503 2513
3 2512 2508 2535
3 2614 2513 2616
3 2585 2537 2616
3 4280 2537 2585
3 2615 2573 3308
3 2538 146 2587
3 2587 2533 2538
3 2591 2533 2618
3 2581 1778 4279
3 2594 64 2540
3 4122 2573 2615
3 2615 1619 4122
3 2589 2541 2583
3 2541 2478 2583
3 4282 1781 2542
3 2549 2488 2504
3 2544 2486 2592
3 2516 2515 2543
3 2488 2477 2504
3 2545 2523 2543
3 3824 2514 2547
3 2543 2515 2622
3 2547 2514 2583
3 2590 2548 4283
3 2574 2548 2571
3 2571 2548 2621
3 2622 2515 2593
3 2546 2545 2622
3 2619 2546 2622
3 3831 2550 3830
3 2550 2511 2551
3 3283 2552 3296
3 4902 2640 2641
3 2686 2554 2557
3 2569 2555 2647
3 2647 2555 2575
3 2555 2524 2575
3 2556 2500 2610
3 4914 2556 2569
3 3826 2556 4914
3 2686 2557 2641
3 2641 2557 4902
3 2558 2506 2530
3 2559 2531 2560
3 2530 2506 3273
3 2560 2531 2601
3 2561 2560 2601
3 2599 2502 2584
3 2562 2502 2599
3 3828 2562 2607
3 2607 2563 3828
3 2599 2584 2600
3 2584 2564 2600
3 2602 2570 2686
3 2570 2554 2686
3 2565 2510 2566
3 2566 2510 2567
3 2567 2510 3831
3 3295 2567 3831
3 2568 2565 2600
3 2609 2568 2600
3 2647 2631 3274
3 2569 2556 2610
3 2620 2570 2648
3 2648 2570 2602
3 2608 2570 2620
3 2515 2480 2593
3 2593 2484 2571
3 2593 2480 2484
3 3309 2573 4277
3 3308 2573 3309
3 2574 99 2576
3 2581 99 2574
3 2592 2516 2544
3 2648 2575 2620
3 2647 2575 2648
3 4283 2548 2576
3 2576 2548 2574
3 2527 102 4281
3 2531 2518 2577
3 2518 103 2577
3 2591 2482 2578
3 4120 105 2579
3 2581 2574 2582
3 2540 2481 2580
3 2594 2540 2580
3 2483 1778 2581
3 2582 2483 2581
3 2617 2481 2483
3 2617 2483 2582
3 3405 2538 3311
3 2590 2514 3824
3 2623 2571 2621
3 2583 2478 2547
3 2584 2559 2560
3 2585 2519 2624
3 2624 2519 2568
3 4286 2586 4278
3 2521 2520 2598
3 2598 2517 2521
3 2589 2520 2541
3 4282 2542 2589
3 4283 2514 2590
3 2578 2482 2592
3 2482 2480 2592
3 2623 2489 2593
3 4278 2614 2616
3 4278 2512 2614
3 3824 2547 3825
3 2594 2580 2587
3 2587 2580 2588
3 2587 120 2594
3 2588 2533 2587
3 2597 2572 2595
3 3306 2495 2596
3 2596 2495 2603
3 2534 2495 2597
3 2613 2495 2534
3 2597 2495 3307
3 124 102 2517
3 2598 124 2517
3 2568 136 2624
3 2609 136 2568
3 2600 2565 2599
3 2599 2565 2566
3 2566 2562 2599
3 2607 2562 2566
3 2600 2564 2609
3 2601 2531 2577
3 2688 2602 2651
3 2688 2651 4912
3 2509 1619 2615
3 2603 2495 2613
3 2536 2512 2586
3 2604 2586 4286
3 2608 2523 2545
3 2620 2523 2608
3 2606 2535 3276
3 3277 2606 3276
3 3825 2488 4899
3 4899 2488 2549
3 2607 2566 2567
3 2607 2567 3829
3 2608 2554 2570
3 1779 136 2609
3 2610 2555 2569
3 2611 2492 2572
3 2612 2555 2610
3 2572 2492 2493
3 2534 2499 2613
3 2614 2512 2535
3 2616 1777 4278
3 2537 1777 2616
3 3307 2615 3308
3 2616 2513 2585
3 2582 2484 2617
3 2618 2539 2617
3 2593 2571 2623
3 2618 2533 2539
3 146 120 2587
3 2516 2492 2544
3 2575 2524 2620
3 2621 2548 2590
3 2593 2489 2622
3 2549 2546 2619
3 3823 2590 3824
3 2623 2621 3823
3 2626 2625 4906
3 2626 2553 2625
3 2651 2626 4906
3 2625 2553 2627
3 2627 2553 2628
3 2683 2627 2628
3 2641 2553 2626
3 2640 2553 2641
3 2639 2629 2683
3 2682 2630 3271
3 2630 2629 2639
3 2682 2629 2630
3 2670 2631 2647
3 3271 2633 2677
3 2677 2633 2678
3 2678 2633 2666
3 2678 2666 2676
3 2635 2634 2665
3 2666 2634 2676
3 2663 2636 2684
3 2668 2636 2663
3 2632 2630 2638
3 2630 2552 2638
3 2639 2552 2630
3 3296 2552 2639
3 3296 2639 2683
3 2683 2628 3296
3 2686 2641 2651
3 2641 2626 2651
3 2651 2602 2686
3 3280 2643 2688
3 2644 2643 2674
3 2674 2643 2645
3 2645 2643 3280
3 2673 2645 3280
3 2646 2643 2644
3 2646 2644 2670
3 2688 2643 2646
3 2646 2602 2688
3 3274 2569 2647
3 4916 2569 3274
3 2670 2647 2648
3 2661 2659 3830
3 2661 2550 2649
3 3830 2550 2661
3 4912 2651 4906
3 4916 2652 3293
3 3274 2652 4916
3 2653 2632 2638
3 3271 2632 2633
3 3271 2630 2632
3 2655 2632 2653
3 2633 2632 2655
3 2666 2633 2655
3 2655 2653 2654
3 2666 2655 2656
3 2655 2654 3298
3 2661 2649 2657
3 2657 2637 2660
3 2650 2637 2657
3 2661 2657 2660
3 4917 2650 2657
3 2657 2649 2658
3 4917 2657 2658
3 2663 2659 2660
3 3294 2659 2663
3 2663 2660 2668
3 2684 2662 2663
3 2660 2659 2661
3 2660 2637 2668
3 2684 2635 2665
3 2665 2662 2684
3 2667 2662 2665
3 2663 2662 3294
3 3294 2662 2667
3 2668 2637 2671
3 2671 2664 2668
3 2656 2655 3298
3 2656 2634 2666
3 2665 2634 2656
3 2667 2656 3298
3 2665 2656 2667
3 2664 2636 2668
3 2684 2636 2675
3 4917 2669 4918
3 2652 2631 2669
3 4915 2652 2669
3 4915 2669 4917
3 2669 2644 4918
3 2670 2644 2669
3 2669 2631 2670
3 2672 2664 2671
3 2687 2664 2672
3 2672 2671 4918
3 2687 2672 2673
3 2687 2673 2689
3 2672 2645 2673
3 2674 2645 2672
3 3279 2685 3288
3 2685 2635 2675
3 3281 2676 2685
3 2685 2634 2635
3 2676 2634 2685
3 3281 2685 3279
3 3271 2677 2681
3 2681 2677 3281
3 3281 2680 2681
3 3281 2677 2678
3 2678 2676 3281
3 4905 2625 2679
3 4906 2625 4905
3 4906 4905 4910
3 4905 2680 4910
3 2994 2985 4123
3 2680 2679 2681
3 4905 2679 2680
3 4913 2680 3279
3 2681 2679 2682
3 3271 2681 2682
3 2679 2629 2682
3 2683 2629 2679
3 2679 2625 2627
3 2679 2627 2683
3 2675 2635 2684
3 2648 2602 2646
3 2648 2646 2670
3 3288 2687 2689
3 3288 2689 4911
3 2675 2664 3288
3 3288 2664 2687
3 2675 2636 2664
3 3280 2688 4907
3 4907 2688 4912
3 4907 2673 3280
3 2689 2673 4907
3 3053 2690 2691
3 2691 2690 2706
3 2793 2714 4922
3 4982 2692 2976
3 2977 2692 4982
3 2716 2693 2728
3 4938 4755 4756
3 3970 2694 2695
3 2702 2695 2703
3 2695 2694 2703
3 4877 2696 4981
3 3357 2698 3142
3 3894 3893 4982
3 4965 2699 4963
3 2700 2699 4964
3 2701 2699 2700
3 3049 2699 2701
3 4963 2699 3049
3 4037 2702 4036
3 3055 2702 4037
3 3057 2702 3055
3 4035 2702 2703
3 4036 2702 4035
3 3057 2695 2702
3 3893 2696 2704
3 4919 2691 4882
3 3355 3353 3362
3 4934 2708 3355
3 4923 2708 4934
3 4934 3355 3362
3 3377 2708 4923
3 2791 2709 2758
3 4727 2715 4703
3 2784 2715 4704
3 4703 2715 2784
3 3903 3902 4883
3 3892 2712 4919
3 2712 2691 4919
3 3052 2691 2712
3 3052 2713 2981
3 3052 2981 3053
3 3305 2984 3966
3 4920 3045 3894
3 4923 3045 4920
3 4740 2715 4727
3 3064 2715 4740
3 4929 4834 4974
3 3166 2983 4878
3 2983 2693 4878
3 4878 2693 2716
3 3324 2717 3321
3 3389 2718 2719
3 3336 2719 3335
3 3389 2719 3336
3 3336 2957 3389
3 2947 2709 4267
3 2758 2709 2947
3 4044 2720 2951
3 2952 2721 4044
3 2721 2720 4044
3 4013 2775 4050
3 4101 2775 4013
3 4032 2722 4783
3 3979 2722 4032
3 2724 2700 4964
3 4039 2700 2724
3 2724 2723 4039
3 4966 2724 4964
3 2725 2724 4966
3 4967 2725 4966
3 2725 2723 2724
3 4924 2726 2727
3 4023 2727 4022
3 3046 2727 4023
3 2727 2726 4022
3 4079 2728 2939
3 4078 2728 4079
3 4105 3978 4009
3 2731 2730 4926
3 4025 2730 2731
3 4926 2730 4927
3 2730 2729 4927
3 4931 2729 2730
3 2953 2732 3996
3 3996 2733 2953
3 4045 2733 3996
3 4110 2734 2735
3 4114 2734 4113
3 3339 2734 4114
3 2735 2734 3339
3 4057 2736 4830
3 4019 2738 3868
3 2739 2738 4019
3 3868 2737 3854
3 2738 2737 3868
3 3876 2739 4118
3 3876 2738 2739
3 3874 2738 3876
3 3874 2737 2738
3 4878 2740 4944
3 4878 2716 2740
3 2743 2742 2969
3 2969 2741 3346
3 2742 2741 2969
3 3863 2743 3858
3 3394 2743 3863
3 3395 3394 3863
3 3394 2742 2743
3 3393 2741 2742
3 2744 2697 3833
3 3208 2697 2744
3 2746 2745 3865
3 3138 2745 2746
3 2747 2745 3840
3 3138 2746 3870
3 3042 2745 2747
3 3865 2745 3042
3 3971 2720 2748
3 2951 2720 3971
3 2750 2749 4001
3 2946 2749 2750
3 2754 2751 4079
3 3063 2752 4131
3 2753 2752 4270
3 4133 2752 2753
3 3286 2754 2939
3 3286 2755 2968
3 2786 2752 3073
3 3287 2756 4080
3 4080 2751 3287
3 3287 2536 2586
3 3287 2586 2757
3 2761 2758 4006
3 3171 2759 4138
3 2791 2761 4003
3 2791 2758 2761
3 2936 2762 2767
3 2794 2762 2936
3 2944 2763 2802
3 4797 2763 2944
3 2926 2784 4704
3 4997 2475 4881
3 4881 2475 3304
3 4745 2765 2790
3 4728 2765 4745
3 2766 2759 4253
3 4253 2759 3171
3 4730 2767 2778
3 2767 2762 2778
3 2768 2767 4730
3 4729 2769 4719
3 4719 2769 3174
3 2800 2769 4729
3 2929 2770 4792
3 4795 2929 4792
3 2961 2772 2962
3 3069 2772 2961
3 2772 2771 2962
3 2772 2770 2929
3 3069 2770 2772
3 4853 2750 4001
3 4001 2774 4007
3 4798 3972 3998
3 4785 3972 4798
3 4786 2777 4173
3 3172 2776 2777
3 2965 2776 3172
3 3172 2777 4786
3 2944 2802 4160
3 4160 2795 2944
3 2778 2762 2779
3 4162 2778 2779
3 2779 2762 2794
3 4149 2769 2800
3 2800 2780 4149
3 3066 2781 3007
3 3012 2781 3066
3 3007 3006 3066
3 2783 2782 4714
3 3115 2782 2783
3 3115 2783 3113
3 3115 3113 3116
3 4879 2996 3145
3 4879 2764 2996
3 3145 2996 3278
3 2998 2784 4879
3 4879 2784 2926
3 4880 3878 3881
3 3881 2785 4880
3 2790 2786 3073
3 4235 2790 3073
3 2789 2787 2964
3 2788 2787 2789
3 4156 2787 2788
3 3160 2789 3161
3 3071 2789 3160
3 3071 2788 2789
3 2786 2765 3302
3 2790 2765 2786
3 4740 2791 4003
3 3074 2791 4740
3 3254 2792 3977
3 3254 2694 2792
3 2703 2694 3254
3 3901 2793 4883
3 3130 2794 2936
3 2944 2794 3130
3 2795 2779 2794
3 2795 2794 2944
3 4731 2796 4747
3 4723 2796 4731
3 4805 2797 2798
3 4805 2798 4840
3 2798 2797 4152
3 4151 2799 4841
3 4166 2799 4151
3 4815 2799 2828
3 4748 2800 4154
3 4748 2780 2800
3 4154 2800 4730
3 4732 4163 4749
3 4732 2801 4163
3 4160 2802 4844
3 3007 2781 2804
3 2804 2803 3007
3 4803 2803 2804
3 3075 2805 4158
3 4157 3075 4158
3 4159 2805 3075
3 4161 2806 4806
3 3078 2806 4161
3 4163 2801 2807
3 4163 2807 4177
3 2809 2808 3083
3 3083 2808 2810
3 3083 2810 3085
3 3085 2810 2812
3 2812 2810 4177
3 4177 2811 2812
3 4807 2812 2813
3 2812 2811 2813
3 3086 2813 4787
3 4807 2813 3086
3 4787 2813 4175
3 4787 3079 3086
3 4845 3079 4787
3 2827 2814 3150
3 3154 2815 4817
3 3088 2815 2816
3 2818 2817 2910
3 2819 2818 2841
3 2831 2818 2819
3 2841 2818 2910
3 2821 2819 2840
3 2992 2819 2821
3 2909 2820 2821
3 2821 2820 2993
3 2992 2821 2993
3 3155 2822 2913
3 2835 2822 3153
3 3081 2823 3019
3 2824 2823 3081
3 4710 2824 3081
3 3085 2825 3083
3 2903 2825 3085
3 2904 2826 4807
3 2826 2812 4807
3 2963 2827 4816
3 3087 2827 2963
3 2889 2828 2888
3 2828 2799 2888
3 3120 2828 2889
3 3151 2828 3120
3 4716 2829 4734
3 4741 2829 4716
3 2992 2830 2831
3 2831 2819 2992
3 4788 2818 2831
3 4788 2817 2818
3 4788 2831 3118
3 3088 2832 2833
3 2833 2815 3088
3 4817 2815 2834
3 2906 2835 3153
3 2891 2835 2906
3 4739 2836 4709
3 2837 2836 4738
3 4709 2836 2837
3 2838 2837 4737
3 4698 2838 4737
3 4711 2838 4698
3 2845 2839 3156
3 2839 2816 3089
3 2910 2839 4789
3 2910 2816 2839
3 2909 2840 2849
3 2849 2848 2909
3 2840 2819 2841
3 2909 2821 2840
3 4736 2842 4738
3 2908 2842 4736
3 4753 2842 2908
3 4736 2820 2908
3 4738 2842 4702
3 2855 2843 2893
3 2914 2843 2912
3 4819 2844 3156
3 4820 2844 4819
3 2846 2845 4209
3 4794 2846 4209
3 2846 2839 2845
3 4789 2839 2846
3 2849 2847 4201
3 4790 2847 2849
3 4201 2848 2849
3 4207 2848 4201
3 2851 2850 4198
3 4207 2850 2851
3 4207 2851 2852
3 2853 2852 4753
3 4207 2852 2853
3 2908 2853 4753
3 2853 2848 4207
3 2908 2848 2853
3 3098 2854 4214
3 4185 2854 4191
3 4219 2854 4185
3 4214 2854 4219
3 3157 2855 4203
3 3090 2856 4212
3 4182 2857 4208
3 2917 2857 4182
3 4215 4188 4221
3 4215 2859 4188
3 4821 3093 4200
3 4822 3093 4821
3 4181 3093 4822
3 4218 2860 4194
3 4217 2860 4218
3 4183 2860 4195
3 2861 2860 4183
3 2865 2862 4184
3 4205 2862 2865
3 4196 2862 4205
3 3092 2864 2865
3 3091 2864 3092
3 2865 2864 4205
3 3092 2865 4186
3 2874 2866 2896
3 4823 2866 4851
3 2897 2866 4823
3 4847 3158 4226
3 4226 4197 4847
3 4216 2867 3158
3 3158 2867 4226
3 4228 2868 2869
3 2869 2868 3104
3 4214 2870 2871
3 4219 2870 4214
3 3103 2870 4219
3 4213 2871 2882
3 4214 2871 4213
3 2871 2870 3105
3 2882 2872 4213
3 2883 2872 2882
3 4298 2873 2883
3 4480 2873 4298
3 2873 2872 2883
3 3159 2874 2898
3 3159 2898 4474
3 4476 3159 4474
3 4824 2875 3107
3 4824 3100 4231
3 3107 3100 4824
3 3101 3100 3107
3 3107 2877 4791
3 4791 3101 3107
3 2878 2876 2879
3 2881 2879 4470
3 2879 2876 4470
3 2879 2868 2878
3 2881 2880 3105
3 3105 2868 2879
3 3105 2879 2881
3 4472 2880 2881
3 3105 2880 2882
3 2882 2871 3105
3 4298 2883 4472
3 2883 2880 4472
3 2882 2880 2883
3 2886 2884 3163
3 4765 2885 2886
3 4811 4765 4810
3 4777 2886 3163
3 4765 2886 4777
3 4765 4764 4810
3 4777 4764 4765
3 4165 2798 2887
3 4167 2887 4152
3 2887 2798 4152
3 2888 2799 4166
3 3015 2888 4166
3 2890 2835 2891
3 2892 2835 2890
3 2892 2822 2835
3 2913 2822 2892
3 2913 2892 3020
3 3021 2893 2914
3 2893 2843 2914
3 4210 2894 4203
3 4187 2894 4210
3 4221 2895 4189
3 4188 2895 4221
3 2898 2896 3027
3 2896 2866 2897
3 2898 2874 2896
3 4474 2898 3028
3 3028 2898 3027
3 2900 2899 3127
3 4776 2900 3126
3 3126 2900 3127
3 2967 2901 4813
3 2993 2902 3117
3 4735 2902 2993
3 4734 2902 4735
3 4735 2836 4734
3 2903 2826 3118
3 3118 2830 2903
3 2831 2830 3118
3 4793 2832 2904
3 2833 2832 2905
3 3120 2891 2906
3 3120 2906 3151
3 4712 2907 4715
3 3082 2907 4712
3 2909 2848 2908
3 2908 2820 2909
3 4790 2841 4789
3 4790 2840 2841
3 2849 2840 4790
3 3089 2911 3156
3 3156 2911 4819
3 3154 2911 3089
3 2913 2912 3155
3 2914 2912 2913
3 2914 2913 3020
3 4204 2915 4211
3 4211 2915 3091
3 2915 2864 3091
3 4204 2916 4206
3 4206 2851 4198
3 2916 2851 4206
3 4196 2863 2917
3 2918 2857 2917
3 2917 2863 2918
3 2863 2850 2918
3 2919 2858 4794
3 4209 2919 4794
3 4848 2919 2920
3 2920 2919 4212
3 4848 2920 4193
3 4150 2921 3015
3 4713 2921 4150
3 4268 2749 3880
3 2923 2922 3054
3 4033 2923 3899
3 3899 2923 3051
3 4696 2925 3354
3 3339 2925 4696
3 3354 3353 4696
3 3354 2924 3362
3 3362 3353 3354
3 4129 2785 3001
3 3002 2785 4129
3 2926 2764 4879
3 4881 2927 3065
3 4881 3065 4885
3 4795 2928 2929
3 2929 2771 2772
3 2928 2771 2929
3 4995 2771 2928
3 2930 2901 2967
3 4796 2901 2930
3 4831 2931 4812
3 4889 2932 3965
3 2982 2757 4081
3 2982 2756 2757
3 2757 2586 2604
3 4875 2934 2935
3 4768 2934 4875
3 4775 2934 4769
3 3108 2935 4799
3 4875 2935 3108
3 2991 2936 4743
3 2936 2767 4743
3 4784 2937 4143
3 4784 2763 2937
3 3399 3034 3237
3 3399 2938 3034
3 3978 3317 4009
3 3286 2939 3964
3 3322 2940 4932
3 4946 2940 3322
3 4825 3981 4943
3 4145 2760 2941
3 4987 3884 4104
3 4987 2774 3884
3 4833 2942 4798
3 3877 2943 4008
3 4008 3859 3877
3 2945 2944 3130
3 4797 2944 2945
3 4797 2945 4130
3 4006 2758 2946
3 2947 2749 2946
3 2946 2758 2947
3 4266 2749 2947
3 4262 2948 3890
3 3058 2949 3975
3 2950 2949 3058
3 3971 2949 2951
3 2951 2950 4042
3 4042 2950 4041
3 2951 2949 2950
3 4044 2951 4042
3 2954 2725 4967
3 4043 2725 2954
3 4040 2725 4043
3 4040 2723 2725
3 2954 2953 4043
3 2953 2733 4043
3 4931 2730 2956
3 2956 2730 4025
3 4931 2956 4924
3 2956 2726 4924
3 2958 2934 4775
3 3067 2934 2958
3 2935 2934 3067
3 4776 2958 4775
3 3126 2958 4776
3 4251 2959 2962
3 3149 2959 2960
3 3149 2960 4233
3 3148 2961 2962
3 3148 2959 3149
3 2962 2959 3148
3 3152 2834 3119
3 3119 2963 3152
3 4178 2776 2787
3 2777 2776 4178
3 2964 2776 2965
3 2787 2776 2964
3 3010 2789 2964
3 3125 2967 4813
3 3125 2933 2966
3 2967 451 2930
3 3125 2966 2967
3 2968 2596 2603
3 2970 2743 2969
3 3858 2743 2970
3 2971 2969 3346
3 2970 2969 2971
3 3343 2971 3346
3 3132 2971 3343
3 3134 2970 2971
3 3345 3132 3343
3 3332 2972 2973
3 4936 2972 2974
3 3332 2973 3364
3 2973 2972 4936
3 3333 3332 3364
3 2975 2974 3340
3 3341 2975 3340
3 4930 2957 3336
3 3350 2975 3341
3 3350 2957 4930
3 3341 2957 3350
3 4920 2976 3377
3 4920 3377 4923
3 2977 2704 4984
3 3381 2977 4984
3 4882 3380 4984
3 3052 2712 2978
3 4886 2979 3968
3 4886 2690 2979
3 2979 2690 2980
3 2980 2690 3053
3 2981 2980 3053
3 3967 2981 4125
3 3966 2980 2981
3 2939 2754 4079
3 3965 2982 4081
3 4697 3965 4081
3 3968 2693 2983
3 3968 2983 4886
3 3285 2755 2984
3 3285 2984 3305
3 3305 2985 2989
3 3244 2744 2988
3 2986 2744 3833
3 2988 2744 2986
3 2987 2536 3287
3 3272 2508 2987
3 3209 2988 3143
3 3222 2988 3209
3 3143 2988 3848
3 2988 2986 3848
3 4932 3166 3322
3 4947 4887 4932
3 4887 3166 4932
3 3285 2596 2968
3 3306 2989 2994
3 4771 2990 4760
3 2991 2990 4771
3 4743 2990 2991
3 3117 2992 2993
3 3117 2830 2992
3 3881 2474 2476
3 2989 2985 2994
3 4121 2994 4123
3 4121 2509 2994
3 4265 2995 4996
3 2996 2468 3278
3 4997 4881 4894
3 3358 2997 3366
3 3038 2997 3358
3 3000 2924 3354
3 3000 2925 2999
3 3354 2925 3000
3 3903 3002 4129
3 4949 3901 4124
3 2933 520 2966
3 3162 2885 3004
3 3162 3004 3160
3 3005 2885 4811
3 3004 2885 3005
3 4802 3004 3005
3 3006 2935 3067
3 4799 2935 3006
3 4799 3006 3007
3 4799 3007 4800
3 3007 2803 4800
3 3010 3008 4254
3 3008 2964 2965
3 3010 2964 3008
3 3010 3009 3161
3 4254 3009 3010
3 3011 3009 4254
3 3164 530 3146
3 3110 530 3164
3 3164 3011 3110
3 3013 3012 3066
3 4706 3012 3013
3 3014 2887 4167
3 4168 3014 4708
3 4168 2887 3014
3 3015 2921 3016
3 3016 2888 3015
3 2889 2888 3016
3 3017 2889 3016
3 3017 2907 3018
3 4715 2907 3016
3 3016 2907 3017
3 3017 2890 2891
3 3018 2890 3017
3 3019 2890 3018
3 3019 2823 3020
3 2892 2890 3019
3 3020 2892 3019
3 3021 2914 3020
3 3021 2823 4711
3 3020 2823 3021
3 3022 2893 3021
3 3022 3021 4754
3 3023 3022 4700
3 4203 3022 3023
3 4210 3024 4187
3 3025 3024 3091
3 3025 2895 3024
3 4189 3026 4221
3 4224 3026 4189
3 4223 2897 3026
3 4225 4223 4224
3 4223 3026 4224
3 3028 3027 3106
3 3837 3029 3143
3 3844 3029 3837
3 3852 3030 3139
3 3031 3030 3261
3 3838 3031 3261
3 3841 3031 3838
3 3841 3032 3033
3 3839 3032 3849
3 3033 3032 3839
3 3843 3033 3034
3 3034 3033 3839
3 3237 3034 3839
3 3399 3223 3402
3 3402 2938 3399
3 3402 3035 3844
3 3037 3036 3846
3 3850 3037 3231
3 3850 3036 3037
3 3846 2697 3037
3 3247 2697 3208
3 3037 2697 3247
3 3144 3038 3070
3 3325 3038 3358
3 3070 3038 3325
3 3871 3039 3835
3 3140 3039 3871
3 3845 3041 3872
3 3041 3040 3872
3 3258 3040 3041
3 3862 3040 3258
3 3865 3042 3396
3 3042 2747 3043
3 3877 3042 3043
3 3396 3042 3877
3 3366 2997 3044
3 3366 3044 3351
3 3895 2707 4935
3 3045 2707 3895
3 3048 3046 4023
3 4937 3046 3048
3 3048 3047 4937
3 4020 3048 4023
3 3135 3047 3048
3 3054 2714 4977
3 3054 2711 2714
3 4959 4014 4961
3 4961 3049 3050
3 4963 3049 4961
3 4959 3050 4034
3 4961 3050 4959
3 4107 3051 3054
3 4938 2705 4921
3 3051 2923 3054
3 3053 2691 3052
3 3966 2985 3305
3 3967 2985 3966
3 3057 3056 3058
3 3056 2950 3058
3 3057 3055 3056
3 4041 2950 3056
3 3056 3055 4038
3 3976 3057 3058
3 3976 2695 3057
3 3141 2997 3866
3 3044 2997 3141
3 3398 3059 3060
3 3060 3059 3988
3 4973 3061 3318
3 4973 3318 4046
3 3070 3062 3984
3 3369 3062 3070
3 4270 2786 3302
3 4270 2752 2786
3 3073 2752 3063
3 4725 2715 3064
3 3065 2782 3115
3 2927 2782 3065
3 4714 2782 4720
3 4720 2782 2927
3 3066 3006 3067
3 3067 2958 3173
3 3173 3066 3067
3 4238 4237 4792
3 4792 4237 4796
3 4792 2770 4238
3 3144 3070 3984
3 4171 3071 3072
3 3072 3071 3160
3 4842 2788 3071
3 3072 3004 4802
3 3160 3004 3072
3 4240 3073 4239
3 3073 3063 4239
3 3074 2709 2791
3 4751 2709 3074
3 4159 3075 3076
3 4843 3075 4157
3 4804 3075 4843
3 3076 3075 4804
3 4179 3121 4174
3 3121 3077 4174
3 4844 3077 4806
3 4174 3077 4844
3 4806 3077 4175
3 4176 2806 3078
3 3078 2807 4176
3 4177 2807 3078
3 3079 2814 2827
3 4845 2814 3079
3 4712 3080 4741
3 4715 3080 4712
3 3019 3018 3081
3 3081 3018 3082
3 3018 2907 3082
3 4710 3081 3082
3 2816 2815 3089
3 3089 2815 3154
3 3083 2825 3084
3 3084 2809 3083
3 3085 2826 2903
3 3085 2812 2826
3 3086 2905 4793
3 3087 2905 3086
3 3086 3079 3087
3 3087 2963 3119
3 3079 2827 3087
3 2834 2833 3119
3 2834 2815 2833
3 3156 2839 3089
3 2845 2844 4209
3 3156 2844 2845
3 4209 2844 3090
3 4209 3090 4212
3 3091 3024 4211
3 3092 3025 3091
3 4190 3025 3092
3 3094 3093 4181
3 4200 3093 4193
3 4193 3093 3094
3 4227 3094 4192
3 3095 3094 4846
3 4846 3094 4227
3 4193 3095 4808
3 4848 4193 4808
3 3096 2860 4217
3 4195 2860 3096
3 3097 3096 4217
3 4223 3098 4222
3 3099 3098 4213
3 3106 3027 3099
3 4222 3098 3099
3 4850 2867 4216
3 4216 3100 4850
3 4850 3100 3101
3 4227 3102 4194
3 4809 3102 4850
3 3104 2870 3103
3 3104 3103 4230
3 3104 2868 3105
3 3105 2870 3104
3 4230 2869 3104
3 4477 2873 4480
3 3028 2873 4477
3 3106 2873 3028
3 3106 2872 2873
3 3099 2872 3106
3 3107 2875 2877
3 4875 3108 4876
3 3109 3108 4799
3 4774 3108 3109
3 3011 630 3110
3 3111 630 3011
3 3111 3011 4254
3 4782 3112 4744
3 4744 3112 4743
3 3112 2990 4743
3 4242 3113 3114
3 3113 2783 3114
3 4884 3115 3116
3 3116 2960 4884
3 4233 2960 3116
3 2830 2825 2903
3 3117 2825 2830
3 3118 2904 4788
3 3118 2826 2904
3 3119 2833 2905
3 3119 2905 3087
3 3120 2889 3017
3 3017 2891 3120
3 4179 2805 3121
3 4158 2805 4179
3 4718 4264 4727
3 4727 4703 4718
3 3888 3123 4263
3 3885 3123 3888
3 4266 2947 4267
3 4894 4881 4885
3 3173 3126 4705
3 3173 2958 3126
3 4705 3126 3127
3 4705 3127 3128
3 4705 3128 4719
3 4744 2768 3129
3 4744 3129 4782
3 4770 2945 3131
3 3131 2945 3130
3 3131 2936 2991
3 3130 2936 3131
3 4143 2766 4784
3 3133 2739 3134
3 3327 3132 3345
3 3133 3132 3327
3 3134 2971 3132
3 3134 3132 3133
3 4019 2970 3134
3 4814 2717 4939
3 3984 3136 3873
3 3138 3137 3852
3 3870 3137 3138
3 3869 3137 3870
3 3854 3137 3869
3 3139 3138 3852
3 3139 2745 3138
3 3840 2745 3139
3 3866 2997 3140
3 3140 2997 3038
3 3169 3141 3861
3 3169 3044 3141
3 3319 3142 3358
3 3382 3319 3358
3 3209 3029 3210
3 3143 3029 3209
3 3873 3144 3984
3 3873 3039 3144
3 3278 2995 3145
3 3145 2995 4265
3 4745 4707 4728
3 4750 4707 4745
3 3146 530 663
3 3146 663 3147
3 3163 3147 4762
3 4244 2961 3148
3 4243 2961 4244
3 3069 2961 4243
3 4244 3149 4759
3 4244 3148 3149
3 4816 3150 4815
3 4816 2827 3150
3 4815 3150 4841
3 4816 2828 3151
3 4815 2828 4816
3 3152 2963 3151
3 3152 2906 3153
3 4818 3154 4817
3 4817 3153 4818
3 4818 2911 3154
3 3155 2911 4818
3 3155 2912 4819
3 3090 2844 4820
3 4849 3090 4820
3 4821 3157 4199
3 4821 4199 4822
3 4822 2859 4181
3 4824 2874 3159
3 4231 2874 4824
3 3161 2789 3010
3 3162 3160 3161
3 3009 2884 3161
3 2886 2885 3162
3 3162 2884 2886
3 3161 2884 3162
3 3146 2884 3164
3 3163 2884 3146
3 3164 3009 3011
3 3164 2884 3009
3 4234 520 2933
3 3964 2755 3286
3 4114 3167 3168
3 3168 3167 4953
3 3168 2925 3339
3 4114 3168 3339
3 3176 3044 3169
3 3351 3044 3176
3 3171 3170 3289
3 4139 3170 3171
3 3170 688 3289
3 4139 3171 4138
3 3172 2766 2965
3 4784 3172 4786
3 4784 2766 3172
3 3173 3013 3066
3 3174 3173 4705
3 3174 3013 3173
3 3844 3837 3985
3 3177 3175 3176
3 3176 3169 3177
3 4109 3177 4111
3 4109 3175 3177
3 4110 3175 4109
3 3920 3178 3179
3 3937 3178 3920
3 3920 3179 3214
3 3931 3181 3927
3 3245 3181 3931
3 4095 3182 3914
3 3189 3184 3234
3 3917 3189 3234
3 3412 3183 3904
3 3918 3183 3412
3 3905 3184 3910
3 3409 3184 3905
3 3930 3185 3238
3 3238 3185 3188
3 3939 3246 3934
3 3424 3186 3938
3 3938 3186 3434
3 3233 3178 3187
3 3233 3187 3936
3 3227 3188 3919
3 3413 3188 3227
3 3413 3183 3918
3 3918 3188 3413
3 3922 3917 3926
3 3922 3189 3917
3 3921 3190 3234
3 3921 3228 3923
3 3914 3182 3913
3 3913 3191 3914
3 3414 3192 3415
3 3215 3193 3410
3 4092 3193 3215
3 3410 3193 3251
3 4085 3194 4090
3 3907 3406 3416
3 4087 3196 4082
3 3266 3203 3249
3 3217 3197 3199
3 3407 3248 3406
3 4092 3199 3201
3 4089 3407 4098
3 3230 3200 4096
3 3200 3195 3248
3 3230 3195 3200
3 4093 4091 4097
3 3232 3193 3201
3 3242 3202 3206
3 4087 3202 3242
3 3242 3196 4087
3 3229 3196 3242
3 3242 3211 3229
3 3207 3203 3268
3 3243 3241 3250
3 3217 3204 3205
3 3205 3197 3217
3 4088 3205 3210
3 4083 3205 4088
3 4083 3197 3205
3 3237 3206 3399
3 3242 3206 3237
3 3231 3037 3247
3 3247 3207 3231
3 3250 3208 3244
3 3247 3208 3250
3 3210 3204 3209
3 3205 3204 3210
3 3209 3204 3222
3 3839 3211 3237
3 3236 3211 3839
3 3266 3198 3225
3 3933 3212 3224
3 3246 3213 3934
3 3926 3920 3930
3 3929 3180 3214
3 3423 3180 3929
3 4094 3215 3912
3 4092 3215 4094
3 3252 3216 3908
3 3909 3252 3908
3 3219 3217 3218
3 4088 3239 3403
3 3218 3199 4094
3 4088 3403 4085
3 3403 3194 4085
3 3243 3204 3219
3 3222 3204 3243
3 3219 3204 3217
3 3239 3035 3220
3 3206 3202 3221
3 3244 2988 3222
3 3244 3222 3243
3 3239 3220 3403
3 3223 3206 3221
3 3245 3224 3923
3 3906 3230 3914
3 3914 3230 4095
3 3225 3198 4095
3 3932 3226 3924
3 3933 3187 3212
3 3212 3187 3190
3 3267 3227 3919
3 3925 3228 3921
3 4082 3200 4086
3 3268 3203 3229
3 4095 3230 4096
3 3231 3207 3268
3 3236 3231 3268
3 3849 3231 3236
3 3928 3178 3233
3 3234 3190 3937
3 3933 3224 3934
3 3235 3185 3930
3 3268 3211 3236
3 3849 3236 3839
3 3237 3211 3242
3 3926 3238 3922
3 3922 3238 3918
3 3918 3412 3922
3 3210 3029 3239
3 4088 3210 3239
3 4091 3240 4097
3 3912 3240 4091
3 4094 3912 4091
3 3243 3219 3241
3 4087 4082 4086
3 3244 3243 3250
3 3208 2744 3244
3 3931 3224 3245
3 3939 3226 3935
3 3935 3246 3939
3 3250 3207 3247
3 3240 3182 4097
3 3406 3248 3416
3 3248 3195 3416
3 3249 3203 3241
3 4097 3198 4093
3 4093 3198 3249
3 3201 3197 4083
3 3250 3203 3207
3 3241 3203 3250
3 3251 3232 3252
3 3251 3193 3232
3 3909 3251 3252
3 3254 3253 4035
3 4035 2703 3254
3 3269 3254 3977
3 3269 3253 3254
3 3255 2922 4955
3 3256 3047 4017
3 4017 3047 3135
3 3257 3256 4017
3 4940 3256 3257
3 3258 3041 3259
3 3258 2737 3874
3 3259 2737 3258
3 3853 3259 3260
3 3260 3041 3262
3 3259 3041 3260
3 3262 3030 3260
3 3261 3030 3262
3 3262 3036 3261
3 4033 3263 4034
3 4034 3263 4959
3 3265 3167 3364
3 3364 3264 3265
3 3364 2973 3264
3 3266 3196 3229
3 3906 3195 3230
3 3414 3227 3267
3 3267 3181 3192
3 3229 3211 3268
3 3269 2922 2923
3 3291 3270 3828
3 2685 2675 3288
3 2968 2603 3272
3 3275 2508 3272
3 3272 2603 3275
3 3273 3270 3290
3 3270 2638 3290
3 3291 2638 3270
3 3274 2631 2652
3 3275 2613 3276
3 2613 2499 3276
3 3277 2499 2500
3 3276 2499 3277
3 3826 2507 3277
3 2551 2507 3826
3 3277 2500 3826
3 2996 515 2468
3 4988 515 2996
3 3282 2680 4913
3 3279 2680 3281
3 4910 2680 3282
3 4911 2642 3279
3 4911 3279 3288
3 3290 2552 3283
3 3283 3273 3290
3 3284 2640 4902
3 4903 3284 4902
3 4904 3283 3284
3 3284 3283 3296
3 2968 2755 3285
3 3272 2754 3286
3 3286 2968 3272
3 2987 2754 3272
3 2757 2756 3287
3 4253 3171 3289
3 3289 3111 4253
3 3289 630 3111
3 688 630 3289
3 2638 2552 3290
3 2653 2638 3291
3 2654 2563 3292
3 2653 2563 2654
3 3291 2563 2653
3 2658 2649 3827
3 4914 3293 3827
3 2649 2550 3827
3 3293 2658 3827
3 3830 2659 3294
3 3295 3294 3297
3 3830 3294 3295
3 3294 2667 3297
3 3296 2640 3284
3 3296 2628 2640
3 2628 2553 2640
3 3297 2667 3298
3 3298 3292 3297
3 3298 2654 3292
3 4994 4146 4256
3 4256 4103 4994
3 4119 3311 3404
3 4994 2472 3299
3 4854 4134 4269
3 4002 3300 4271
3 3302 2765 4752
3 4273 3303 4720
3 4720 3303 4714
3 4726 2927 3304
3 3304 2475 4275
3 2989 2596 3285
3 3305 2989 3285
3 3306 2596 2989
3 3307 2495 3306
3 3306 2509 3307
3 3308 2597 3307
3 3308 2572 2597
3 3309 2572 3308
3 2532 2485 3309
3 3310 2485 2579
3 4119 57 3311
3 3311 2538 2591
3 2538 2533 2591
3 3312 2690 4886
3 2706 2690 3312
3 4834 3313 4032
3 3980 3313 3981
3 3969 3314 4052
3 3323 3316 4076
3 3365 3316 3323
3 2987 2751 2754
3 3287 2751 2987
3 3317 2942 4047
3 4047 2942 4833
3 3978 2942 3317
3 4958 4030 4939
3 3374 2717 3324
3 4068 3320 3376
3 4068 3319 3320
3 3357 3319 4068
3 3376 3320 3379
3 3993 3321 3368
3 3373 3321 3993
3 3993 3368 4826
3 4944 3315 4946
3 4946 3322 4944
3 3326 2698 3316
3 3326 3316 3365
3 3371 3323 4072
3 3324 3321 3373
3 3325 3142 3326
3 3142 2698 3326
3 3356 2940 4075
3 3344 3328 3345
3 3386 3328 3344
3 3328 3327 3345
3 3329 3327 3328
3 3330 3328 3386
3 3329 3328 3330
3 3363 3330 3386
3 3386 3331 3363
3 3388 3334 3342
3 3334 2710 3344
3 3334 2972 3332
3 3333 2710 3332
3 3331 2710 3333
3 3388 2972 3334
3 3332 2710 3334
3 2955 2718 3389
3 3337 2718 2955
3 3401 3338 3988
3 3401 3337 3338
3 3989 3337 3401
3 3989 2718 3337
3 3385 3167 4114
3 3340 2974 3388
3 2974 2972 3388
3 3349 3342 3345
3 3348 3342 3349
3 3349 3343 3346
3 3345 3343 3349
3 3345 3342 3344
3 3342 3334 3344
3 3344 2710 3386
3 3347 2741 3391
3 3346 2741 3347
3 3387 3347 3391
3 3388 3342 3348
3 3348 3347 3387
3 3349 3347 3348
3 3349 3346 3347
3 3360 3352 3361
3 3351 3176 3361
3 3352 3351 3361
3 3384 3351 3352
3 3360 3353 3355
3 3359 3353 3360
3 4945 3356 4074
3 4074 3375 4945
3 4069 2698 3357
3 3357 3142 3319
3 3358 3142 3325
3 3175 2735 3359
3 4110 2735 3175
3 4696 2735 3339
3 3176 3175 3361
3 3359 2735 4696
3 3361 3359 3360
3 4696 3353 3359
3 3361 3175 3359
3 3364 3167 3385
3 3385 3333 3364
3 3363 3333 3385
3 3363 3331 3333
3 3983 3062 3369
3 3369 3365 3983
3 3366 3351 3384
3 3382 3358 3366
3 3382 3366 3384
3 4827 3367 3991
3 4827 2736 3367
3 4828 3367 3993
3 3369 3070 3325
3 3369 3325 3326
3 3369 3326 3365
3 4075 2940 3370
3 4829 3371 4055
3 3983 3371 4829
3 4980 3372 4072
3 4058 3003 4012
3 4012 3003 4055
3 3367 2736 4056
3 4056 3373 3993
3 3993 3367 4056
3 3374 3324 4061
3 4948 3375 4073
3 4068 3376 4948
3 3376 2692 4948
3 3379 2976 3376
3 2976 2692 3376
3 3377 2976 3379
3 3383 2708 3377
3 3379 3320 3378
3 3378 3377 3379
3 4984 3380 3381
3 4948 2977 3381
3 3320 3319 3382
3 3384 3320 3382
3 3378 3320 3384
3 3383 3352 3360
3 3384 3352 3383
3 3360 2708 3383
3 3355 2708 3360
3 3383 3378 3384
3 3383 3377 3378
3 3386 2710 3331
3 3348 3340 3388
3 3387 3340 3348
3 3341 3340 3387
3 3389 2957 3390
3 3390 3341 3387
3 3390 2957 3341
3 3390 3387 3391
3 3391 2741 3393
3 3390 2955 3389
3 3391 2955 3390
3 3393 2955 3391
3 3392 3338 3393
3 3337 2955 3393
3 3338 3337 3393
3 3393 2742 3392
3 3392 2742 3394
3 3394 3060 3392
3 3988 3338 3392
3 3398 3060 3395
3 3392 3060 3988
3 3395 3060 3394
3 3859 3396 3877
3 3398 3396 3859
3 3398 3395 3397
3 3397 3396 3398
3 3834 2938 2943
3 3399 3206 3223
3 3986 2943 3851
3 3851 3402 3844
3 3220 3035 3223
3 3221 3220 3223
3 3403 3220 3221
3 3403 3221 4084
3 4084 3194 3403
3 2591 2578 3311
3 2578 2486 3404
3 4119 2579 4126
3 3310 2579 4119
3 3311 2578 3404
3 3404 2487 3310
3 3908 3216 3406
3 3406 3216 3407
3 4090 3194 4098
3 3407 3216 4098
3 4089 3248 3407
3 3907 3228 3408
3 3408 3228 3925
3 3909 3408 3409
3 3409 3408 3925
3 3925 3184 3409
3 3910 3410 3905
3 3910 3411 3911
3 3911 3411 3412
3 3412 3411 3922
3 3913 3183 3413
3 3413 3191 3913
3 3267 3192 3414
3 3416 3415 3916
3 3416 3195 3415
3 3907 3416 3916
3 3951 3417 3431
3 3511 3418 3505
3 3960 3418 3511
3 3954 3418 3960
3 3960 3419 3428
3 3428 3420 3425
3 3959 3420 3428
3 3963 3437 3962
3 3541 3437 3963
3 3957 3421 3962
3 3956 3422 3957
3 3961 3422 3956
3 3956 3542 3961
3 3432 3423 3945
3 3940 3423 3432
3 3945 3423 3929
3 3941 3940 3949
3 3942 3427 3938
3 3427 3424 3938
3 3428 3425 3942
3 3426 3422 3431
3 3947 3427 3943
3 3935 3427 3947
3 3935 3424 3427
3 3949 3428 3942
3 3946 3233 3944
3 3944 3429 3946
3 3430 3429 3950
3 3952 3431 3958
3 3958 3504 3952
3 3957 3422 3426
3 3957 3426 3430
3 3433 3417 3432
3 3946 3429 3433
3 3433 3432 3946
3 3938 3434 3941
3 3942 3938 3941
3 3950 3436 3948
3 3438 3436 3950
3 3438 3213 3436
3 3436 3213 3246
3 3962 3437 3956
3 3944 3438 3950
3 3503 3439 3447
3 3822 3456 3808
3 3456 3440 3808
3 3803 3441 3802
3 3466 3441 3534
3 3534 3441 3804
3 3493 3442 3443
3 3488 3443 3651
3 3479 3443 3488
3 3809 3473 3539
3 3807 3444 3752
3 3812 3445 3813
3 3558 3445 3812
3 3446 3439 3461
3 3447 3439 3453
3 3453 3439 3446
3 3556 3462 3799
3 3463 3462 3556
3 3523 3448 3527
3 3818 3459 3816
3 3818 3514 3817
3 3816 3514 3818
3 3496 3449 3481
3 3801 3440 3456
3 3473 3450 3470
3 3794 3470 3798
3 3469 3451 3512
3 3508 3459 3818
3 3723 3484 3486
3 3484 3452 3486
3 3453 3446 3499
3 3540 3453 3499
3 3513 3453 3540
3 3499 3446 3813
3 3813 3454 3499
3 3454 3445 3455
3 3455 3445 3464
3 3467 3450 3801
3 3802 3456 3803
3 3801 3456 3802
3 3458 3457 3792
3 3461 3460 3800
3 3461 3439 3460
3 3551 3462 3550
3 3550 3462 3463
3 3550 3463 3507
3 3508 3491 3542
3 3500 3455 3465
3 3465 3455 3464
3 3821 3753 3822
3 3815 3556 3799
3 3516 3467 3801
3 3515 3467 3516
3 3517 3481 3549
3 3549 3468 3517
3 3528 3469 3788
3 3548 3480 3547
3 3547 3534 3548
3 3534 3474 3548
3 3528 3470 3526
3 3797 3486 3789
3 3486 3471 3789
3 3486 3452 3471
3 3471 3452 3472
3 3791 3471 3472
3 3557 3459 3508
3 3473 3470 3794
3 3552 3474 3804
3 3804 3474 3534
3 3539 3473 3794
3 3516 3466 3587
3 3802 3466 3516
3 3554 3475 3545
3 3703 3475 3554
3 3527 3477 3533
3 3553 3477 3527
3 3582 3476 3587
3 3586 3520 3521
3 3521 3477 3490
3 3521 3490 3586
3 3488 3478 3485
3 3485 3478 3817
3 3795 3479 3787
3 3487 3479 3795
3 3787 3479 3484
3 3472 3452 3485
3 3583 3480 3638
3 3481 3449 3523
3 3497 3482 3820
3 3820 3482 3502
3 3788 3483 3555
3 3484 3479 3488
3 3474 3442 3493
3 3552 3442 3474
3 3548 3474 3493
3 3485 3452 3484
3 3485 3484 3488
3 3748 3723 3797
3 3723 3486 3797
3 3818 3489 3819
3 3487 3443 3479
3 3651 3478 3488
3 3489 3478 3492
3 3819 3489 3497
3 3817 3478 3489
3 3496 3490 3495
3 3530 3509 3819
3 3509 3491 3819
3 3535 3492 3651
3 3651 3442 3535
3 3649 3480 3548
3 3649 3548 3650
3 3548 3493 3650
3 3531 3495 3553
3 3490 3477 3495
3 3535 3442 3552
3 3496 3481 3490
3 3544 3515 3592
3 3592 3515 3580
3 3519 3482 3492
3 3519 3498 3501
3 3501 3499 3814
3 3499 3454 3814
3 3500 3454 3455
3 3500 3465 3510
3 3540 3501 3806
3 3572 3448 3538
3 3494 3448 3572
3 3820 3502 3510
3 3502 3500 3510
3 3808 3460 3503
3 3460 3439 3503
3 3792 3457 3811
3 3505 3465 3511
3 3510 3465 3505
3 3465 3464 3506
3 3511 3465 3506
3 3506 3419 3511
3 3507 3419 3506
3 3507 3506 3550
3 3542 3437 3508
3 3508 3437 3557
3 3961 3509 3958
3 3958 3509 3530
3 3530 3504 3958
3 3505 3504 3510
3 3538 3448 3449
3 3821 3447 3758
3 3758 3753 3821
3 3758 3543 3754
3 3811 3799 3810
3 3799 3462 3810
3 3537 3472 3514
3 3791 3472 3537
3 3516 3476 3515
3 3587 3476 3516
3 3587 3466 3525
3 3517 3468 3585
3 3586 3517 3585
3 3586 3490 3517
3 3490 3481 3517
3 3638 3518 3583
3 3648 3518 3638
3 3810 3800 3809
3 3810 3551 3800
3 3814 3482 3519
3 3502 3482 3814
3 3519 3501 3814
3 3526 3450 3467
3 3533 3521 3581
3 3521 3520 3581
3 3533 3477 3521
3 3649 3522 3645
3 3786 3522 3649
3 3544 3467 3515
3 3526 3467 3544
3 3463 3459 3557
3 3556 3459 3463
3 3449 3448 3523
3 3506 3464 3558
3 3550 3506 3558
3 3538 3449 3524
3 3524 3449 3496
3 3585 3525 3547
3 3796 3528 3788
3 3798 3528 3796
3 3643 3522 3559
3 3559 3522 3786
3 3526 3469 3528
3 3559 3529 3643
3 3529 3512 3590
3 3787 3484 3723
3 3553 3448 3494
3 3536 3531 3561
3 3536 3495 3531
3 3495 3477 3553
3 3531 3494 3532
3 3553 3494 3531
3 3592 3580 3648
3 3580 3518 3648
3 3525 3466 3534
3 3535 3498 3519
3 3519 3492 3535
3 3496 3495 3536
3 3547 3525 3534
3 3537 3457 3791
3 3815 3457 3537
3 3820 3504 3530
3 3510 3504 3820
3 3955 3420 3963
3 3943 3420 3955
3 3540 3499 3501
3 3507 3463 3541
3 3541 3463 3557
3 3557 3437 3541
3 3542 3509 3961
3 3542 3491 3509
3 3816 3556 3815
3 3758 3447 3543
3 3807 3757 3806
3 3515 3476 3580
3 3787 3545 3795
3 3786 3546 3559
3 3585 3547 3583
3 3585 3520 3586
3 3583 3520 3585
3 3547 3480 3583
3 3524 3496 3536
3 3549 3481 3523
3 3582 3468 3549
3 3810 3462 3551
3 3551 3550 3558
3 3812 3551 3558
3 3754 3543 3757
3 3543 3513 3757
3 3805 3552 3804
3 3552 3498 3535
3 3805 3498 3552
3 3470 3450 3526
3 3554 3483 3703
3 3555 3483 3554
3 3947 3246 3935
3 3816 3459 3556
3 3527 3448 3553
3 3546 3475 3672
3 3795 3475 3546
3 3464 3445 3558
3 3705 3529 3559
3 3565 3536 3561
3 3565 3524 3536
3 3560 3524 3565
3 3538 3524 3560
3 3561 3531 3532
3 3567 3561 3576
3 3567 3563 3566
3 3563 3562 3566
3 3571 3563 3570
3 3576 3563 3567
3 3564 3562 3563
3 3566 3565 3567
3 3566 3560 3565
3 3569 3560 3566
3 3566 3562 3569
3 3565 3561 3567
3 3578 3562 3564
3 3569 3562 3568
3 3568 3562 3578
3 3573 3560 3569
3 3578 3564 3579
3 3570 3563 3576
3 3572 3538 3560
3 3532 3494 3572
3 3573 3532 3572
3 3569 3568 3573
3 3573 3568 3574
3 3572 3560 3573
3 3561 3532 3574
3 3576 3561 3574
3 3576 3574 3575
3 3577 3570 3575
3 3574 3568 3575
3 3574 3532 3573
3 3575 3570 3576
3 3579 3571 3577
3 3571 3570 3577
3 3575 3568 3578
3 3577 3575 3578
3 3579 3577 3578
3 3564 3563 3579
3 3579 3563 3571
3 3584 3533 3581
3 3584 3523 3527
3 3584 3476 3582
3 3549 3523 3584
3 3582 3549 3584
3 3583 3518 3520
3 3584 3527 3533
3 3581 3476 3584
3 3580 3476 3581
3 3585 3468 3525
3 3520 3518 3581
3 3581 3518 3580
3 3587 3468 3582
3 3525 3468 3587
3 3609 3598 3603
3 3611 3588 3597
3 3601 3589 3612
3 3594 3589 3600
3 3603 3588 3609
3 3642 3544 3592
3 3644 3544 3642
3 3642 3592 3648
3 3648 3612 3642
3 3602 3593 3610
3 3603 3594 3600
3 3644 3451 3544
3 3590 3451 3644
3 3512 3451 3590
3 3613 3595 3598
3 3595 3594 3603
3 3611 3597 3608
3 3597 3591 3608
3 3616 3606 3607
3 3606 3596 3607
3 3597 3588 3600
3 3605 3599 3628
3 3599 3598 3609
3 3628 3599 3615
3 3615 3599 3609
3 3647 3597 3600
3 3600 3589 3647
3 3647 3601 3610
3 3647 3589 3601
3 3613 3591 3639
3 3639 3591 3593
3 3602 3590 3646
3 3646 3593 3602
3 3639 3593 3646
3 3609 3604 3615
3 3609 3588 3604
3 3598 3595 3603
3 3600 3588 3603
3 3607 3599 3605
3 3607 3598 3599
3 3614 3606 3616
3 3611 3596 3606
3 3613 3596 3608
3 3607 3596 3598
3 3607 3605 3616
3 3608 3591 3613
3 3614 3604 3606
3 3606 3604 3611
3 3610 3522 3643
3 3645 3522 3610
3 3604 3588 3611
3 3615 3604 3614
3 3612 3589 3641
3 3641 3589 3594
3 3608 3596 3611
3 3598 3596 3613
3 3622 3614 3616
3 3615 3614 3625
3 3625 3614 3622
3 3628 3615 3625
3 3628 3625 3630
3 3616 3605 3632
3 3622 3616 3631
3 3618 3617 3621
3 3637 3618 3627
3 3637 3617 3618
3 3619 3617 3637
3 3620 3618 3621
3 3622 3618 3620
3 3622 3620 3625
3 3625 3620 3630
3 3621 3617 3623
3 3631 3618 3622
3 3636 3617 3619
3 3623 3617 3636
3 3624 3621 3623
3 3630 3620 3624
3 3624 3620 3621
3 3636 3619 3626
3 3627 3618 3631
3 3637 3627 3635
3 3635 3634 3637
3 3630 3605 3628
3 3632 3605 3630
3 3632 3624 3629
3 3630 3624 3632
3 3624 3623 3629
3 3631 3616 3632
3 3629 3627 3631
3 3632 3629 3631
3 3635 3627 3633
3 3633 3627 3629
3 3634 3633 3636
3 3635 3633 3634
3 3636 3626 3634
3 3629 3623 3633
3 3633 3623 3636
3 3626 3619 3637
3 3634 3626 3637
3 3638 3601 3612
3 3638 3612 3648
3 3646 3590 3644
3 3639 3595 3613
3 3642 3640 3644
3 3641 3640 3642
3 3640 3594 3595
3 3641 3594 3640
3 3642 3612 3641
3 3643 3602 3610
3 3640 3595 3639
3 3640 3639 3646
3 3644 3640 3646
3 3645 3601 3638
3 3638 3480 3645
3 3610 3601 3645
3 3643 3529 3590
3 3643 3590 3602
3 3647 3591 3597
3 3593 3591 3647
3 3610 3593 3647
3 3645 3480 3649
3 3786 3649 3650
3 3650 3487 3786
3 3650 3443 3487
3 3493 3443 3650
3 3443 3442 3651
3 3657 3652 3661
3 3660 3659 3673
3 3705 3653 3674
3 3702 3653 3660
3 3673 3652 3660
3 3788 3469 3704
3 3704 3469 3512
3 3704 3512 3655
3 3655 3512 3529
3 3706 3663 3672
3 3663 3656 3662
3 3660 3652 3702
3 3664 3657 3668
3 3662 3656 3659
3 3675 3668 3669
3 3659 3656 3675
3 3675 3656 3664
3 3667 3659 3675
3 3662 3659 3660
3 3661 3652 3671
3 3691 3666 3671
3 3666 3661 3671
3 3691 3671 3677
3 3660 3653 3662
3 3707 3653 3705
3 3662 3653 3707
3 3700 3654 3663
3 3700 3663 3706
3 3785 3700 3706
3 3656 3654 3664
3 3663 3654 3656
3 3702 3652 3657
3 3669 3661 3666
3 3669 3658 3667
3 3670 3658 3693
3 3669 3667 3675
3 3667 3658 3670
3 3675 3664 3668
3 3678 3658 3666
3 3666 3658 3669
3 3668 3661 3669
3 3673 3659 3667
3 3670 3665 3667
3 3671 3652 3673
3 3673 3665 3671
3 3671 3665 3677
3 3707 3546 3672
3 3677 3665 3670
3 3667 3665 3673
3 3674 3653 3702
3 3674 3655 3705
3 3668 3657 3661
3 3676 3670 3693
3 3677 3676 3683
3 3677 3670 3676
3 3691 3677 3683
3 3693 3658 3678
3 3681 3679 3680
3 3699 3681 3694
3 3681 3680 3694
3 3680 3679 3682
3 3685 3680 3682
3 3686 3679 3681
3 3686 3681 3698
3 3683 3676 3682
3 3683 3682 3684
3 3682 3679 3684
3 3684 3679 3687
3 3687 3679 3686
3 3682 3676 3685
3 3685 3676 3693
3 3697 3686 3698
3 3687 3686 3697
3 3695 3687 3697
3 3688 3684 3687
3 3688 3687 3695
3 3688 3683 3684
3 3690 3680 3685
3 3694 3680 3690
3 3678 3666 3691
3 3688 3678 3691
3 3691 3683 3688
3 3693 3678 3692
3 3692 3685 3693
3 3690 3685 3692
3 3695 3690 3692
3 3694 3690 3695
3 3692 3678 3688
3 3692 3688 3695
3 3699 3694 3696
3 3696 3694 3695
3 3696 3689 3699
3 3696 3695 3697
3 3698 3689 3697
3 3697 3689 3696
3 3698 3681 3689
3 3689 3681 3699
3 3702 3657 3701
3 3704 3655 3701
3 3701 3655 3674
3 3701 3674 3702
3 3706 3672 3703
3 3672 3475 3703
3 3704 3700 3785
3 3701 3654 3700
3 3701 3700 3704
3 3657 3654 3701
3 3664 3654 3657
3 3559 3546 3705
3 3705 3546 3707
3 3703 3483 3785
3 3706 3703 3785
3 3663 3662 3707
3 3672 3663 3707
3 3655 3529 3705
3 3724 3714 3722
3 3716 3713 3714
3 3724 3709 3716
3 3717 3710 3747
3 3746 3708 3720
3 3711 3555 3747
3 3747 3710 3711
3 3716 3712 3713
3 3720 3719 3721
3 3713 3712 3720
3 3716 3714 3724
3 3722 3715 3719
3 3719 3708 3722
3 3718 3715 3722
3 3716 3709 3750
3 3750 3709 3745
3 3750 3745 3749
3 3746 3712 3717
3 3722 3708 3724
3 3722 3714 3718
3 3719 3715 3728
3 3721 3713 3720
3 3721 3719 3728
3 3720 3712 3746
3 3726 3713 3721
3 3714 3713 3726
3 3727 3715 3718
3 3749 3723 3748
3 3718 3714 3726
3 3727 3718 3726
3 3725 3709 3724
3 3751 3709 3725
3 3745 3709 3751
3 3751 3554 3745
3 3720 3708 3719
3 3726 3721 3740
3 3737 3726 3740
3 3727 3726 3733
3 3740 3721 3728
3 3741 3737 3740
3 3734 3729 3731
3 3733 3730 3732
3 3730 3729 3732
3 3738 3729 3730
3 3744 3729 3738
3 3735 3727 3733
3 3733 3732 3735
3 3732 3729 3734
3 3737 3730 3733
3 3733 3726 3737
3 3734 3731 3736
3 3743 3732 3734
3 3735 3732 3743
3 3736 3731 3744
3 3738 3730 3742
3 3741 3730 3737
3 3742 3730 3741
3 3728 3715 3739
3 3739 3715 3735
3 3739 3735 3743
3 3735 3715 3727
3 3740 3728 3739
3 3740 3739 3741
3 3742 3741 3743
3 3741 3739 3743
3 3742 3736 3738
3 3738 3736 3744
3 3743 3734 3736
3 3743 3736 3742
3 3731 3729 3744
3 3554 3545 3745
3 3746 3717 3747
3 3725 3708 3746
3 3747 3725 3746
3 3747 3555 3751
3 3751 3725 3747
3 3724 3708 3725
3 3748 3710 3717
3 3745 3545 3749
3 3749 3748 3750
3 3748 3717 3750
3 3750 3712 3716
3 3717 3712 3750
3 3555 3554 3751
3 3761 3752 3756
3 3807 3752 3761
3 3761 3756 3767
3 3822 3753 3755
3 3755 3753 3776
3 3776 3753 3760
3 3758 3754 3760
3 3756 3752 3755
3 3755 3752 3822
3 3756 3755 3778
3 3761 3757 3807
3 3759 3754 3761
3 3767 3759 3761
3 3761 3754 3757
3 3760 3753 3758
3 3760 3754 3759
3 3765 3759 3767
3 3771 3759 3765
3 3760 3759 3771
3 3776 3760 3771
3 3767 3756 3773
3 3773 3756 3778
3 3769 3763 3764
3 3775 3764 3768
3 3772 3764 3775
3 3784 3764 3772
3 3764 3763 3768
3 3765 3763 3766
3 3771 3765 3766
3 3766 3763 3769
3 3769 3764 3784
3 3765 3762 3763
3 3767 3762 3765
3 3763 3762 3768
3 3783 3769 3784
3 3777 3769 3783
3 3770 3766 3777
3 3777 3766 3769
3 3784 3772 3782
3 3781 3768 3779
3 3768 3762 3779
3 3775 3768 3781
3 3774 3772 3775
3 3778 3755 3776
3 3776 3770 3778
3 3780 3770 3777
3 3771 3770 3776
3 3771 3766 3770
3 3773 3762 3767
3 3779 3762 3773
3 3779 3773 3780
3 3781 3779 3780
3 3773 3770 3780
3 3778 3770 3773
3 3781 3780 3783
3 3782 3774 3781
3 3782 3772 3774
3 3781 3774 3775
3 3780 3777 3783
3 3782 3781 3783
3 3784 3782 3783
3 3492 3478 3651
3 3497 3489 3492
3 3492 3482 3497
3 3526 3451 3469
3 3544 3451 3526
3 3786 3487 3795
3 3795 3546 3786
3 3787 3723 3749
3 3749 3545 3787
3 3785 3483 3788
3 3788 3704 3785
3 3788 3555 3796
3 3798 3470 3528
3 3797 3789 3790
3 3790 3710 3797
3 3711 3710 3790
3 3790 3789 3793
3 3471 3458 3789
3 3791 3458 3471
3 3789 3458 3793
3 3793 3458 3792
3 3798 3790 3793
3 3798 3711 3790
3 3796 3555 3711
3 3791 3457 3458
3 3545 3475 3795
3 3797 3710 3748
3 3796 3711 3798
3 3798 3793 3794
3 3793 3792 3794
3 3792 3539 3794
3 3811 3539 3792
3 3450 3440 3801
3 3473 3440 3450
3 3809 3440 3473
3 3800 3460 3809
3 3802 3516 3801
3 3802 3441 3466
3 3822 3752 3803
3 3752 3444 3803
3 3804 3441 3444
3 3444 3441 3803
3 3805 3444 3807
3 3804 3444 3805
3 3806 3498 3805
3 3501 3498 3806
3 3806 3805 3807
3 3757 3513 3806
3 3806 3513 3540
3 3513 3447 3453
3 3543 3447 3513
3 3808 3440 3460
3 3460 3440 3809
3 3809 3539 3810
3 3810 3539 3811
3 3815 3799 3811
3 3811 3457 3815
3 3551 3461 3800
3 3812 3461 3551
3 3812 3446 3461
3 3813 3446 3812
3 3813 3445 3454
3 3814 3454 3500
3 3814 3500 3502
3 3815 3537 3816
3 3537 3514 3816
3 3514 3485 3817
3 3514 3472 3485
3 3817 3489 3818
3 3819 3491 3818
3 3818 3491 3508
3 3819 3497 3530
3 3530 3497 3820
3 3503 3447 3821
3 3808 3503 3821
3 3822 3808 3821
3 3803 3456 3822
3 2619 2489 4899
3 3824 2489 2623
3 3825 2489 3824
3 3824 2623 3823
3 2978 2713 3052
3 4899 2489 3825
3 3827 3826 4914
3 3827 2551 3826
3 3827 2550 2551
3 3828 2563 3291
3 3292 2563 3829
3 3297 3292 3829
3 3829 2563 2607
3 3829 3295 3297
3 3830 3295 3831
3 3829 2567 3295
3 3833 2697 3832
3 3832 2697 3846
3 3835 3833 3871
3 3833 3832 3871
3 3834 3043 3842
3 3843 3834 3842
3 3843 2938 3834
3 3034 2938 3843
3 3835 2986 3833
3 3836 2986 3835
3 3848 2986 3836
3 3985 3837 3867
3 3850 3032 3838
3 3849 3032 3850
3 3838 3032 3841
3 3139 3031 3840
3 3139 3030 3031
3 3840 3031 3841
3 3842 2747 3840
3 3043 2747 3842
3 3842 3840 3841
3 3842 3841 3843
3 3841 3033 3843
3 2943 2938 3851
3 3851 2938 3402
3 3986 3851 3985
3 3851 3844 3985
3 3845 3036 3262
3 3846 3036 3845
3 3262 3041 3845
3 3847 3832 3846
3 3847 3845 3872
3 3846 3845 3847
3 3867 3837 3848
3 3848 3836 3867
3 3837 3143 3848
3 3239 3029 3035
3 3035 3029 3844
3 3850 3231 3849
3 3838 3036 3850
3 3261 3036 3838
3 3223 3035 3402
3 3260 3030 3852
3 3852 3137 3853
3 3853 3137 3854
3 3853 3260 3852
3 3853 2737 3259
3 3854 2737 3853
3 3858 3856 3857
3 3858 2970 3856
3 3858 3857 3864
3 3864 2746 3865
3 3857 2746 3864
3 3870 2746 3857
3 3987 3398 3859
3 3987 3059 3398
3 3140 3038 3144
3 3144 3039 3140
3 4111 3177 3860
3 3860 3169 3861
3 3177 3169 3860
3 3861 3040 3862
3 3862 3860 3861
3 3875 3860 3862
3 4111 3860 3875
3 3864 3397 3863
3 3863 3858 3864
3 3865 3397 3864
3 3397 3395 3863
3 3865 3396 3397
3 3871 3832 3847
3 3866 3847 3872
3 3871 3847 3866
3 3867 3836 3873
3 3873 3136 3867
3 3868 3854 3869
3 3134 2739 4019
3 3868 3856 4019
3 3856 2970 4019
3 3870 3857 3869
3 3869 3856 3868
3 3857 3856 3869
3 3866 3140 3871
3 3872 3040 3861
3 3872 3141 3866
3 3861 3141 3872
3 3836 3039 3873
3 3835 3039 3836
3 4117 3875 3876
3 4111 3875 4117
3 3875 3874 3876
3 4117 3876 4118
3 3862 3258 3874
3 3875 3862 3874
3 3834 2943 3877
3 3877 3043 3834
3 3890 3879 4262
3 3883 3880 4266
3 3880 2948 4262
3 3883 2948 3880
3 4757 4263 4746
3 4757 3888 4263
3 4756 4264 4888
3 4756 3122 4264
3 3882 3122 4746
3 4264 3122 3882
3 4751 4263 4267
3 4263 3123 4267
3 3891 2948 3883
3 3883 3123 3885
3 3884 2774 4000
3 4000 2774 4268
3 4812 1788 4104
3 3973 3885 3888
3 3891 3885 3970
3 3999 3879 3886
3 3886 3879 3890
3 3887 3124 3999
3 3972 3887 3999
3 4986 3888 4757
3 3881 2476 2785
3 3889 2931 4831
3 4785 3889 4831
3 3974 2948 3891
3 3890 2948 3974
3 3891 3883 3885
3 4928 3892 4949
3 4949 3892 4981
3 4985 2696 3893
3 4983 3894 4950
3 4983 3893 3894
3 3894 3045 4950
3 4950 3045 3895
3 3898 3896 4933
3 4952 3896 3898
3 3896 3895 4935
3 3900 3895 3896
3 4933 3896 4935
3 4940 3257 4954
3 4940 3897 4953
3 4954 3897 4940
3 4933 2999 3897
3 4952 3263 3899
3 3899 3263 4033
3 3899 3051 4951
3 3900 3899 4951
3 4951 4107 4950
3 4951 3051 4107
3 4108 2793 4949
3 4949 2793 3901
3 3902 3901 4883
3 4124 3901 3902
3 4127 3902 4128
3 4128 3902 3903
3 3904 3240 3912
3 3410 3251 3905
3 3414 3191 3227
3 3227 3191 3413
3 3415 3195 3906
3 3906 3414 3415
3 3916 3228 3907
3 3908 3406 3907
3 3907 3408 3908
3 3908 3408 3909
3 3905 3251 3909
3 3909 3409 3905
3 3910 3189 3411
3 3910 3184 3189
3 3911 3410 3910
3 3911 3215 3410
3 3912 3215 3911
3 3911 3904 3912
3 3911 3412 3904
3 3913 3240 3904
3 3904 3183 3913
3 3913 3182 3240
3 3914 3191 3906
3 3906 3191 3414
3 3916 3192 3915
3 3415 3192 3916
3 3915 3228 3916
3 3192 3181 3915
3 3920 3917 3937
3 3917 3234 3937
3 3238 3188 3918
3 3924 3919 3932
3 3919 3185 3932
3 3188 3185 3919
3 3926 3917 3920
3 3921 3234 3925
3 3224 3212 3923
3 3923 3212 3921
3 3411 3189 3922
3 3915 3245 3923
3 3923 3228 3915
3 3924 3267 3919
3 3212 3190 3921
3 3234 3184 3925
3 3930 3238 3926
3 3915 3181 3245
3 3927 3181 3267
3 3927 3267 3924
3 3179 3178 3928
3 3214 3179 3929
3 3929 3928 3945
3 3929 3179 3928
3 3226 3186 3424
3 3932 3186 3226
3 3930 3214 3235
3 3214 3180 3235
3 3934 3931 3939
3 3932 3185 3235
3 3235 3186 3932
3 3190 3187 3937
3 3936 3213 3438
3 3933 3213 3936
3 3934 3224 3931
3 3920 3214 3930
3 3935 3226 3424
3 3936 3187 3933
3 3944 3233 3936
3 3187 3178 3937
3 3934 3213 3933
3 3186 3180 3434
3 3235 3180 3186
3 3927 3226 3939
3 3924 3226 3927
3 3931 3927 3939
3 3940 3417 3953
3 3432 3417 3940
3 3434 3180 3423
3 3434 3423 3941
3 3942 3425 3427
3 3425 3420 3943
3 3427 3425 3943
3 3430 3426 3433
3 3433 3429 3430
3 3936 3438 3944
3 3950 3429 3944
3 3945 3928 3946
3 3946 3432 3945
3 3928 3233 3946
3 3942 3941 3949
3 3436 3246 3947
3 3947 3435 3436
3 3948 3421 3430
3 3436 3435 3948
3 3435 3421 3948
3 3949 3940 3953
3 3941 3423 3940
3 3948 3430 3950
3 3955 3435 3943
3 3943 3435 3947
3 3952 3418 3951
3 3505 3418 3952
3 3952 3504 3505
3 3951 3431 3952
3 3953 3417 3951
3 3951 3418 3953
3 3953 3418 3954
3 3954 3949 3953
3 3954 3428 3949
3 3960 3428 3954
3 3959 3507 3541
3 3959 3419 3507
3 3955 3421 3435
3 3962 3421 3955
3 3962 3955 3963
3 3956 3437 3542
3 3962 3956 3957
3 3430 3421 3957
3 3959 3541 3963
3 3963 3420 3959
3 3431 3422 3958
3 3428 3419 3959
3 3511 3419 3960
3 3426 3417 3433
3 3431 3417 3426
3 3958 3422 3961
3 2939 2728 3964
3 2728 2693 3964
3 4078 2716 2728
3 4893 2716 4078
3 4892 2982 3965
3 2984 2755 3968
3 3968 2979 2984
3 2984 2979 2980
3 2984 2980 3966
3 3966 2981 3967
3 3968 2755 3964
3 3964 2693 3968
3 4889 3965 4697
3 4890 3314 3969
3 4892 3979 4051
3 3970 3885 3973
3 3973 2694 3970
3 3886 2748 3999
3 3971 2748 3886
3 3973 3888 4986
3 4986 2792 3973
3 2792 2694 3973
3 3975 3890 3974
3 3975 3886 3890
3 3975 2949 3971
3 3971 3886 3975
3 3976 3891 3970
3 3974 3891 3976
3 3970 2695 3976
3 3975 3974 3976
3 3976 3058 3975
3 4955 2922 3977
3 3977 2792 4986
3 4955 3977 4986
3 4921 2705 3002
3 3978 3889 4785
3 4785 2942 3978
3 4050 2932 4889
3 4077 3980 3981
3 4032 3313 3980
3 4976 3981 4825
3 4077 3981 4976
3 4942 3982 4076
3 3365 3323 3983
3 3983 3323 3371
3 4829 3062 3983
3 4054 3062 4829
3 3984 3062 4054
3 4054 3136 3984
3 3867 3136 4053
3 3985 3867 4053
3 3986 3985 4053
3 4008 3986 4835
3 4008 2943 3986
3 3988 3059 4830
3 4830 3401 3988
3 3989 3401 4827
3 3991 2718 3989
3 3335 2719 3990
3 2719 2718 3990
3 3992 3335 3990
3 3992 3990 4828
3 3990 2718 3991
3 4826 3994 3995
3 3995 3992 4826
3 4826 3368 3994
3 4927 3992 3995
3 4972 3996 4027
3 4801 3996 4972
3 4045 3996 4801
3 3998 2721 3997
3 3998 2720 2721
3 3972 2748 3998
3 2748 2720 3998
3 3999 2748 3972
3 3879 3124 4000
3 3999 3124 3879
3 4262 3879 4000
3 4262 4000 4268
3 4001 2749 4268
3 4832 4259 4853
3 4147 4103 4256
3 4002 2761 4006
3 4257 2750 4259
3 2946 2750 4257
3 4003 2761 4002
3 4891 4704 4721
3 4891 2926 4704
3 4988 4004 4993
3 4988 2764 4004
3 4259 2750 4853
3 4740 4003 4005
3 4004 2764 2926
3 4004 2926 4891
3 4006 2946 4257
3 4853 4007 4256
3 4835 3987 4008
3 3987 3859 4008
3 4009 3317 4064
3 4059 3317 4047
3 4060 4010 4048
3 4975 4065 4958
3 4011 3374 4061
3 4061 3324 3373
3 4061 3373 4066
3 4062 4012 4837
3 4975 4099 4929
3 4960 3898 4015
3 4952 3898 4960
3 4015 3898 4954
3 4954 3257 4015
3 3898 3897 4954
3 4933 3897 3898
3 4015 3257 4016
3 4962 4016 4018
3 4016 3257 4017
3 4017 3135 4018
3 4018 4016 4017
3 3855 3135 4020
3 4018 3135 3855
3 3135 3048 4020
3 4021 3855 4020
3 4022 4021 4023
3 4969 4021 4022
3 4021 4020 4023
3 4969 4022 4024
3 4022 2726 4024
3 4970 4024 4971
3 4024 2726 4971
3 4971 2726 2956
3 4971 2956 4025
3 4971 4026 4970
3 4971 4025 4026
3 4026 2731 4027
3 4025 2731 4026
3 4027 2731 4028
3 4957 4028 4926
3 4028 2731 4926
3 4979 4028 4957
3 4029 4028 4979
3 4065 4030 4958
3 4065 3061 4030
3 4974 4065 4975
3 4048 4010 4031
3 4031 4010 4974
3 4100 4031 4783
3 4783 4031 4834
3 4032 3969 3979
3 3980 3969 4032
3 4051 3969 4052
3 3269 2923 4033
3 4033 3253 3269
3 4034 3253 4033
3 4035 3253 4034
3 4034 3050 4035
3 4035 3050 4036
3 3050 3049 4036
3 4038 3055 4037
3 4036 3049 4037
3 2701 2700 4038
3 4037 2701 4038
3 3049 2701 4037
3 4038 2700 4039
3 4041 3056 4038
3 4041 4038 4039
3 4041 2723 4042
3 4039 2723 4041
3 4042 4040 4044
3 4042 2723 4040
3 4040 2952 4044
3 4043 2952 4040
3 4045 2721 2952
3 4043 2733 2952
3 2952 2733 4045
3 4801 3997 4045
3 3997 2721 4045
3 4833 3997 4046
3 4046 3997 4801
3 4047 3318 4060
3 4833 3318 4047
3 4059 4047 4060
3 4059 4048 4063
3 4049 2775 4100
3 4783 4049 4100
3 4834 4032 4783
3 4050 2775 4049
3 2932 2722 4892
3 4051 2982 4892
3 4080 4051 4052
3 4080 2982 4051
3 4836 4057 4835
3 4053 3136 4836
3 4830 3987 4057
3 4830 3059 3987
3 4837 4012 4055
3 4066 3373 4056
3 4056 2736 4058
3 4067 2736 4057
3 4054 3003 4836
3 4067 4057 4836
3 4067 3003 4058
3 4064 3317 4059
3 4064 4059 4063
3 4060 3061 4010
3 3318 3061 4060
3 4958 3374 4011
3 4062 4011 4061
3 4062 4061 4066
3 4058 4012 4066
3 4066 4012 4062
3 4975 4011 4099
3 4063 4048 4100
3 4064 4063 4101
3 4060 4048 4059
3 4066 4056 4058
3 4058 2736 4067
3 4836 3003 4067
3 4073 3357 4068
3 4069 3357 4073
3 4070 2698 4069
3 3316 2698 4070
3 4071 3316 4070
3 4076 3316 4071
3 4072 3323 4076
3 4076 3982 4072
3 4072 3372 4837
3 4073 4068 4948
3 4073 3375 4074
3 4074 4069 4073
3 4075 4070 4074
3 4070 4069 4074
3 4074 3356 4075
3 4071 4070 4075
3 4071 3370 4942
3 4075 3370 4071
3 4076 4071 4942
3 4944 2740 4976
3 4976 2740 4077
3 4078 3314 4890
3 4893 4078 4890
3 4052 3314 4079
3 4079 3314 4078
3 4079 2751 4052
3 4052 2751 4080
3 4080 2756 2982
3 3249 3198 3266
3 3199 3197 3201
3 3229 3203 3266
3 4084 3221 3400
3 3221 3202 3400
3 3217 3199 3218
3 4085 4083 4088
3 3400 3202 4087
3 4086 3400 4087
3 3249 3241 4093
3 3241 3219 4093
3 3219 3218 4093
3 4082 3196 3225
3 3225 3196 3266
3 4089 3400 4086
3 4084 3400 4089
3 4098 3194 4084
3 3252 3232 4090
3 4090 3216 3252
3 4095 3198 4097
3 4097 3182 4095
3 4091 3218 4094
3 3201 3193 4092
3 4098 4084 4089
3 4096 3200 4082
3 4093 3218 4091
3 3232 3201 4083
3 4094 3199 4092
3 4082 3225 4096
3 4096 3225 4095
3 4085 3232 4083
3 4090 3232 4085
3 4098 3216 4090
3 4086 3200 4089
3 4089 3200 3248
3 4837 3372 4062
3 4062 3372 4011
3 4011 3372 4099
3 4834 4031 4974
3 4048 4031 4100
3 4100 2775 4063
3 4063 2775 4101
3 4102 1603 1763
3 2931 1603 4102
3 4987 2465 4147
3 4102 1788 4812
3 4812 2931 4102
3 1788 1605 4104
3 4104 1605 4987
3 3889 1603 2931
3 4105 3889 3978
3 4106 4009 4064
3 4106 4064 4101
3 4101 4013 4106
3 4013 1607 4106
3 4107 3054 4977
3 4977 2714 2793
3 4112 4109 4116
3 4110 4109 4112
3 4113 4112 4941
3 4112 2734 4110
3 4113 2734 4112
3 4116 4109 4111
3 4118 4116 4117
3 4116 4111 4117
3 4941 4112 4116
3 4113 3329 3330
3 3385 3330 3363
3 4113 3330 3385
3 4113 3385 4114
3 4941 3329 4113
3 4115 3329 4941
3 4116 4115 4941
3 4118 4115 4116
3 4118 2739 3133
3 4115 3133 3327
3 4118 3133 4115
3 4115 3327 3329
3 4285 2532 4277
3 1619 65 4122
3 1784 105 4120
3 4121 1619 2509
3 4277 2573 4284
3 4284 2573 4122
3 4288 3967 4125
3 4288 2985 3967
3 4992 3902 4127
3 4124 3902 4992
3 4123 2985 4288
3 2978 1626 2713
3 4991 4124 4992
3 2713 1626 1786
3 4128 3903 4129
3 2981 2713 4125
3 4129 1629 4128
3 3001 1629 4129
3 4130 2945 4770
3 4767 4130 4770
3 4778 4130 4767
3 4246 3063 4131
3 4246 4131 4247
3 4131 2752 4133
3 4132 4130 4778
3 4135 2773 4137
3 4133 2753 4269
3 4134 4133 4269
3 4247 4133 4134
3 4247 4131 4133
3 4135 4132 4838
3 4137 2759 4143
3 4138 2759 4137
3 4137 2773 4138
3 4139 4138 4897
3 4139 1638 3170
3 4897 1638 4139
3 4248 4135 4838
3 4141 4140 4142
3 4145 4140 4141
3 4142 4134 4839
3 4276 4141 4839
3 4854 4276 4839
3 4247 4134 4142
3 4143 2759 2766
3 4137 4132 4135
3 4143 4132 4137
3 4145 4144 4248
3 4145 2941 4144
3 4144 1645 4780
3 2941 1645 4144
3 4141 2760 4145
3 4276 4136 4141
3 4136 2760 4141
3 4256 4007 4147
3 4147 2774 4987
3 4747 2796 4148
3 4148 2780 4747
3 4149 2780 4148
3 4723 4150 4708
3 4708 4150 4168
3 4165 4151 4840
3 4840 2798 4165
3 4803 2804 4170
3 4153 2804 4164
3 4170 2804 4153
3 4153 2797 4170
3 4152 2797 4153
3 4162 2801 4154
3 4748 2801 4732
3 4154 2801 4748
3 4731 4155 4723
3 4749 4155 4731
3 4157 4156 4843
3 4178 2787 4156
3 4156 2788 4842
3 4178 4157 4158
3 4178 4156 4157
3 3150 2814 4159
3 4844 2806 4160
3 2813 2811 4161
3 4161 2811 3078
3 4162 2779 4176
3 4176 2807 4162
3 2807 2801 4162
3 2810 2808 4163
3 4177 2810 4163
3 4164 4152 4153
3 4167 4152 4164
3 2804 2781 4164
3 4164 2781 3012
3 4166 4151 4165
3 4165 2887 4168
3 4166 4165 4168
3 4164 3012 4167
3 4722 3014 4167
3 4722 4167 4706
3 4167 3012 4706
3 4168 3015 4166
3 4150 3015 4168
3 4841 3150 4169
3 4169 3150 4159
3 4159 3076 4169
3 4170 2797 4172
3 4803 4170 4171
3 4171 4170 4172
3 4173 2777 4179
3 4174 4173 4179
3 4845 3077 3121
3 4844 4173 4174
3 4175 2813 4161
3 4175 4161 4806
3 4176 2795 4160
3 4176 2779 2795
3 4160 2806 4176
3 3078 2811 4177
3 4179 2777 4178
3 4178 4158 4179
3 3121 2814 4845
3 2814 2805 4159
3 3121 2805 2814
3 4180 2894 4187
3 4199 2894 4180
3 4188 2859 4180
3 4226 4192 4197
3 4192 4181 4197
3 4182 2861 4183
3 4183 2917 4182
3 4184 2862 3096
3 4184 3096 3097
3 4185 4184 4220
3 4184 3097 4220
3 4186 4185 4191
3 4186 2865 4184
3 4186 4184 4185
3 3024 2895 4187
3 4188 4180 4187
3 4187 2895 4188
3 4189 2895 3025
3 4189 3025 4190
3 4224 4189 4190
3 4190 4186 4191
3 4224 4190 4191
3 4190 3092 4186
3 4192 3094 4181
3 4227 4192 4226
3 4193 3094 3095
3 4194 2861 4846
3 4194 2860 2861
3 4196 4183 4195
3 3096 2862 4195
3 4195 2862 4196
3 4196 2917 4183
3 4181 2859 4197
3 4197 2859 4847
3 4198 2850 2863
3 4205 2863 4196
3 4198 2863 4205
3 3157 2894 4199
3 4203 2894 3157
3 4212 2856 4200
3 4200 2856 4821
3 4201 2847 4202
3 4202 2857 2918
3 4203 3023 4210
3 4203 2893 3022
3 4203 2855 2893
3 4700 2916 4204
3 4204 3023 4700
3 4206 2915 4204
3 4205 2864 4198
3 4198 2864 2915
3 4198 2915 4206
3 4201 2918 4207
3 4202 2918 4201
3 2918 2850 4207
3 4808 4208 4848
3 4208 2858 4848
3 4202 2858 4208
3 4208 2857 4202
3 4212 2919 4209
3 4211 3023 4204
3 4210 3023 4211
3 4211 3024 4210
3 4200 2920 4212
3 4193 2920 4200
3 4849 2855 3157
3 4849 2843 2855
3 4213 2872 3099
3 4213 3098 4214
3 4823 4215 4221
3 4231 3100 4216
3 4230 4217 4218
3 4218 2869 4230
3 4809 2869 4218
3 4219 4185 4220
3 4229 4219 4220
3 4220 3097 4229
3 4229 3103 4219
3 4221 3026 4823
3 3026 2897 4823
3 3099 3027 4222
3 3027 2896 4222
3 4223 2896 2897
3 4222 2896 4223
3 4225 2854 3098
3 4191 2854 4225
3 4224 4191 4225
3 4225 3098 4223
3 4226 2867 4227
3 3102 2867 4850
3 4227 2867 3102
3 2878 2868 4228
3 4228 2869 4809
3 4229 3097 4217
3 4229 4217 4230
3 4230 3103 4229
3 4231 4216 4851
3 4216 3158 4851
3 4233 3116 4232
3 4232 3116 4242
3 3116 3113 4242
3 4233 4232 4759
3 4759 3149 4233
3 4810 1787 3165
3 4766 3165 4287
3 4287 4234 4766
3 4235 3073 4240
3 4239 3063 4236
3 4236 3063 4246
3 4768 4237 4238
3 4238 3068 4769
3 4243 3068 3069
3 3068 2770 3069
3 4238 2770 3068
3 4239 4236 4771
3 4760 4239 4771
3 4750 4235 4240
3 4750 4240 4761
3 4242 4241 4758
3 4241 2899 4758
3 4241 3114 4781
3 4242 3114 4241
3 4774 2933 3125
3 4876 3125 4813
3 4244 2900 4243
3 4289 1787 4764
3 4767 4236 4246
3 4763 4246 4247
3 4247 4142 4763
3 4248 4140 4145
3 4248 4144 4249
3 4779 4249 4780
3 4249 4144 4780
3 4255 4250 4251
3 4250 2959 4251
3 2960 2959 4250
3 4255 4252 4894
3 4255 1756 4252
3 3008 2965 4253
3 2965 2766 4253
3 3111 3008 4253
3 4254 3008 3111
3 4895 1756 4255
3 4994 4136 4146
3 4853 4256 4832
3 4271 3301 4003
3 4003 4002 4271
3 4721 4258 4891
3 4273 4258 4721
3 4274 2471 4993
3 4993 4004 4274
3 4274 4004 4260
3 4854 4259 4832
3 4005 3301 4272
3 4003 3301 4005
3 4260 4004 4891
3 4006 3300 4002
3 4257 3300 4006
3 4272 4261 4725
3 4268 3880 4262
3 4104 3884 4812
3 4746 4263 4751
3 3881 3878 4996
3 4266 3123 3883
3 4267 3123 4266
3 4996 3878 4265
3 4265 3878 4896
3 3880 2749 4266
3 4264 3882 4727
3 4267 2709 4751
3 3884 3124 4812
3 3299 2760 4136
3 4998 2760 3299
3 4269 4259 4854
3 4269 3300 4257
3 4269 4257 4259
3 4269 2753 3300
3 4271 2753 4270
3 3300 2753 4271
3 3302 3301 4270
3 4270 3301 4271
3 4272 3301 3302
3 4272 3302 4752
3 4260 4258 4726
3 4274 3304 4275
3 4275 1773 4274
3 4839 4134 4854
3 4832 4146 4276
3 4146 4136 4276
3 2579 105 4126
3 4277 1776 4285
3 4278 1777 4286
3 4279 99 2581
3 2540 64 1778
3 4280 2585 2624
3 2561 1779 2564
3 2564 1779 2609
3 4281 103 2518
3 1782 1781 4282
3 4283 1782 4282
3 2576 1782 4283
3 4284 1776 4277
3 2520 1783 2598
3 2542 1783 2520
3 4285 1784 4120
3 4285 1618 1784
3 4287 520 4234
3 3165 1736 4287
3 4125 1785 4288
3 4288 1625 4123
3 1787 1736 3165
3 2713 1786 4125
3 4303 4290 4855
3 4855 4290 4291
3 4855 4291 4319
3 4475 4292 4466
3 4468 4293 4860
3 4857 4293 4308
3 4301 4293 4468
3 4294 2876 2877
3 4860 4294 4468
3 4311 4295 4469
3 4469 4295 4471
3 4471 4296 4469
3 4297 4295 4315
3 4471 4295 4297
3 4299 4298 4472
3 4479 4297 4494
3 4299 4297 4479
3 4479 4298 4299
3 4291 4290 4300
3 4481 4291 4462
3 4462 4291 4300
3 4302 4293 4301
3 4317 4293 4302
3 4855 4307 4467
3 4319 4307 4855
3 4466 4303 4467
3 4320 4304 4316
3 4319 4291 4304
3 4859 4306 4858
3 4683 4306 4859
3 4858 4305 4307
3 4306 4305 4858
3 4307 4305 4317
3 4317 4302 4307
3 4856 4308 4318
3 4308 4293 4317
3 4318 4308 4317
3 4856 4309 4487
3 4318 4309 4856
3 4312 4310 4486
3 4857 4310 4311
3 4311 4310 4312
3 4313 4312 4484
3 4313 4311 4312
3 4313 4295 4311
3 4492 4314 4694
3 4314 4313 4484
3 4315 4313 4314
3 4315 4295 4313
3 4489 4316 4481
3 4316 4291 4481
3 4304 4291 4316
3 4309 4305 4306
3 4318 4305 4309
3 4309 4306 4684
3 4317 4305 4318
3 4858 4304 4859
3 4319 4304 4858
3 4859 4304 4320
3 4448 4380 4413
3 4438 4321 4357
3 4436 4321 4438
3 4367 4322 4374
3 4410 4323 4409
3 4416 4324 4325
3 4325 4324 4441
3 4416 4325 4356
3 4356 4325 4332
3 4356 4332 4357
3 4417 4326 4328
3 4417 4328 4437
3 4329 4326 4327
3 4328 4326 4329
3 4363 4329 4439
3 4363 4328 4329
3 4439 4329 4420
3 4329 4327 4420
3 4331 4330 4418
3 4332 4331 4419
3 4332 4325 4331
3 4331 4325 4441
3 4419 4331 4418
3 4365 4332 4419
3 4357 4332 4365
3 4445 4385 4443
3 4385 4335 4443
3 4385 4334 4335
3 4385 4333 4334
3 4423 4335 4424
3 4443 4335 4423
3 4335 4334 4446
3 4338 4336 4425
3 4378 4336 4338
3 4424 4337 4425
3 4373 4337 4424
3 4425 4337 4338
3 4369 4338 4422
3 4378 4338 4369
3 4422 4338 4421
3 4338 4337 4421
3 4427 4339 4344
3 4427 4344 4449
3 4344 4339 4381
3 4342 4341 4426
3 4384 4342 4426
3 4387 4342 4384
3 4451 4342 4387
3 4343 4342 4451
3 4389 4342 4343
3 4388 4342 4389
3 4388 4341 4342
3 4392 4381 4452
3 4392 4344 4381
3 4429 4344 4392
3 4390 4344 4429
3 4398 4345 4393
3 4434 4345 4398
3 4393 4345 4430
3 4397 4393 4430
3 4393 4347 4398
3 4348 4347 4393
3 4400 4351 4457
3 4400 4349 4351
3 4351 4346 4431
3 4431 4350 4351
3 4349 4346 4351
3 4458 4352 4433
3 4353 4352 4458
3 4433 4352 4459
3 4455 4352 4353
3 4461 4435 4460
3 4461 4354 4412
3 4460 4354 4461
3 4412 4354 4411
3 4357 4321 4356
3 4358 4324 4361
3 4441 4324 4358
3 4441 4358 4376
3 4359 4358 4361
3 4327 4326 4360
3 4414 4327 4360
3 4414 4360 4436
3 4437 4361 4417
3 4437 4359 4361
3 4362 4327 4414
3 4420 4327 4362
3 4366 4363 4439
3 4652 4363 4366
3 4364 4363 4652
3 4364 4328 4363
3 4438 4357 4365
3 4447 4366 4439
3 4439 4330 4447
3 4367 4334 4442
3 4446 4334 4367
3 4369 4368 4450
3 4445 4368 4369
3 4423 4372 4443
3 4371 4370 4677
3 4372 4370 4443
3 4677 4372 4376
3 4677 4370 4372
3 4377 4337 4373
3 4377 4373 4374
3 4374 4322 4377
3 4375 4372 4423
3 4375 4336 4447
3 4376 4372 4440
3 4440 4372 4375
3 4440 4375 4447
3 4421 4337 4377
3 4377 4322 4421
3 4378 4369 4450
3 4656 4379 4450
3 4379 4366 4378
3 4652 4366 4379
3 4379 4378 4450
3 4449 4344 4380
3 4380 4344 4390
3 4381 4339 4386
3 4386 4371 4383
3 4383 4381 4386
3 4453 4381 4383
3 4453 4382 4402
3 4383 4382 4453
3 4387 4384 4448
3 4368 4340 4341
3 4444 4340 4368
3 4444 4371 4386
3 4386 4340 4444
3 4451 4387 4413
3 4450 4388 4656
3 4391 4389 4428
3 4656 4391 4403
3 4391 4388 4389
3 4656 4388 4391
3 4403 4350 4404
3 4391 4350 4403
3 4413 4380 4390
3 4457 4350 4428
3 4428 4350 4391
3 4428 4392 4452
3 4457 4428 4452
3 4396 4394 4431
3 4461 4394 4396
3 4412 4394 4461
3 4395 4394 4412
3 4435 4396 4434
3 4461 4396 4435
3 4396 4345 4434
3 4397 4348 4393
3 4432 4348 4397
3 4398 4347 4402
3 4455 4399 4408
3 4454 4399 4455
3 4402 4399 4454
3 4673 4399 4402
3 4454 4398 4402
3 4401 4349 4456
3 4456 4349 4400
3 4401 4346 4349
3 4404 4350 4431
3 4404 4394 4395
3 4431 4394 4404
3 4415 4353 4458
3 4407 4355 4433
3 4664 4355 4407
3 4459 4352 4408
3 4667 4459 4669
3 4459 4408 4669
3 4409 4354 4460
3 4410 4409 4460
3 4408 4352 4455
3 4354 4323 4411
3 4409 4323 4354
3 4412 4355 4406
3 4411 4355 4412
3 4413 4387 4448
3 4438 4414 4436
3 4446 4367 4374
3 4456 4397 4401
3 4432 4397 4456
3 4360 4326 4416
3 4416 4326 4417
3 4417 4324 4416
3 4361 4324 4417
3 4418 4362 4419
3 4420 4362 4418
3 4420 4330 4439
3 4418 4330 4420
3 4334 4333 4442
3 4422 4385 4445
3 4422 4333 4385
3 4421 4333 4422
3 4445 4369 4422
3 4446 4373 4424
3 4424 4335 4446
3 4425 4375 4423
3 4425 4423 4424
3 4425 4336 4375
3 4449 4426 4427
3 4449 4384 4426
3 4426 4340 4427
3 4341 4340 4426
3 4340 4339 4427
3 4386 4339 4340
3 4392 4343 4429
3 4428 4343 4392
3 4389 4343 4428
3 4451 4390 4429
3 4429 4343 4451
3 4430 4396 4431
3 4430 4345 4396
3 4430 4346 4397
3 4431 4346 4430
3 4400 4348 4432
3 4457 4348 4400
3 4457 4347 4348
3 4433 4355 4411
3 4433 4411 4458
3 4435 4353 4415
3 4455 4353 4435
3 4356 4321 4436
3 4416 4356 4360
3 4360 4356 4436
3 4437 4364 4681
3 4437 4328 4364
3 4438 4362 4414
3 4365 4362 4438
3 4419 4362 4365
3 4447 4330 4440
3 4440 4330 4331
3 4440 4331 4441
3 4441 4376 4440
3 4442 4322 4367
3 4442 4333 4421
3 4421 4322 4442
3 4444 4368 4445
3 4444 4370 4371
3 4445 4370 4444
3 4443 4370 4445
3 4374 4373 4446
3 4378 4366 4447
3 4447 4336 4378
3 4449 4380 4448
3 4448 4384 4449
3 4450 4368 4388
3 4368 4341 4388
3 4413 4390 4451
3 4452 4381 4453
3 4452 4347 4457
3 4453 4347 4452
3 4402 4347 4453
3 4397 4346 4401
3 4435 4434 4454
3 4434 4398 4454
3 4455 4435 4454
3 4456 4400 4432
3 4351 4350 4457
3 4415 4323 4410
3 4458 4323 4415
3 4411 4323 4458
3 4667 4407 4459
3 4666 4407 4667
3 4459 4407 4433
3 4415 4410 4460
3 4435 4415 4460
3 4462 4300 4463
3 4480 4463 4477
3 4482 4464 4493
3 4493 4464 4478
3 4494 4478 4479
3 4493 4478 4494
3 4465 4290 4303
3 4474 4465 4476
3 4302 4301 4467
3 4467 4301 4466
3 4307 4302 4467
3 4468 4294 4475
3 4294 2877 4475
3 4857 4469 4860
3 4857 4311 4469
3 4469 4296 4860
3 4470 4296 4471
3 4471 4297 4299
3 4471 4299 4472
3 4472 2881 4470
3 4472 4470 4471
3 4300 4290 4473
3 4473 4290 4465
3 4473 4465 4474
3 4474 3028 4473
3 4475 4301 4468
3 4466 4301 4475
3 4475 2877 4292
3 2877 2875 4292
3 4476 4303 4466
3 4465 4303 4476
3 4463 4300 4473
3 4477 4463 4473
3 4473 3028 4477
3 4478 4462 4463
3 4464 4462 4478
3 4480 4298 4479
3 4479 4463 4480
3 4478 4463 4479
3 4481 4462 4464
3 4489 4481 4483
3 4481 4464 4483
3 4491 4482 4492
3 4483 4464 4482
3 4483 4482 4491
3 4490 4483 4491
3 4484 4312 4485
3 4693 4484 4485
3 4693 4485 4610
3 4862 4485 4486
3 4485 4312 4486
3 4487 4309 4684
3 4861 4487 4488
3 4861 4488 4686
3 4488 4487 4684
3 4686 4608 4861
3 4598 4489 4490
3 4489 4483 4490
3 4598 4490 4597
3 4595 4490 4491
3 4597 4490 4595
3 4695 4491 4492
3 4595 4491 4695
3 4690 4595 4695
3 4492 4482 4493
3 4493 4314 4492
3 4315 4314 4493
3 4494 4297 4315
3 4494 4315 4493
3 4680 4495 4497
3 4496 4495 4506
3 4675 4497 4498
3 4498 4495 4496
3 4497 4495 4498
3 4499 4498 4500
3 4675 4498 4499
3 4675 4499 4674
3 4501 4499 4500
3 4670 4499 4501
3 4674 4499 4670
3 4501 4500 4520
3 4671 4501 4502
3 4670 4501 4671
3 4502 4501 4520
3 4522 4502 4520
3 4668 4502 4503
3 4671 4502 4668
3 4503 4502 4522
3 4504 4503 4509
3 4668 4503 4504
3 4580 4509 4524
3 4509 4503 4524
3 4505 4495 4680
3 4506 4495 4505
3 4506 4505 4569
3 4507 4505 4649
3 4569 4505 4507
3 4569 4507 4508
3 4650 4507 4649
3 4508 4507 4650
3 4511 4508 4650
3 4510 4509 4580
3 4510 4504 4509
3 4665 4504 4510
3 4653 4511 4650
3 4654 4511 4653
3 4512 4511 4654
3 4614 4511 4512
3 4612 4511 4614
3 4663 4512 4659
3 4614 4512 4663
3 4659 4513 4663
3 4663 4514 4616
3 4663 4513 4514
3 4514 4513 4665
3 4514 4510 4515
3 4665 4510 4514
3 4500 4498 4516
3 4516 4496 4555
3 4498 4496 4516
3 4517 4516 4555
3 4519 4516 4518
3 4518 4516 4517
3 4519 4500 4516
3 4520 4500 4519
3 4520 4519 4521
3 4522 4521 4523
3 4522 4520 4521
3 4523 4521 4526
3 4524 4503 4522
3 4524 4523 4525
3 4524 4522 4523
3 4579 4524 4525
3 4579 4525 4528
3 4580 4524 4579
3 4527 4523 4526
3 4525 4523 4527
3 4537 4529 4558
3 4529 4527 4558
3 4527 4526 4558
3 4528 4525 4527
3 4528 4527 4530
3 4530 4527 4529
3 4583 4529 4531
3 4530 4529 4583
3 4583 4531 4582
3 4535 4531 4536
3 4582 4531 4535
3 4533 4532 4864
3 4584 4532 4533
3 4863 4533 4864
3 4536 4534 4535
3 4535 4534 4584
3 4534 4532 4584
3 4531 4529 4537
3 4538 4536 4537
3 4536 4531 4537
3 4689 4537 4558
3 4540 4534 4692
3 4692 4534 4536
3 4692 4536 4538
3 4539 4532 4540
3 4864 4532 4539
3 4870 4539 4540
3 4540 4532 4534
3 4863 4541 4867
3 4864 4541 4863
3 4545 4541 4864
3 4543 4541 4546
3 4588 4542 4543
3 4542 4541 4543
3 4867 4541 4542
3 4553 4543 4548
3 4588 4553 4590
3 4588 4543 4553
3 4545 4539 4544
3 4545 4544 4547
3 4546 4541 4545
3 4547 4544 4606
3 4546 4545 4547
3 4551 4548 4549
3 4548 4543 4546
3 4551 4549 4602
3 4548 4546 4549
3 4549 4546 4547
3 4549 4547 4606
3 4554 4550 4552
3 4553 4548 4550
3 4550 4548 4551
3 4866 4551 4869
3 4866 4550 4551
3 4591 4553 4554
3 4590 4553 4591
3 4591 4554 4593
3 4553 4550 4554
3 4556 4496 4506
3 4555 4496 4556
3 4565 4517 4555
3 4565 4555 4556
3 4557 4556 4569
3 4556 4506 4569
3 4566 4556 4557
3 4689 4558 4559
3 4558 4526 4559
3 4526 4521 4559
3 4559 4521 4560
3 4596 4559 4560
3 4521 4519 4560
3 4519 4518 4560
3 4518 4517 4561
3 4562 4518 4561
3 4560 4518 4562
3 4596 4560 4562
3 4566 4564 4565
3 4567 4564 4566
3 4577 4564 4567
3 4561 4517 4565
3 4564 4561 4565
3 4562 4561 4564
3 4563 4562 4564
3 4565 4556 4566
3 4566 4557 4570
3 4567 4566 4570
3 4577 4567 4568
3 4569 4508 4611
3 4611 4557 4569
3 4570 4557 4611
3 4571 4567 4570
3 4568 4567 4571
3 4632 4568 4571
3 4576 4568 4572
3 4575 4572 4865
3 4865 4572 4594
3 4593 4554 4573
3 4554 4552 4573
3 4865 4552 4574
3 4599 4575 4600
3 4575 4574 4600
3 4865 4574 4575
3 4576 4572 4575
3 4578 4576 4599
3 4576 4575 4599
3 4577 4568 4576
3 4577 4576 4578
3 4577 4563 4564
3 4578 4563 4577
3 4579 4528 4620
3 4618 4579 4620
3 4580 4579 4618
3 4618 4510 4580
3 4620 4528 4581
3 4581 4528 4530
3 4581 4530 4619
3 4583 4582 4627
3 4619 4530 4583
3 4619 4583 4627
3 4585 4584 4637
3 4585 4535 4584
3 4582 4535 4585
3 4637 4584 4638
3 4584 4533 4638
3 4638 4533 4586
3 4867 4586 4863
3 4587 4586 4867
3 4867 4542 4643
3 4589 4542 4588
3 4643 4542 4589
3 4589 4588 4590
3 4645 4590 4591
3 4592 4591 4593
3 4645 4591 4592
3 4646 4592 4593
3 4646 4593 4868
3 4593 4573 4868
3 4868 4594 4641
3 4572 4568 4632
3 4594 4572 4633
3 4633 4572 4632
3 4690 4559 4596
3 4596 4595 4690
3 4596 4562 4563
3 4596 4563 4597
3 4597 4595 4596
3 4597 4563 4578
3 4597 4578 4598
3 4598 4578 4599
3 4688 4599 4600
3 4688 4598 4599
3 4688 4600 4687
3 4687 4601 4874
3 4687 4600 4601
3 4600 4574 4601
3 4869 4551 4602
3 4603 4602 4605
3 4869 4602 4603
3 4682 4603 4605
3 4874 4603 4682
3 4869 4603 4874
3 4602 4549 4606
3 4604 4602 4606
3 4605 4604 4686
3 4605 4602 4604
3 4606 4544 4607
3 4607 4604 4606
3 4608 4604 4607
3 4686 4604 4608
3 4862 4608 4609
3 4607 4544 4609
3 4608 4607 4609
3 4870 4610 4862
3 4610 4540 4692
3 4870 4540 4610
3 4610 4485 4862
3 4611 4508 4612
3 4626 4570 4611
3 4626 4611 4612
3 4612 4508 4511
3 4613 4612 4614
3 4626 4612 4613
3 4616 4614 4663
3 4616 4613 4614
3 4615 4613 4616
3 4617 4615 4616
3 4616 4514 4515
3 4616 4515 4617
3 4515 4510 4618
3 4617 4515 4618
3 4620 4617 4618
3 4629 4581 4619
3 4621 4581 4629
3 4620 4581 4621
3 4621 4617 4620
3 4629 4622 4623
3 4623 4617 4621
3 4623 4621 4629
3 4623 4615 4617
3 4623 4622 4624
3 4625 4615 4623
3 4625 4613 4615
3 4625 4623 4624
3 4624 4571 4625
3 4626 4613 4625
3 4625 4571 4626
3 4571 4570 4626
3 4627 4582 4585
3 4628 4619 4627
3 4629 4619 4628
3 4628 4627 4630
3 4630 4627 4635
3 4628 4622 4629
3 4631 4622 4630
3 4630 4622 4628
3 4624 4622 4631
3 4632 4624 4631
3 4632 4571 4624
3 4632 4631 4633
3 4633 4631 4634
3 4641 4634 4640
3 4641 4633 4634
3 4640 4634 4636
3 4634 4630 4635
3 4631 4630 4634
3 4636 4634 4635
3 4636 4585 4637
3 4635 4585 4636
3 4627 4585 4635
3 4638 4586 4642
3 4639 4638 4642
3 4639 4637 4638
3 4639 4636 4637
3 4640 4636 4639
3 4647 4639 4642
3 4640 4639 4647
3 4872 4640 4647
3 4641 4640 4872
3 4641 4594 4633
3 4642 4586 4587
3 4871 4589 4644
3 4643 4589 4871
3 4644 4590 4645
3 4644 4589 4590
3 4645 4592 4648
3 4648 4592 4646
3 4648 4646 4872
3 4648 4647 4871
3 4871 4644 4648
3 4648 4644 4645
3 4681 4364 4649
3 4649 4505 4681
3 4650 4649 4651
3 4649 4364 4651
3 4653 4650 4651
3 4651 4364 4652
3 4655 4379 4656
3 4652 4379 4655
3 4653 4651 4652
3 4653 4652 4655
3 4654 4653 4655
3 4657 4654 4655
3 4657 4655 4656
3 4657 4403 4658
3 4656 4403 4657
3 4658 4654 4657
3 4405 4403 4404
3 4658 4403 4405
3 4658 4512 4654
3 4659 4512 4658
3 4659 4658 4660
3 4658 4405 4660
3 4660 4405 4662
3 4405 4395 4662
3 4404 4395 4405
3 4662 4395 4412
3 4412 4406 4662
3 4661 4513 4659
3 4661 4659 4660
3 4661 4660 4662
3 4662 4406 4661
3 4661 4406 4664
3 4406 4355 4664
3 4664 4513 4661
3 4665 4513 4664
3 4665 4664 4666
3 4664 4407 4666
3 4666 4504 4665
3 4668 4504 4666
3 4668 4666 4667
3 4668 4667 4671
3 4671 4667 4669
3 4672 4670 4671
3 4671 4669 4672
3 4669 4408 4672
3 4672 4399 4673
3 4408 4399 4672
3 4673 4670 4672
3 4674 4670 4673
3 4673 4382 4674
3 4402 4382 4673
3 4676 4382 4383
3 4674 4382 4676
3 4675 4674 4676
3 4383 4371 4676
3 4678 4497 4675
3 4679 4497 4678
3 4678 4675 4676
3 4678 4676 4677
3 4678 4376 4679
3 4677 4376 4678
3 4676 4371 4677
3 4679 4358 4359
3 4376 4358 4679
3 4679 4359 4680
3 4680 4497 4679
3 4681 4359 4437
3 4680 4359 4681
3 4681 4505 4680
3 4873 4682 4683
3 4683 4682 4685
3 4684 4683 4685
3 4684 4306 4683
3 4682 4605 4685
3 4685 4488 4684
3 4685 4605 4686
3 4686 4488 4685
3 4687 4316 4688
3 4320 4316 4687
3 4873 4320 4687
3 4873 4687 4874
3 4688 4489 4598
3 4688 4316 4489
3 4691 4538 4689
3 4538 4537 4689
3 4689 4559 4690
3 4691 4690 4695
3 4691 4689 4690
3 4693 4610 4692
3 4692 4538 4693
3 4693 4538 4691
3 4693 4691 4694
3 4694 4484 4693
3 4694 4314 4484
3 4695 4492 4694
3 4694 4691 4695
3 2604 2188 4081
3 2757 2604 4081
3 4754 4698 4699
3 4699 4698 4737
3 4699 2916 4700
3 4754 4699 4700
3 2852 2851 2916
3 4701 2852 2916
3 4701 2916 4699
3 4702 4699 4737
3 4701 4699 4702
3 4703 2998 4718
3 4703 2784 2998
3 4704 2715 4725
3 4719 3174 4705
3 3174 2769 4706
3 4706 2769 4149
3 4706 3013 3174
3 4707 2783 4714
3 4717 2783 4707
3 4708 2796 4723
3 4708 3014 4722
3 4722 4148 4708
3 4148 2796 4708
3 4739 4709 4710
3 4709 2824 4710
3 4709 2837 2838
3 2838 2824 4709
3 2838 2823 2824
3 4711 2823 2838
3 4716 3082 4712
3 4716 4712 4741
3 4733 3080 4713
3 3080 2921 4713
3 4714 3303 4728
3 4715 2921 3080
3 3016 2921 4715
3 4739 4710 4716
3 4710 3082 4716
3 3114 2783 4717
3 4724 3129 4719
3 4719 3128 4724
3 4719 3129 4729
3 4720 2927 4726
3 4721 4704 4725
3 4149 4148 4722
3 4706 4149 4722
3 4723 4155 4713
3 4713 4150 4723
3 4782 4724 4781
3 4781 4724 4772
3 4724 3128 4772
3 4725 4261 4721
3 4721 4261 4273
3 4888 4264 4718
3 4888 4718 4896
3 4720 4258 4273
3 4726 4258 4720
3 4727 3074 4740
3 4728 4707 4714
3 2800 2768 4730
3 4729 2768 2800
3 3129 2768 4729
3 4154 2778 4162
3 4730 2778 4154
3 4749 4731 4732
3 4732 4731 4747
3 4155 2809 4733
3 4713 4155 4733
3 4734 2829 2902
3 3084 2825 3117
3 2902 2829 3084
3 3117 2902 3084
3 4735 2820 4736
3 2993 2820 4735
3 4736 2836 4735
3 4738 2836 4736
3 4737 2837 4738
3 4738 4702 4737
3 4734 2836 4739
3 4739 4716 4734
3 4005 3064 4740
3 4733 3084 4741
3 4733 2809 3084
3 3084 2829 4741
3 4741 3080 4733
3 4781 4742 4782
3 4742 3112 4782
3 4746 3122 4757
3 4744 2767 2768
3 4743 2767 4744
3 4745 2790 4235
3 4745 4235 4750
3 4728 3303 4752
3 4752 2765 4728
3 4751 3882 4746
3 4725 3064 4005
3 4748 4732 4747
3 4747 2780 4748
3 4163 2808 4749
3 4155 2808 2809
3 4749 2808 4155
3 4742 4717 4750
3 4761 4742 4750
3 4717 4707 4750
3 4725 4005 4272
3 4751 3074 3882
3 3882 3074 4727
3 4752 3303 4273
3 4273 4261 4752
3 4752 4261 4272
3 4753 2852 4701
3 4702 2842 4753
3 4753 4701 4702
3 4700 3022 4754
3 4711 4698 4754
3 4754 3021 4711
3 4755 3122 4756
3 4757 3122 4755
3 4758 4232 4242
3 4759 4232 4758
3 4759 2899 2900
3 4758 2899 4759
3 4759 2900 4244
3 4761 4240 4760
3 4240 4239 4760
3 4761 3112 4742
3 4761 2990 3112
3 4760 2990 4761
3 4778 4246 4763
3 4767 4246 4778
3 4778 4763 4838
3 4838 4140 4248
3 4764 1787 4810
3 4810 3165 4766
3 4766 4234 4773
3 4770 4236 4767
3 4852 4768 4875
3 4769 2934 4768
3 4768 4238 4769
3 4770 3131 4771
3 4771 4236 4770
3 3131 2991 4771
3 4772 3127 4241
3 3128 3127 4772
3 3127 2899 4241
3 4772 4241 4781
3 4234 2933 4773
3 4774 3125 4876
3 4773 2933 4774
3 4775 3068 4776
3 4769 3068 4775
3 4243 2900 4776
3 4776 3068 4243
3 3163 3146 3147
3 4777 3163 4762
3 4777 4245 4289
3 4762 4245 4777
3 4777 4289 4764
3 4249 2773 4135
3 4249 4135 4248
3 4779 2773 4249
3 4898 4779 4780
3 4781 4717 4742
3 4781 3114 4717
3 4782 3129 4724
3 3321 2717 4814
3 4783 2722 4049
3 4132 2937 4130
3 4786 2763 4784
3 4007 2774 4147
3 4798 2942 4785
3 2802 2763 4786
3 4173 2802 4786
3 4844 2802 4173
3 3088 2816 2817
3 2817 2816 2910
3 3088 2817 4788
3 2904 2832 4788
3 4788 2832 3088
3 4789 2841 2910
3 4790 2846 4794
3 4794 2847 4790
3 4789 2846 4790
3 2877 2876 4791
3 4791 2878 3101
3 4791 2876 2878
3 4795 4792 4796
3 2905 2832 4793
3 2858 2847 4794
3 4202 2847 2858
3 4795 2284 2928
3 4796 2930 4795
3 2930 2284 4795
3 4130 2937 4797
3 2937 2763 4797
3 4943 3981 4929
3 4798 3997 4833
3 3998 3997 4798
3 4800 3109 4799
3 4800 3005 3109
3 4802 3005 4800
3 4800 2803 4802
3 4973 4801 4972
3 4973 4046 4801
3 4829 3003 4054
3 4055 3003 4829
3 4802 2803 4803
3 4803 3072 4802
3 4171 3072 4803
3 4172 2797 4804
3 4804 2797 4805
3 4805 3076 4804
3 4840 3076 4805
3 4793 2904 4807
3 4807 3086 4793
3 3095 2861 4808
3 4808 4182 4208
3 4808 2861 4182
3 4218 3102 4809
3 4194 3102 4218
3 4811 2885 4765
3 4810 4766 4811
3 4774 3109 4773
3 4773 3109 4811
3 3109 3005 4811
3 4811 4766 4773
3 4812 3124 3887
3 4237 2901 4796
3 3994 3368 4814
3 3368 3321 4814
3 4841 2799 4815
3 3151 2963 4816
3 3151 2906 3152
3 4817 2834 3152
3 4817 3152 3153
3 4818 2822 3155
3 3153 2822 4818
3 4819 2911 3155
3 4820 2843 4849
3 4819 2912 4820
3 2912 2843 4820
3 4821 2856 3157
3 4199 4180 4822
3 4180 2859 4822
3 4823 3158 4215
3 4215 3158 4847
3 4851 3158 4823
3 3159 2875 4824
3 4476 2875 3159
3 4889 4013 4050
3 4889 1516 4013
3 4929 3313 4834
3 4956 4825 4980
3 4980 4825 4943
3 4826 3992 4828
3 4837 3371 4072
3 3991 3989 4827
3 4827 3401 4830
3 3991 3367 4828
3 4828 3993 4826
3 4828 3990 3991
3 4055 3371 4837
3 4072 3982 4980
3 4830 2736 4827
3 4812 3887 4831
3 4831 3972 4785
3 4831 3887 3972
3 4256 4146 4832
3 4853 4001 4007
3 4973 4029 4030
3 4030 3061 4973
3 4046 3318 4833
3 4049 2932 4050
3 4049 2722 2932
3 4057 3987 4835
3 4835 3986 4053
3 4835 4053 4836
3 4836 3136 4054
3 4143 2937 4132
3 4838 4132 4778
3 4839 4141 4142
3 4268 2774 4001
3 4840 4151 4841
3 4169 3076 4840
3 4841 4169 4840
3 4842 4171 4172
3 4842 3071 4171
3 4843 4172 4804
3 4842 4172 4843
3 4843 4156 4842
3 4806 2806 4844
3 4175 3077 4845
3 4787 4175 4845
3 4227 4194 4846
3 4846 2861 3095
3 4847 2859 4215
3 4848 2858 2919
3 3157 2856 4849
3 4849 2856 3090
3 4850 3101 4228
3 3101 2878 4228
3 4850 4228 4809
3 4851 2866 4231
3 4231 2866 2874
3 4852 2901 4237
3 4813 2901 4852
3 4142 4140 4763
3 4000 3124 3884
3 4832 4276 4854
3 4470 2876 4294
3 4470 4294 4296
3 4296 4294 4860
3 4467 4303 4855
3 4310 4308 4856
3 4486 4310 4856
3 4487 4486 4856
3 4857 4308 4310
3 4858 4307 4319
3 4860 4293 4857
3 4292 2875 4476
3 4466 4292 4476
3 4861 4486 4487
3 4861 4608 4862
3 4862 4486 4861
3 4586 4533 4863
3 4864 4539 4545
3 4544 4539 4609
3 4594 4573 4865
3 4573 4552 4865
3 4869 4601 4866
3 4552 4550 4866
3 4574 4552 4866
3 4601 4574 4866
3 4643 4587 4867
3 4868 4573 4594
3 4874 4601 4869
3 4862 4609 4870
3 4609 4539 4870
3 4871 4587 4643
3 4642 4587 4871
3 4868 4641 4872
3 4872 4646 4868
3 4647 4642 4871
3 4872 4647 4648
3 4859 4320 4873
3 4874 4682 4873
3 4873 4683 4859
3 4763 4140 4838
3 4852 4237 4768
3 4876 4852 4875
3 4876 4813 4852
3 4876 3108 4774
3 4883 2793 4922
3 4882 4877 4919
3 3322 3166 4878
3 2740 2716 4893
3 4888 3878 4880
3 4880 2705 4756
3 4880 4756 4888
3 4921 3002 4922
3 3304 2927 4881
3 3965 2932 4892
3 4882 2691 2706
3 4265 2998 3145
3 3145 2998 4879
3 4883 3002 3903
3 4922 3002 4883
3 4884 4250 4885
3 4885 3115 4884
3 4884 2960 4250
3 4885 4250 4894
3 4885 3065 3115
3 4887 2983 3166
3 4887 3312 4886
3 4886 2983 4887
3 4947 3380 4887
3 3380 3312 4887
3 3380 2706 3312
3 4882 2706 3380
3 4896 3878 4888
3 2785 2705 4880
3 3002 2705 2785
3 4981 2696 4985
3 4985 4108 4981
3 4890 3980 4077
3 4890 4077 4893
3 4890 3969 3980
3 4892 2722 3979
3 3979 3969 4051
3 4077 2740 4893
3 4977 2793 4108
3 4894 4250 4255
3 4255 4251 4895
3 4251 2962 4895
3 4895 2771 4995
3 2962 2771 4895
3 4891 4258 4260
3 4718 2998 4896
3 4896 2998 4265
3 4274 4260 4726
3 4726 3304 4274
3 4138 2773 4779
3 4897 4138 4779
3 4897 4779 4898
3 4998 1645 2941
3 4900 2546 2549
3 2549 2504 4900
3 2605 2554 4900
3 4901 2554 2605
3 2557 2554 4901
3 4901 2525 2557
3 2557 2525 4902
3 4902 2525 4903
3 4904 3284 4903
3 4904 3273 3283
3 4904 2530 3273
3 3273 2506 3270
3 3279 2642 4913
3 4909 4907 4912
3 4908 2689 4907
3 4909 4906 4910
3 4912 4906 4909
3 4908 2642 4911
3 4911 2689 4908
3 4908 4907 4909
3 4913 4908 4909
3 4913 2642 4908
3 4909 3282 4913
3 4910 3282 4909
3 4916 3293 4914
3 4914 2569 4916
3 4915 2658 3293
3 4917 2658 4915
3 3293 2652 4915
3 2671 2637 2650
3 2671 2650 4918
3 4918 2650 4917
3 4918 2644 2674
3 2674 2672 4918
3 4984 4877 4882
3 4982 2976 4920
3 4920 3894 4982
3 4921 3255 4938
3 4921 2711 3255
3 4922 2711 4921
3 4928 2712 3892
3 2714 2711 4922
3 4929 4099 4943
3 4925 2974 2975
3 4936 2974 4925
3 4925 2975 4924
3 4925 3046 4936
3 4925 2727 3046
3 4924 2727 4925
3 3335 2729 3336
3 4927 2729 3335
3 4927 3335 3992
3 3336 2729 4930
3 4978 2712 4928
3 3255 2711 3054
3 3054 2922 3255
3 4944 3322 4878
3 4931 3350 4930
3 4930 2729 4931
3 4924 3350 4931
3 4924 2975 3350
3 4947 4932 4945
3 4935 2707 2924
3 4935 2924 3000
3 4935 3000 4933
3 3000 2999 4933
3 4934 3045 4923
3 4934 2707 3045
3 3362 2707 4934
3 2924 2707 3362
3 4936 3046 4937
3 4937 2973 4936
3 3264 2973 4937
3 4979 4814 4939
3 3977 2922 3269
3 4937 3047 3264
3 3264 3047 3256
3 3265 3256 4940
3 3264 3256 3265
3 4942 3370 4956
3 3370 3315 4956
3 4943 3372 4980
3 4099 3372 4943
3 4939 3374 4958
3 4939 2717 3374
3 4932 3356 4945
3 4932 2940 3356
3 4946 3315 3370
3 3370 2940 4946
3 4947 3375 3381
3 4945 3375 4947
3 3381 3380 4947
3 4948 2692 2977
3 3381 3375 4948
3 4928 4124 4991
3 4949 4124 4928
3 4981 4108 4949
3 4985 3893 4983
3 4950 4107 4983
3 4951 3895 3900
3 4950 3895 4951
3 4952 3899 3900
3 3900 3896 4952
3 4953 3167 3265
3 4953 3265 4940
3 2999 2925 3168
3 4953 2999 3168
3 3897 2999 4953
3 4755 3255 4955
3 4938 3255 4755
3 4825 3315 4976
3 4956 3315 4825
3 4956 3982 4942
3 3995 3994 4957
3 4926 3995 4957
3 4927 3995 4926
3 4958 4011 4975
3 4975 4929 4974
3 4959 3263 4960
3 4960 3263 4952
3 4960 4014 4959
3 4015 4014 4960
3 4961 4014 4962
3 4963 4961 4962
3 4016 4014 4015
3 4962 4014 4016
3 4964 2699 4965
3 4963 4962 4965
3 4962 4018 4965
3 4964 3855 4966
3 4965 3855 4964
3 4018 3855 4965
3 4966 3855 4021
3 4967 4021 4969
3 4966 4021 4967
3 4968 2954 4967
3 4968 2953 2954
3 4968 4967 4969
3 4970 2732 2953
3 4968 4024 4970
3 4969 4024 4968
3 4970 2953 4968
3 3996 2732 4027
3 4026 2732 4970
3 4027 2732 4026
3 4972 4027 4028
3 4972 4028 4029
3 4972 4029 4973
3 4010 3061 4065
3 4974 4010 4065
3 4976 3315 4944
3 2978 2712 4978
3 4978 4928 4991
3 4978 2467 2978
3 4991 2469 4978
3 3981 3313 4929
3 4957 3994 4979
3 4979 3994 4814
3 4980 3982 4956
3 4939 4029 4979
3 4030 4029 4939
3 4981 3892 4919
3 4919 4877 4981
3 4982 2704 2977
3 3893 2704 4982
3 4985 4107 4977
3 4983 4107 4985
3 4984 2704 4877
3 2704 2696 4877
3 4977 4108 4985
3 4986 4755 4955
3 4757 4755 4986
3 4756 2705 4938
3 4126 57 4119
3 3278 2468 4990
3 4987 1605 2465
3 4147 2465 4103
3 2465 1604 4103
3 2996 2764 4988
3 4989 2995 4990
3 4990 2995 3278
3 2469 2467 4978
3 4992 2469 4991
3 4127 1627 4992
3 4994 3299 4136
3 4105 1603 3889
3 4009 1606 4105
3 4106 1606 4009
3 4103 2472 4994
3 4274 1773 2471
3 4995 2473 4895
3 2473 1756 4895
3 4996 2474 3881
3 4996 2995 4989
3 4989 2474 4996
3 4894 4252 4997
3 2941 2760 4998
3 2785 2476 3001
